country_code,gdp_data_level,gdp_domain,year,gdp
ABW,national,national,1986,17354.4211506779
ABW,national,national,1987,20407.620205072
ABW,national,national,1988,24143.1712840053
ABW,national,national,1989,26573.6479138613
ABW,national,national,1990,26609.3840748633
ABW,national,national,1991,27358.0217070709
ABW,national,national,1992,27662.2034052006
ABW,national,national,1993,27798.3553265013
ABW,national,national,1994,28563.2336087935
ABW,national,national,1995,28479.6452657341
ABW,national,national,1996,27701.0504117279
ABW,national,national,1997,28526.0975674511
ABW,national,national,1998,28387.1299566371
ABW,national,national,1999,28351.3719022982
ABW,national,national,2000,30199.6612772816
ABW,national,national,2001,31169.7969138989
ABW,national,national,2002,30662.3217145204
ABW,national,national,2003,30651.9457560917
ABW,national,national,2004,32192.7919471291
ABW,national,national,2005,31249.2780373413
ABW,national,national,2006,31038.8898666583
ABW,national,national,2007,31759.8232024833
ABW,national,national,2008,32097.0402243555
ABW,national,national,2009,28157.1489891095
ABW,national,national,2010,27324.5554259804
ABW,national,national,2011,28037.8697927378
ABW,national,national,2012,27341.2274279996
ABW,national,national,2013,28668.7204196265
ABW,national,national,2014,27914.8433440348
ABW,national,national,2015,27458.2253310273
ABW,national,national,2016,27719.5007310796
ABW,national,national,2017,29671.13582858
ABW,national,national,2018,30334.1159488227
ABW,national,national,2019,29576.8099423267
ABW,national,national,2020,21947.9953301189
ABW,national,national,2021,27469.0056215511
ABW,national,national,2022,29917.1280287045
ABW,national,national,2023,31178.473678762
ABW,national,national,2024,32924.116009437
ABW,national,national,2025,33671.0778088107
ABW,national,national,2026,34556.6660452773
ABW,national,national,2027,35427.2506470194
ABW,national,national,2028,36014.4532877871
ABW,national,national,2029,36520.3811583021
ABW,national,national,2030,37020.1065156684
AFG,national,national,1960,769.025736018814
AFG,national,national,1961,759.16643171088
AFG,national,national,1962,755.106718172319
AFG,national,national,1963,752.78688186457
AFG,national,national,1964,748.727168326009
AFG,national,national,1965,748.147209249072
AFG,national,national,1966,737.707945864201
AFG,national,national,1967,740.607741248888
AFG,national,national,1968,748.147209249072
AFG,national,national,1969,741.187700325825
AFG,national,national,1970,737.707945864201
AFG,national,national,1971,717.409378171397
AFG,national,national,1972,584.018790475826
AFG,national,national,1973,586.338626783575
AFG,national,national,1974,602.577480937818
AFG,national,national,1975,622.876048630623
AFG,national,national,1976,640.854780015678
AFG,national,national,1977,592.718176629885
AFG,national,national,1978,620.556212322874
AFG,national,national,1979,593.298135706822
AFG,national,national,1980,590.978299399073
AFG,national,national,1981,663.473184016231
AFG,national,national,1982,736.548027710327
AFG,national,national,1983,781.204876634496
AFG,national,national,1984,775.405285865123
AFG,national,national,1985,756.266636326194
AFG,national,national,1986,779.464999403684
AFG,national,national,1987,702.330442171028
AFG,national,national,1988,638.534943707929
AFG,national,national,1989,579.379117860328
AFG,national,national,1990,558.500591090586
AFG,national,national,1991,511.042794188328
AFG,national,national,1992,489.413168398089
AFG,national,national,1993,335.449921526228
AFG,national,national,1994,248.468711362859
AFG,national,national,1995,367.079527972407
AFG,national,national,1996,348.077092378271
AFG,national,national,1997,330.923558371793
AFG,national,national,1998,316.100171892783
AFG,national,national,1999,300.800337636651
AFG,national,national,2000,291.355633815823
AFG,national,national,2001,283.995518919267
AFG,national,national,2002,324.688904771466
AFG,national,national,2003,344.323251872748
AFG,national,national,2004,340.276029165235
AFG,national,national,2005,358.12875665456
AFG,national,national,2006,366.850542981058
AFG,national,national,2007,401.2793627253
AFG,national,national,2008,416.128617569517
AFG,national,national,2009,473.139694623011
AFG,national,national,2010,530.958904146211
AFG,national,national,2011,529.272176078287
AFG,national,national,2012,559.33986239171
AFG,national,national,2013,578.030353296188
AFG,national,national,2014,576.34926241342
AFG,national,national,2015,567.680682728061
AFG,national,national,2016,564.24649339578
AFG,national,national,2017,563.01265621555
AFG,national,national,2018,555.251072766575
AFG,national,national,2019,556.817492119901
AFG,national,national,2020,534.453404644652
AFG,national,national,2021,434.903041618253
AFG,national,national,2022,384.490193497934
AFG,national,national,2023,379.257407604527
AFG,national,national,2024,378.813509336816
AFG,national,national,2025,378.696904106389
AFG,national,national,2026,378.932798804628
AFG,national,national,2027,NA
AFG,national,national,2028,NA
AFG,national,national,2029,NA
AFG,national,national,2030,NA
AGO,national,national,1960,3696.09137921939
AGO,national,national,1961,4118.07877754789
AGO,national,national,1962,3938.54905106603
AGO,national,national,1963,4071.80822948555
AGO,national,national,1964,4454.92836744169
AGO,national,national,1965,4708.4909708233
AGO,national,national,1966,4897.27480691763
AGO,national,national,1967,5095.31275262442
AGO,national,national,1968,4932.440423445
AGO,national,national,1969,4987.9650811198
AGO,national,national,1970,5215.6161775865
AGO,national,national,1971,5097.16357454692
AGO,national,national,1972,5050.89302648458
AGO,national,national,1973,5278.54412295127
AGO,national,national,1974,5047.19138263959
AGO,national,national,1975,3164.90548746377
AGO,national,national,1976,2815.10014411251
AGO,national,national,1977,2776.23288374015
AGO,national,national,1978,2831.75754141495
AGO,national,national,1979,2826.20507564747
AGO,national,national,1980,2835.45918525994
AGO,national,national,1981,2613.73938612911
AGO,national,national,1982,2519.35158518789
AGO,national,national,1983,2529.40192266936
AGO,national,national,1984,2583.61982616848
AGO,national,national,1985,2577.46509177461
AGO,national,national,1986,2557.95883799319
AGO,national,national,1987,2571.49691872454
AGO,national,national,1988,2637.78185527742
AGO,national,national,1989,2550.29431304775
AGO,national,national,1990,2380.17624300565
AGO,national,national,1991,2324.36937619854
AGO,national,national,1992,2118.16654532324
AGO,national,national,1993,1559.517151584
AGO,national,national,1994,1529.994431256
AGO,national,national,1995,1701.69727652709
AGO,national,national,1996,1867.93503101029
AGO,national,national,1997,1936.91619338589
AGO,national,national,1998,1961.03722525713
AGO,national,national,1999,1938.86184025918
AGO,national,national,2000,1932.98847886814
AGO,national,national,2001,1947.85672988915
AGO,national,national,2002,2139.87259662901
AGO,national,national,2003,2128.19579323903
AGO,national,national,2004,2277.86696532928
AGO,national,national,2005,2526.41057941008
AGO,national,national,2006,2716.25302638209
AGO,national,national,2007,2983.0418728513
AGO,national,national,2008,3193.28772270836
AGO,national,national,2009,3100.60927365473
AGO,national,national,2010,3114.69608592822
AGO,national,national,2011,3099.9422899117
AGO,national,national,2012,3236.57494513146
AGO,national,national,2013,3268.63890723473
AGO,national,national,2014,3300.73510980871
AGO,national,national,2015,3213.90261080059
AGO,national,national,2016,3020.98332805417
AGO,national,national,2017,2911.60084214038
AGO,national,national,2018,2775.74642272991
AGO,national,national,2019,2664.43850995544
AGO,national,national,2020,2433.37637275564
AGO,national,national,2021,2385.44881834294
AGO,national,national,2022,2382.02263952585
AGO,national,national,2023,2332.88691268977
AGO,national,national,2024,2308.37635527851
AGO,national,national,2025,2301.58420577272
AGO,national,national,2026,2293.24313250007
AGO,national,national,2027,2298.57116324034
AGO,national,national,2028,2284.78570656963
AGO,national,national,2029,2273.347888596
AGO,national,national,2030,2264.27481236035
ALB,national,national,1960,1076.12670526566
ALB,national,national,1961,1084.96648364873
ALB,national,national,1962,1120.79084867487
ALB,national,national,1963,1158.94147117024
ALB,national,national,1964,1198.48784814714
ALB,national,national,1965,1242.22148856866
ALB,national,national,1966,1288.74663795325
ALB,national,national,1967,1338.06329630092
ALB,national,national,1968,1385.98420016705
ALB,national,national,1969,1432.97460104549
ALB,national,national,1970,1486.01327134393
ALB,national,national,1971,1545.56546255621
ALB,national,national,1972,1605.58290526234
ALB,national,national,1973,1685.60616220384
ALB,national,national,1974,1692.11968311768
ALB,national,national,1975,1697.70270104383
ALB,national,national,1976,1705.14672494537
ALB,national,national,1977,1712.5907488469
ALB,national,national,1978,1719.56952125459
ALB,national,national,1979,1728.87455113151
ALB,national,national,1980,1740.50583847766
ALB,national,national,1981,1804.01077946774
ALB,national,national,1982,1818.36782013759
ALB,national,national,1983,1799.87861664229
ALB,national,national,1984,1740.3476817517
ALB,national,national,1985,1735.2903123439
ALB,national,national,1986,1798.01507982468
ALB,national,national,1987,1748.57872030222
ALB,national,national,1988,1691.53094901661
ALB,national,national,1989,1808.64607818532
ALB,national,national,1990,1606.29646776458
ALB,national,national,1991,1163.49159838489
ALB,national,national,1992,1086.4387714304
ALB,national,national,1993,1197.58090750054
ALB,national,national,1994,1305.00106057165
ALB,national,national,1995,1488.02088119627
ALB,national,national,1996,1633.55200001885
ALB,national,national,1997,1464.29796254199
ALB,national,national,1998,1603.64765027651
ALB,national,national,1999,1821.87313102694
ALB,national,national,2000,1960.88245974115
ALB,national,national,2001,2143.52683947815
ALB,national,national,2002,2247.49808010881
ALB,national,national,2003,2380.64462078713
ALB,national,national,2004,2522.44937446209
ALB,national,national,2005,2675.50863709675
ALB,national,national,2006,2851.36775919961
ALB,national,national,2007,3044.89661682055
ALB,national,national,2008,3298.47890843532
ALB,national,national,2009,3432.1708719722
ALB,national,national,2010,3577.11432498868
ALB,national,national,2011,3678.04770145146
ALB,national,national,2012,3736.34007957648
ALB,national,national,2013,3780.69919254096
ALB,national,national,2014,3855.76074409659
ALB,national,national,2015,3952.80357364813
ALB,national,national,2016,4090.37272829183
ALB,national,national,2017,4249.8200493985
ALB,national,national,2018,4431.55559506989
ALB,national,national,2019,4542.26866282892
ALB,national,national,2020,4417.04105105395
ALB,national,national,2021,4858.05201500931
ALB,national,national,2022,5154.8274975368
ALB,national,national,2023,5419.63779125273
ALB,national,national,2024,5652.33323770865
ALB,national,national,2025,5851.4466354181
ALB,national,national,2026,6054.1641994671
ALB,national,national,2027,6267.56000487464
ALB,national,national,2028,6550.32801296444
ALB,national,national,2029,6846.92987854236
ALB,national,national,2030,7156.87628946842
AND,national,national,1970,43005.5424060499
AND,national,national,1971,41930.1505181051
AND,national,national,1972,42354.7451311239
AND,national,national,1973,42738.1683147449
AND,national,national,1974,42363.4459763575
AND,national,national,1975,40073.4103672052
AND,national,national,1976,39058.5886579157
AND,national,national,1977,38021.8198324994
AND,national,national,1978,36647.7020446754
AND,national,national,1979,34983.9990925236
AND,national,national,1980,34281.7439457496
AND,national,national,1981,32958.7650422337
AND,national,national,1982,31996.5442021338
AND,national,national,1983,31117.1962253069
AND,national,national,1984,30392.8420658326
AND,national,national,1985,29997.086266705
AND,national,national,1986,29680.1329441921
AND,national,national,1987,30064.9979674317
AND,national,national,1988,30469.3442408022
AND,national,national,1989,31180.4123329842
AND,national,national,1990,31143.1468745802
AND,national,national,1991,29642.305980666
AND,national,national,1992,28161.9424927346
AND,national,national,1993,26518.2336327363
AND,national,national,1994,26587.1383037195
AND,national,national,1995,27619.5060608184
AND,national,national,1996,28871.2160741757
AND,national,national,1997,31140.6896808445
AND,national,national,1998,31800.3640667052
AND,national,national,1999,32938.6437399807
AND,national,national,2000,34113.8173771495
AND,national,national,2001,36790.1037072591
AND,national,national,2002,38084.4843094685
AND,national,national,2003,39620.3201590697
AND,national,national,2004,40054.3211516798
AND,national,national,2005,40528.1748609004
AND,national,national,2006,41322.0529198761
AND,national,national,2007,40789.1589682857
AND,national,national,2008,37775.1261390552
AND,national,national,2009,35604.3840085198
AND,national,national,2010,36277.2644412087
AND,national,national,2011,37637.4868329126
AND,national,national,2012,36206.9784343227
AND,national,national,2013,35684.169433471
AND,national,national,2014,37300.6244183478
AND,national,national,2015,38654.9347203095
AND,national,national,2016,40085.0205971586
AND,national,national,2017,39361.0622634329
AND,national,national,2018,39242.1448960772
AND,national,national,2019,39346.2750344286
AND,national,national,2020,34536.6499209948
AND,national,national,2021,36929.0191515162
AND,national,national,2022,39780.3966116268
AND,national,national,2023,40227.2335282714
AND,national,national,2024,39997.6306438689
AND,national,national,2025,39823.5443002934
AND,national,national,2026,39533.4843263744
AND,national,national,2027,39206.9081985123
AND,national,national,2028,38883.0306372911
AND,national,national,2029,38561.8283224071
AND,national,national,2030,38243.2790847111
ARE,national,national,1960,44868.452037249
ARE,national,national,1961,46362.8959764057
ARE,national,national,1962,48502.2972495057
ARE,national,national,1963,50051.9515440972
ARE,national,national,1964,51354.4140200372
ARE,national,national,1965,52330.6334865896
ARE,national,national,1966,52968.0621357009
ARE,national,national,1967,53222.7826391844
ARE,national,national,1968,52750.9850563776
ARE,national,national,1969,50993.0371481001
ARE,national,national,1970,49105.8468168729
ARE,national,national,1971,57374.9923763739
ARE,national,national,1972,69436.7647863475
ARE,national,national,1973,108198.817535085
ARE,national,national,1974,110539.679012708
ARE,national,national,1975,105792.829744614
ARE,national,national,1976,108662.746590635
ARE,national,national,1977,114430.052844322
ARE,national,national,1978,98826.1017287519
ARE,national,national,1979,106042.174170324
ARE,national,national,1980,117949.376545514
ARE,national,national,1981,113999.509456128
ARE,national,national,1982,100275.259935977
ARE,national,national,1983,90186.176976892
ARE,national,national,1984,88731.2195062013
ARE,national,national,1985,81077.2569980622
ARE,national,national,1986,64745.4865592002
ARE,national,national,1987,62391.5519219188
ARE,national,national,1988,56872.3569937591
ARE,national,national,1989,60031.8690984066
ARE,national,national,1990,66979.1559111514
ARE,national,national,1991,63905.6264663297
ARE,national,national,1992,62667.1354440337
ARE,national,national,1993,60391.4655804681
ARE,national,national,1994,61614.341587467
ARE,national,national,1995,62860.2773213642
ARE,national,national,1996,62334.4066549265
ARE,national,national,1997,62177.4283781097
ARE,national,national,1998,57785.0311374876
ARE,national,national,1999,55354.9439576767
ARE,national,national,2000,57365.398325282
ARE,national,national,2001,54574.8141644088
ARE,national,national,2002,52607.6615070877
ARE,national,national,2003,54020.4735636716
ARE,national,national,2004,56027.6100352432
ARE,national,national,2005,55777.9018280487
ARE,national,national,2006,57053.7895562267
ARE,national,national,2007,52428.0680658389
ARE,national,national,2008,48281.3477929691
ARE,national,national,2009,42991.5535126927
ARE,national,national,2010,42645.6359569427
ARE,national,national,2011,43800.1592968488
ARE,national,national,2012,42868.0975031847
ARE,national,national,2013,43269.8404646118
ARE,national,national,2014,43023.1904165525
ARE,national,national,2015,43534.9972681733
ARE,national,national,2016,43745.2881662331
ARE,national,national,2017,42690.2147775401
ARE,national,national,2018,42679.751908331
ARE,national,national,2019,42700.1297920702
ARE,national,national,2020,40776.6308681689
ARE,national,national,2021,41778.5838745072
ARE,national,national,2022,42687.7207175669
ARE,national,national,2023,42507.787339453
ARE,national,national,2024,42926.1219501428
ARE,national,national,2025,43858.865242264
ARE,national,national,2026,45213.7565528841
ARE,national,national,2027,46744.7380714673
ARE,national,national,2028,48446.826312255
ARE,national,national,2029,50172.1718096953
ARE,national,national,2030,51791.6004728863
ARG,national,national,1960,7397.10965495682
ARG,national,national,1961,7670.59545571641
ARG,national,national,1962,7480.27172420174
ARG,national,national,1963,6967.75019555221
ARG,national,national,1964,7551.02490778789
ARG,national,national,1965,8219.55155637229
ARG,national,national,1966,8041.22487411475
ARG,national,national,1967,8172.27456469042
ARG,national,national,1968,8436.30856351031
ARG,national,national,1969,9111.9459748551
ARG,national,national,1970,9244.12251785153
ARG,national,national,1971,9614.61061692134
ARG,national,national,1972,9617.68814943737
ARG,national,national,1973,9729.53258885903
ARG,national,national,1974,10100.4469136163
ARG,national,national,1975,9936.49583447894
ARG,national,national,1976,9584.74851751038
ARG,national,national,1977,10088.3374871635
ARG,national,national,1978,9480.94009490414
ARG,national,national,1979,10284.6064087552
ARG,national,national,1980,10275.7987023886
ARG,national,national,1981,9587.67379423426
ARG,national,national,1982,9365.68465387847
ARG,national,national,1983,9617.7000569575
ARG,national,national,1984,9614.44726215357
ARG,national,national,1985,8973.31874865813
ARG,national,national,1986,9378.46866394349
ARG,national,national,1987,9484.45876638052
ARG,national,national,1988,9236.80771302535
ARG,national,national,1989,8445.4100923428
ARG,national,national,1990,8115.09386370753
ARG,national,national,1991,8729.82318518892
ARG,national,national,1992,9293.18692251748
ARG,national,national,1993,9920.67358582437
ARG,national,national,1994,10359.8927204871
ARG,national,national,1995,9934.10776139515
ARG,national,national,1996,10352.1400002191
ARG,national,national,1997,11056.6881331002
ARG,national,national,1998,11348.2022124673
ARG,national,national,1999,10838.3199346387
ARG,national,national,2000,10631.6503639029
ARG,national,national,2001,10051.9448463043
ARG,national,national,2002,8861.56199282278
ARG,national,national,2003,9545.53194119994
ARG,national,national,2004,10302.4465316428
ARG,national,national,2005,11099.7509190602
ARG,national,national,2006,11870.2791559298
ARG,national,national,2007,12811.9021206578
ARG,national,national,2008,13197.3570267029
ARG,national,national,2009,12285.3784651865
ARG,national,national,2010,13387.1553748458
ARG,national,national,2011,14040.6189124444
ARG,national,national,2012,13754.4254235596
ARG,national,national,2013,13946.0950832252
ARG,national,national,2014,13456.1319159151
ARG,national,national,2015,13679.6264980954
ARG,national,national,2016,13265.8860639123
ARG,national,national,2017,13520.1129846159
ARG,national,national,2018,13058.3285449954
ARG,national,national,2019,12706.3978108968
ARG,national,national,2020,11393.0505957877
ARG,national,national,2021,12549.2811699342
ARG,national,national,2022,13182.7933950725
ARG,national,national,2023,12933.2497342121
ARG,national,national,2024,12359.4475630179
ARG,national,national,2025,12997.8465855479
ARG,national,national,2026,13539.9743796833
ARG,national,national,2027,14036.3417841578
ARG,national,national,2028,14347.6428321693
ARG,national,national,2029,14650.0601234677
ARG,national,national,2030,14936.2345737202
ARM,national,national,1973,1667.31628442255
ARM,national,national,1980,1579.75072390066
ARM,national,national,1981,1623.4484890543
ARM,national,national,1982,1667.82637506636
ARM,national,national,1983,1677.34806708428
ARM,national,national,1984,1731.07761489965
ARM,national,national,1985,1782.76680013975
ARM,national,national,1986,1767.29405061064
ARM,national,national,1987,1664.42577077425
ARM,national,national,1988,1581.45102604672
ARM,national,national,1989,1789.56800872398
ARM,national,national,1990,1644.02214502158
ARM,national,national,1991,1426.82791357144
ARM,national,national,1992,840.205259177402
ARM,national,national,1993,792.567859246381
ARM,national,national,1994,857.394474812969
ARM,national,national,1995,932.357829471807
ARM,national,national,1996,995.728275319872
ARM,national,national,1997,1039.0798243009
ARM,national,national,1998,1128.09888845227
ARM,national,national,1999,1180.45341995952
ARM,national,national,2000,1229.21510436102
ARM,national,national,2001,1351.12072694555
ARM,national,national,2002,1535.20452885187
ARM,national,national,2003,1759.64684829386
ARM,national,national,2004,1955.22262459229
ARM,national,national,2005,2240.09273209788
ARM,national,national,2006,2551.43546358452
ARM,national,national,2007,2919.3734936373
ARM,national,national,2008,3141.33193500774
ARM,national,national,2009,2716.97436280471
ARM,national,national,2010,2796.08143428043
ARM,national,national,2011,2943.83687119315
ARM,national,national,2012,3159.75860786889
ARM,national,national,2013,3266.29882999873
ARM,national,national,2014,3393.09252326884
ARM,national,national,2015,3512.39350276709
ARM,national,national,2016,3533.88503607007
ARM,national,national,2017,3815.3747426037
ARM,national,national,2018,4027.83393010979
ARM,national,national,2019,4343.45839583019
ARM,national,national,2020,4032.09043454955
ARM,national,national,2021,4264.79961505187
ARM,national,national,2022,4791.00481712183
ARM,national,national,2023,5151.01273118105
ARM,national,national,2024,5461.68509482916
ARM,national,national,2025,5678.68611263795
ARM,national,national,2026,5917.98814307604
ARM,national,national,2027,6183.02021769177
ARM,national,national,2028,6460.73926409582
ARM,national,national,2029,6750.93245194209
ARM,national,national,2030,7054.1600748321
ASM,national,national,2002,13054.6364326897
ASM,national,national,2003,13201.7347516166
ASM,national,national,2004,13291.5356626851
ASM,national,national,2005,13284.2791128875
ASM,national,national,2006,12794.7565021718
ASM,national,national,2007,13092.3111393408
ASM,national,national,2008,12809.4633079683
ASM,national,national,2009,12342.0575384016
ASM,national,national,2010,12446.3086265015
ASM,national,national,2011,12521.8095058644
ASM,national,national,2012,12068.2667374983
ASM,national,national,2013,11871.7937192729
ASM,national,national,2014,12203.0894714284
ASM,national,national,2015,12727.4102651386
ASM,national,national,2016,12665.2829921268
ASM,national,national,2017,11930.7771236826
ASM,national,national,2018,12412.6024074562
ASM,national,national,2019,12524.0160252283
ASM,national,national,2020,13194.274740128
ASM,national,national,2021,13233.5784817341
ASM,national,national,2022,13709.0974895473
ATG,national,national,1977,6061.4435657129
ATG,national,national,1978,6309.7558667416
ATG,national,national,1979,6794.56160156779
ATG,national,national,1980,7321.8405159329
ATG,national,national,1981,7583.31567928365
ATG,national,national,1982,7562.89206381061
ATG,national,national,1983,7950.26393459359
ATG,national,national,1984,8765.44031635115
ATG,national,national,1985,9477.96190681987
ATG,national,national,1986,10619.1655866426
ATG,national,national,1987,11381.2307700931
ATG,national,national,1988,12035.3929909794
ATG,national,national,1989,12727.1309126512
ATG,national,national,1990,13164.2272092671
ATG,national,national,1991,13382.6739017785
ATG,national,national,1992,13323.9442876969
ATG,national,national,1993,13774.4689520092
ATG,national,national,1994,14417.9361441651
ATG,national,national,1995,13517.2120795095
ATG,national,national,1996,14115.4382832454
ATG,national,national,1997,14585.7889477865
ATG,national,national,1998,14989.1843884929
ATG,national,national,1999,15280.3215843951
ATG,national,national,2000,15958.3132753462
ATG,national,national,2001,15000.8336257587
ATG,national,national,2002,14965.4696892062
ATG,national,national,2003,15701.2446362213
ATG,national,national,2004,16430.5408564489
ATG,national,national,2005,17298.2265678329
ATG,national,national,2006,19256.3006281792
ATG,national,national,2007,20766.6864243165
ATG,national,national,2008,20461.2564795372
ATG,national,national,2009,17743.6223972972
ATG,national,national,2010,16132.6118723322
ATG,national,national,2011,15631.2134928755
ATG,national,national,2012,15986.5855542187
ATG,national,national,2013,15745.4753067356
ATG,national,national,2014,15966.5831000524
ATG,national,national,2015,16080.6580495873
ATG,national,national,2016,16635.7318893628
ATG,national,national,2017,16951.5063540798
ATG,national,national,2018,18038.8532949834
ATG,national,national,2019,18508.9783729509
ATG,national,national,2020,14935.6150238496
ATG,national,national,2021,16071.0843222933
ATG,national,national,2022,17507.3892241095
ATG,national,national,2023,18090.7735177058
ATG,national,national,2024,18900.1792317711
ATG,national,national,2025,19242.2998055253
ATG,national,national,2026,19595.1749899011
ATG,national,national,2027,19961.8392380762
ATG,national,national,2028,20195.5661456973
ATG,national,national,2029,20433.2162383873
ATG,national,national,2030,20674.8598214204
AUS,national,national,1960,19951.4292342588
AUS,national,national,1961,19882.7510390563
AUS,national,national,1962,20182.9415676683
AUS,national,national,1963,21102.7091413614
AUS,national,national,1964,22031.371603904
AUS,national,national,1965,22462.8842955541
AUS,national,national,1966,23029.0728621941
AUS,national,national,1967,23971.628185173
AUS,national,national,1968,24943.5823910054
AUS,national,national,1969,26180.649814205
AUS,national,national,1970,26902.7143107662
AUS,national,national,1971,27247.8330137787
AUS,national,national,1972,27666.2230065181
AUS,national,national,1973,28021.7347079705
AUS,national,national,1974,28244.5446949219
AUS,national,national,1975,28479.1800564119
AUS,national,national,1976,29049.64855517
AUS,national,national,1977,29358.8744169776
AUS,national,national,1978,29748.5679019742
AUS,national,national,1979,30448.0837408071
AUS,national,national,1980,30984.7991838437
AUS,national,national,1981,31493.932543499
AUS,national,national,1982,31172.2065772467
AUS,national,national,1983,31120.3788387051
AUS,national,national,1984,32246.9027564275
AUS,national,national,1985,33267.7933950123
AUS,national,national,1986,33844.4529821724
AUS,national,national,1987,34702.0953721436
AUS,national,national,1988,35766.3015554043
AUS,national,national,1989,36514.6461030474
AUS,national,national,1990,36582.9492399759
AUS,national,national,1991,36154.6193100648
AUS,national,national,1992,36592.4984817596
AUS,national,national,1993,37709.8295335349
AUS,national,national,1994,38787.4724519497
AUS,national,national,1995,39823.9521423539
AUS,national,national,1996,40900.8021349915
AUS,national,national,1997,42216.079943133
AUS,national,national,1998,43802.3017405728
AUS,national,national,1999,45248.229011327
AUS,national,national,2000,46025.4152231667
AUS,national,national,2001,46838.7962791339
AUS,national,national,2002,47940.2026347242
AUS,national,national,2003,49148.0728250315
AUS,national,national,2004,50377.6081875033
AUS,national,national,2005,51203.583134726
AUS,national,national,2006,52042.8648584038
AUS,national,national,2007,52933.9311679046
AUS,national,national,2008,53286.554489966
AUS,national,national,2009,53407.9101346035
AUS,national,national,2010,53845.0848726559
AUS,national,national,2011,54684.4655845361
AUS,national,national,2012,55492.7956661541
AUS,national,national,2013,56027.9353549498
AUS,national,national,2014,56533.4399204935
AUS,national,national,2015,57070.0463807766
AUS,national,national,2016,57575.8572245313
AUS,national,national,2017,58140.7151959403
AUS,national,national,2018,58727.7579079768
AUS,national,national,2019,58528.766084934
AUS,national,national,2020,58704.6508154115
AUS,national,national,2021,60143.1554109687
AUS,national,national,2022,61296.8633041353
AUS,national,national,2023,60988.3336704063
AUS,national,national,2024,60946.8242230768
AUS,national,national,2025,61510.6043184704
AUS,national,national,2026,62315.563149437
AUS,national,national,2027,62990.7465431294
AUS,national,national,2028,63692.1555608508
AUS,national,national,2029,64379.965747525
AUS,national,national,2030,65062.0253885645
AUT,national,national,1960,11894.7440845275
AUT,national,national,1961,12484.808698261
AUT,national,national,1962,12737.1853190514
AUT,national,national,1963,13179.3523970527
AUT,national,national,1964,13893.5857879381
AUT,national,national,1965,14283.9973249596
AUT,national,national,1966,14984.5529746625
AUT,national,national,1967,15320.3582690899
AUT,national,national,1968,15922.6386016982
AUT,national,national,1969,16863.5862812465
AUT,national,national,1970,18001.7830030928
AUT,national,national,1971,18838.3155442359
AUT,national,national,1972,19891.8260269583
AUT,national,national,1973,20749.3440323726
AUT,national,national,1974,21530.6341614326
AUT,national,national,1975,21509.3123873093
AUT,national,national,1976,22533.8803939277
AUT,national,national,1977,23669.5086470357
AUT,national,national,1978,23638.778362566
AUT,national,national,1979,24947.5270987894
AUT,national,national,1980,25379.4629438114
AUT,national,national,1981,25278.2953301423
AUT,national,national,1982,25768.2192783576
AUT,national,national,1983,26577.2454979127
AUT,national,national,1984,26592.5469892204
AUT,national,national,1985,27244.2147682295
AUT,national,national,1986,27853.5049571295
AUT,national,national,1987,28213.6633511624
AUT,national,national,1988,29102.3223039964
AUT,national,national,1989,30097.6513408526
AUT,national,national,1990,31167.1858089051
AUT,national,national,1991,31919.5572961167
AUT,national,national,1992,32231.1217246909
AUT,national,national,1993,32134.8299098991
AUT,national,national,1994,32780.342031078
AUT,national,national,1995,33603.4277668346
AUT,national,national,1996,34301.6562559914
AUT,national,national,1997,34998.0320577293
AUT,national,national,1998,36180.7490843101
AUT,national,national,1999,37468.8699525693
AUT,national,national,2000,38571.0858515901
AUT,national,national,2001,38929.753817402
AUT,national,national,2002,39313.7226059057
AUT,national,national,2003,39569.2886405101
AUT,national,national,2004,40333.330706218
AUT,national,national,2005,40989.013215254
AUT,national,national,2006,42120.1557756904
AUT,national,national,2007,43568.8302726368
AUT,national,national,2008,44063.8642404045
AUT,national,national,2009,42372.4758387703
AUT,national,national,2010,43035.407467795
AUT,national,national,2011,44146.1957578601
AUT,national,national,2012,44221.4600041556
AUT,national,national,2013,43851.3675464788
AUT,national,national,2014,43838.8346845363
AUT,national,national,2015,43915.228020857
AUT,national,national,2016,44362.6702918145
AUT,national,national,2017,45056.6386908289
AUT,national,national,2018,45951.5818951582
AUT,national,national,2019,46550.5623430785
AUT,national,national,2020,43428.6983141255
AUT,national,national,2021,45313.3990043754
AUT,national,national,2022,47250.969589759
AUT,national,national,2023,46338.9571249412
AUT,national,national,2024,45925.6718716739
AUT,national,national,2025,46344.474075957
AUT,national,national,2026,46992.0867978357
AUT,national,national,2027,47830.0272743893
AUT,national,national,2028,48259.759655594
AUT,national,national,2029,48641.4605195523
AUT,national,national,2030,48927.2246056337
AZE,national,national,1973,2696.46981992523
AZE,national,national,1980,2733.47570172104
AZE,national,national,1981,2857.46448093379
AZE,national,national,1982,2987.55732312316
AZE,national,national,1983,3055.84652767418
AZE,national,national,1984,3189.37290528791
AZE,national,national,1985,3264.91068462368
AZE,national,national,1986,3304.96859790779
AZE,national,national,1987,3431.62790467282
AZE,national,national,1988,3558.66871537388
AZE,national,national,1989,3212.6446453863
AZE,national,national,1990,2820.84010307402
AZE,national,national,1991,2764.07399346223
AZE,national,national,1992,2107.29678414183
AZE,national,national,1993,1596.13266566318
AZE,national,national,1994,1264.5271891937
AZE,national,national,1995,1102.49789007407
AZE,national,national,1996,1105.58724229428
AZE,national,national,1997,1158.4816576176
AZE,national,national,1998,1262.29188712613
AZE,national,national,1999,1343.85593869878
AZE,national,national,2000,1480.80869072436
AZE,national,national,2001,1614.84885813475
AZE,national,national,2002,1754.13524132991
AZE,national,national,2003,1918.61103696953
AZE,national,national,2004,2077.88527047339
AZE,national,national,2005,2631.85145279408
AZE,national,national,2006,3501.16482500603
AZE,national,national,2007,4327.11360468848
AZE,national,national,2008,4693.07707968116
AZE,national,national,2009,5023.9672905028
AZE,national,national,2010,5215.20415429496
AZE,national,national,2011,5152.83850244744
AZE,national,national,2012,5194.92091665083
AZE,national,national,2013,5426.09594155961
AZE,national,national,2014,5506.18169600319
AZE,national,national,2015,5500.50364628486
AZE,national,national,2016,5270.738165712
AZE,national,national,2017,5229.7098898586
AZE,national,national,2018,5262.36870473368
AZE,national,national,2019,5348.45318851823
AZE,national,national,2020,5083.56025445721
AZE,national,national,2021,5345.43986445831
AZE,national,national,2022,5595.25578671563
AZE,national,national,2023,5651.34563872949
AZE,national,national,2024,5761.53774505061
AZE,national,national,2025,5875.98456784142
AZE,national,national,2026,5983.06080131401
AZE,national,national,2027,6087.70898014317
AZE,national,national,2028,6158.70224728984
AZE,national,national,2029,6234.83045230607
AZE,national,national,2030,6313.76367392998
BDI,national,national,1960,288.878981794325
BDI,national,national,1961,242.941546520881
BDI,national,national,1962,258.32430129828
BDI,national,national,1963,263.40036642487
BDI,national,national,1964,272.062735830387
BDI,national,national,1965,275.137917931711
BDI,national,national,1966,280.9791596902
BDI,national,national,1967,311.798763802316
BDI,national,national,1968,303.540804264871
BDI,national,national,1969,292.685745718482
BDI,national,national,1970,347.474495973999
BDI,national,national,1971,348.446416961289
BDI,national,national,1972,326.146546923774
BDI,national,national,1973,349.110750686492
BDI,national,national,1974,338.001655805809
BDI,national,national,1975,332.021353354811
BDI,national,national,1976,350.45300889241
BDI,national,national,1977,380.747850621793
BDI,national,national,1978,366.426911477842
BDI,national,national,1979,363.382611221262
BDI,national,national,1980,351.900419860718
BDI,national,national,1981,378.943663862466
BDI,national,national,1982,365.710192122894
BDI,national,national,1983,369.268854137523
BDI,national,national,1984,360.98937587784
BDI,national,national,1985,394.902104849267
BDI,national,national,1986,400.156015299278
BDI,national,national,1987,412.654046294404
BDI,national,national,1988,423.919810604935
BDI,national,national,1989,421.287694857326
BDI,national,national,1990,427.030031561228
BDI,national,national,1991,439.186232093461
BDI,national,national,1992,431.918861835852
BDI,national,national,1993,417.919297574139
BDI,national,national,1994,399.309631526324
BDI,national,national,1995,346.321302413385
BDI,national,national,1996,318.395682563648
BDI,national,national,1997,313.357142719203
BDI,national,national,1998,322.030961886279
BDI,national,national,1999,311.230622126912
BDI,national,national,2000,302.219163799824
BDI,national,national,2001,300.799882759047
BDI,national,national,2002,305.4383585397
BDI,national,national,2003,292.318595090044
BDI,national,national,2004,295.235119511615
BDI,national,national,2005,287.030688980174
BDI,national,national,2006,291.866399549575
BDI,national,national,2007,290.979116170807
BDI,national,national,2008,292.793764973044
BDI,national,national,2009,288.941917826614
BDI,national,national,2010,289.856950614392
BDI,national,national,2011,290.948032142504
BDI,national,national,2012,293.232620547249
BDI,national,national,2013,296.816900573427
BDI,national,national,2014,299.077479357732
BDI,national,national,2015,280.966831311923
BDI,national,national,2016,274.513363399011
BDI,national,national,2017,269.47688960656
BDI,national,national,2018,265.672394335817
BDI,national,national,2019,261.750180238427
BDI,national,national,2020,255.078218433565
BDI,national,national,2021,255.917950730796
BDI,national,national,2022,253.69164159159
BDI,national,national,2023,253.530723439042
BDI,national,national,2024,251.639157776519
BDI,national,national,2025,254.137151788984
BDI,national,national,2026,257.384366881898
BDI,national,national,2027,261.411470635605
BDI,national,national,2028,261.700790813104
BDI,national,national,2029,262.422000717032
BDI,national,national,2030,263.678747236219
BEL,national,national,1960,11715.8268791057
BEL,national,national,1961,12258.2997889952
BEL,national,national,1962,12845.9669121584
BEL,national,national,1963,13305.1271853331
BEL,national,national,1964,14096.6677431222
BEL,national,national,1965,14466.6269871026
BEL,national,national,1966,14822.717578669
BEL,national,national,1967,15310.6185547594
BEL,national,national,1968,15890.1322595071
BEL,national,national,1969,16895.7049007021
BEL,national,national,1970,17951.3224412717
BEL,national,national,1971,18632.842381979
BEL,national,national,1972,19542.8867503369
BEL,national,national,1973,20724.7406112635
BEL,national,national,1974,21602.8018297023
BEL,national,national,1975,21116.9915907667
BEL,national,national,1976,22270.8535058588
BEL,national,national,1977,22382.6484676808
BEL,national,national,1978,22997.2737344199
BEL,national,national,1979,23514.5118155672
BEL,national,national,1980,24532.4569831129
BEL,national,national,1981,24464.5870434569
BEL,national,national,1982,24616.8372881874
BEL,national,national,1983,24695.564920194
BEL,national,national,1984,25305.0320984606
BEL,national,national,1985,25715.3579180372
BEL,national,national,1986,26174.7551583459
BEL,national,national,1987,26755.6979944897
BEL,national,national,1988,27930.4859347392
BEL,national,national,1989,28794.6547979722
BEL,national,national,1990,29609.6207847014
BEL,national,national,1991,30040.5508722561
BEL,national,national,1992,30376.8745233822
BEL,national,national,1993,29967.3944141531
BEL,national,national,1994,30839.2414478946
BEL,national,national,1995,31508.6226413688
BEL,national,national,1996,31862.6694406461
BEL,national,national,1997,32991.5010339643
BEL,national,national,1998,33566.9875682096
BEL,national,national,1999,34676.6051727182
BEL,national,national,2000,35878.3153948197
BEL,national,national,2001,36148.2881160202
BEL,national,national,2002,36600.862545353
BEL,national,national,2003,36826.2699200097
BEL,national,national,2004,37976.697319251
BEL,national,national,2005,38645.2605555367
BEL,national,national,2006,39371.0857898642
BEL,national,national,2007,40520.0843652615
BEL,national,national,2008,40380.9074712395
BEL,national,national,2009,39293.6375830961
BEL,national,national,2010,39991.5646228587
BEL,national,national,2011,40236.9596151297
BEL,national,national,2012,40074.4928091814
BEL,national,national,2013,40007.8997697861
BEL,national,national,2014,40533.9134833922
BEL,national,national,2015,40893.804537772
BEL,national,national,2016,41172.8862464509
BEL,national,national,2017,41619.3286089022
BEL,national,national,2018,42208.3625852238
BEL,national,national,2019,43006.4042605622
BEL,national,national,2020,40769.0218401768
BEL,national,national,2021,43119.894333477
BEL,national,national,2022,44583.5767711768
BEL,national,national,2023,44731.0420983801
BEL,national,national,2024,45031.8217725687
BEL,national,national,2025,45192.6056946547
BEL,national,national,2026,45547.7613357038
BEL,national,national,2027,45957.2147125938
BEL,national,national,2028,46386.873708491
BEL,national,national,2029,46848.6296394457
BEL,national,national,2030,47326.5724722788
BEN,national,national,1960,655.913007583172
BEN,national,national,1961,665.431250386116
BEN,national,national,1962,631.420715121743
BEN,national,national,1963,649.260123087059
BEN,national,national,1964,679.356446891344
BEN,national,national,1965,701.332145080299
BEN,national,national,1966,711.858170545949
BEN,national,national,1967,704.83858182989
BEN,national,national,1968,716.640156024272
BEN,national,national,1969,721.53249682281
BEN,national,national,1970,720.605098639345
BEN,national,national,1971,694.034044870461
BEN,national,national,1972,721.876315797797
BEN,national,national,1973,731.313119740378
BEN,national,national,1974,737.948326265499
BEN,national,national,1975,684.9622916152
BEN,national,national,1976,674.040866553735
BEN,national,national,1977,689.85878627034
BEN,national,national,1978,680.651098013071
BEN,national,national,1979,706.10443233261
BEN,national,national,1980,733.490637362705
BEN,national,national,1981,783.925193690297
BEN,national,national,1982,778.638765055681
BEN,national,national,1983,723.483520690178
BEN,national,national,1984,758.36116569662
BEN,national,national,1985,791.727164853419
BEN,national,national,1986,785.143070133604
BEN,national,national,1987,750.403840624184
BEN,national,national,1988,752.704035007761
BEN,national,national,1989,709.188907731115
BEN,national,national,1990,749.459666604983
BEN,national,national,1991,757.403145130167
BEN,national,national,1992,756.080888188102
BEN,national,national,1993,765.47991446087
BEN,national,national,1994,752.277508762904
BEN,national,national,1995,781.064788483087
BEN,national,national,1996,793.795052719562
BEN,national,national,1997,814.90139546266
BEN,national,national,1998,821.459971457775
BEN,national,national,1999,838.97678700046
BEN,national,national,2000,861.213292038555
BEN,national,national,2001,879.85446379954
BEN,national,national,2002,893.13710098792
BEN,national,national,2003,896.14676322811
BEN,national,national,2004,907.62443123609
BEN,national,national,2005,893.915368726229
BEN,national,national,2006,900.620535813856
BEN,national,national,2007,926.740113781346
BEN,national,national,2008,943.203380331621
BEN,national,national,2009,936.565651099118
BEN,national,national,2010,928.246655356464
BEN,national,national,2011,927.716412864011
BEN,national,national,2012,943.918771558781
BEN,national,national,2013,982.399206319429
BEN,national,national,2014,1014.43300624336
BEN,national,national,2015,1002.41886882564
BEN,national,national,2016,1006.03926635984
BEN,national,national,2017,1032.90471197222
BEN,national,national,2018,1071.50452160085
BEN,national,national,2019,1114.17304529722
BEN,national,national,2020,1126.6540412547
BEN,national,national,2021,1176.37727640735
BEN,national,national,2022,1218.50010515449
BEN,national,national,2023,1263.62565116943
BEN,national,national,2024,1308.76552437539
BEN,national,national,2025,1370.04408568976
BEN,national,national,2026,1432.34432234548
BEN,national,national,2027,1497.55722906992
BEN,national,national,2028,1540.80187019409
BEN,national,national,2029,1583.98456676357
BEN,national,national,2030,1627.71532989764
BFA,national,national,1960,244.167257873365
BFA,national,national,1961,250.394091012667
BFA,national,national,1962,261.880916903197
BFA,national,national,1963,254.731183016035
BFA,national,national,1964,256.568911549561
BFA,national,national,1965,262.001316967784
BFA,national,national,1966,259.130285238002
BFA,national,national,1967,277.313189171404
BFA,national,national,1968,280.960315015046
BFA,national,national,1969,281.73763833434
BFA,national,national,1970,277.184105813715
BFA,national,national,1971,276.290476527029
BFA,national,national,1972,277.846496112942
BFA,national,national,1973,274.152506421818
BFA,national,national,1974,291.303145502961
BFA,national,national,1975,294.050755641012
BFA,national,national,1976,312.385989060691
BFA,national,national,1977,306.319820987094
BFA,national,national,1978,312.546378441226
BFA,national,national,1979,315.71696837442
BFA,national,national,1980,309.805283645997
BFA,national,national,1981,314.286582559959
BFA,national,national,1982,334.96046501527
BFA,national,national,1983,326.730273513319
BFA,national,national,1984,311.788334185274
BFA,national,national,1985,328.715164630481
BFA,national,national,1986,344.993912306641
BFA,national,national,1987,334.888996959212
BFA,national,national,1988,344.904464201203
BFA,national,national,1989,343.089820260752
BFA,national,national,1990,332.153276660935
BFA,national,national,1991,353.206720757378
BFA,national,national,1992,345.401816823349
BFA,national,national,1993,348.581211032689
BFA,national,national,1994,344.371184069503
BFA,national,national,1995,354.841188502861
BFA,national,national,1996,383.973583031147
BFA,national,national,1997,397.838955257373
BFA,national,national,1998,415.273513470241
BFA,national,national,1999,433.104727597234
BFA,national,national,2000,428.309796566198
BFA,national,national,2001,442.914122870048
BFA,national,national,2002,448.128856317091
BFA,national,national,2003,468.263047790124
BFA,national,national,2004,474.086412333459
BFA,national,national,2005,499.192797571217
BFA,national,national,2006,514.113131757062
BFA,national,national,2007,519.26101218434
BFA,national,national,2008,533.471299938288
BFA,national,national,2009,533.470084831931
BFA,national,national,2010,561.847221302489
BFA,national,national,2011,581.603658737407
BFA,national,national,2012,600.731343697818
BFA,national,national,2013,616.741331164082
BFA,national,national,2014,624.576885187665
BFA,national,national,2015,630.124750752312
BFA,national,national,2016,648.420480176012
BFA,national,national,2017,669.276310328333
BFA,national,national,2018,694.492813126351
BFA,national,national,2019,717.021595096634
BFA,national,national,2020,713.8421779224
BFA,national,national,2021,745.472563435144
BFA,national,national,2022,739.363021191451
BFA,national,national,2023,744.165760639938
BFA,national,national,2024,763.611741792083
BFA,national,national,2025,778.803214759278
BFA,national,national,2026,797.797877821023
BFA,national,national,2027,820.300704377471
BFA,national,national,2028,839.125043690393
BFA,national,national,2029,858.354272079594
BFA,national,national,2030,879.129660859023
BGD,national,national,1960,436.076751843406
BGD,national,national,1961,448.144841836101
BGD,national,national,1962,446.016195459693
BGD,national,national,1963,455.511943940306
BGD,national,national,1964,469.411897043749
BGD,national,national,1965,465.429005623924
BGD,national,national,1966,453.596055063393
BGD,national,national,1967,456.604088865308
BGD,national,national,1968,466.774956669825
BGD,national,national,1969,469.734504363824
BGD,national,national,1970,459.538512259414
BGD,national,national,1971,408.032228246611
BGD,national,national,1972,374.247643555284
BGD,national,national,1973,387.261302628857
BGD,national,national,1974,386.385440913752
BGD,national,national,1975,378.884962862856
BGD,national,national,1976,384.797536174427
BGD,national,national,1977,393.735558125926
BGD,national,national,1978,407.027431225975
BGD,national,national,1979,408.448018389877
BGD,national,national,1980,414.381946563495
BGD,national,national,1981,422.204563700212
BGD,national,national,1982,423.25928785076
BGD,national,national,1983,430.214461386438
BGD,national,national,1984,436.582415216373
BGD,national,national,1985,442.231365946304
BGD,national,national,1986,449.37000499395
BGD,national,national,1987,453.249496903605
BGD,national,national,1988,455.546785830592
BGD,national,national,1989,465.349577899395
BGD,national,national,1990,477.059089998586
BGD,national,national,1991,489.022266355705
BGD,national,national,1992,504.282341578308
BGD,national,national,1993,516.258327073925
BGD,national,national,1994,529.627545685269
BGD,national,national,1995,545.004526891375
BGD,national,national,1996,559.174123993199
BGD,national,national,1997,575.359658010839
BGD,national,national,1998,592.340249168499
BGD,national,national,1999,610.396397992528
BGD,national,national,2000,630.924697849189
BGD,national,national,2001,648.480531119273
BGD,national,national,2002,666.24919570435
BGD,national,national,2003,689.74130456415
BGD,national,national,2004,720.930037717641
BGD,national,national,2005,759.311644399203
BGD,national,national,2006,802.463900204767
BGD,national,national,2007,845.983193792943
BGD,national,national,2008,884.093891936644
BGD,national,national,2009,922.696927447148
BGD,national,national,2010,969.622087899011
BGD,national,national,2011,1022.98567559816
BGD,national,national,2012,1076.77418155595
BGD,national,national,2013,1131.28224691552
BGD,national,national,2014,1191.89700572073
BGD,national,national,2015,1262.10869514479
BGD,national,national,2016,1336.79227550489
BGD,national,national,2017,1418.00206997949
BGD,national,national,2018,1513.22926350674
BGD,national,national,2019,1584.43697396528
BGD,national,national,2020,1653.37310380805
BGD,national,national,2021,1753.21481515974
BGD,national,national,2022,1844.86334115652
BGD,national,national,2023,1931.24907344678
BGD,national,national,2024,2014.94499518573
BGD,national,national,2025,2076.61186086275
BGD,national,national,2026,2162.60423342437
BGD,national,national,2027,2266.32834441738
BGD,national,national,2028,2383.34960337171
BGD,national,national,2029,2540.57540386372
BGD,national,national,2030,2686.07651743754
BGR,national,national,1960,1653.42765309402
BGR,national,national,1961,1744.25575553671
BGR,national,national,1962,1870.70272168242
BGR,national,national,1963,1940.51569454033
BGR,national,national,1964,2076.22356524882
BGR,national,national,1965,2185.92966545411
BGR,national,national,1966,2341.94028847332
BGR,national,national,1967,2452.7149545897
BGR,national,national,1968,2480.14147964102
BGR,national,national,1969,2580.94286392056
BGR,national,national,1970,2709.88315052548
BGR,national,national,1971,2783.25800975369
BGR,national,national,1972,2901.15644861068
BGR,national,national,1973,3000.17688970506
BGR,national,national,1974,3073.90793757031
BGR,national,national,1975,3310.77338119536
BGR,national,national,1976,3396.2586540826
BGR,national,national,1977,3347.46081080947
BGR,national,national,1978,3417.27378366738
BGR,national,national,1979,3545.50169299824
BGR,national,national,1980,3431.52132914859
BGR,national,national,1981,3587.69481410253
BGR,national,national,1982,3660.60732643687
BGR,national,national,1983,3776.74085827275
BGR,national,national,1984,3895.88975705667
BGR,national,national,1985,4000.49258137287
BGR,national,national,1986,4169.92309411374
BGR,national,national,1987,4415.89069875085
BGR,national,national,1988,4893.69408403981
BGR,national,national,1989,4788.39692329463
BGR,national,national,1990,4431.02891762801
BGR,national,national,1991,4097.19214824566
BGR,national,national,1992,3840.24641758088
BGR,national,national,1993,3813.70211369537
BGR,national,national,1994,3896.24431360077
BGR,national,national,1995,4025.64586412341
BGR,national,national,1996,4257.0951171265
BGR,national,national,1997,3678.51662422801
BGR,national,national,1998,3843.46218406876
BGR,national,national,1999,3540.55611680425
BGR,national,national,2000,3721.30348182223
BGR,national,national,2001,3941.27569674232
BGR,national,national,2002,4264.27177080032
BGR,national,national,2003,4523.28627075761
BGR,national,national,2004,4854.27341537934
BGR,national,national,2005,5236.08638411543
BGR,national,national,2006,5634.91118964622
BGR,national,national,2007,6054.23246498563
BGR,national,national,2008,6470.58971544526
BGR,national,national,2009,6294.43343149219
BGR,national,national,2010,6434.55247966718
BGR,national,national,2011,6611.30386682636
BGR,national,national,2012,6699.50303013555
BGR,national,national,2013,6700.53599670634
BGR,national,national,2014,6802.71036465632
BGR,national,national,2015,7078.86032298969
BGR,national,national,2016,7344.44354121172
BGR,national,national,2017,7601.43845373389
BGR,national,national,2018,7851.72598908168
BGR,national,national,2019,8206.78129446627
BGR,national,national,2020,7990.69254981114
BGR,national,national,2021,8682.88223826466
BGR,national,national,2022,9352.32652776208
BGR,national,national,2023,9819.57352949265
BGR,national,national,2024,10195.2001883917
BGR,national,national,2025,10428.2083791613
BGR,national,national,2026,10724.6538848002
BGR,national,national,2027,11069.4176280149
BGR,national,national,2028,11461.1461418866
BGR,national,national,2029,11859.3209718171
BGR,national,national,2030,12261.4569670489
BHR,national,national,1960,13077.7432602641
BHR,national,national,1961,13256.6532519094
BHR,national,national,1962,13481.7335639792
BHR,national,national,1963,13770.2980666329
BHR,national,national,1964,14133.8893399765
BHR,national,national,1965,14595.5925442224
BHR,national,national,1966,15100.5804238663
BHR,national,national,1967,15648.8529789083
BHR,national,national,1968,16191.3542438971
BHR,national,national,1969,16771.368894231
BHR,national,national,1970,17423.5246702283
BHR,national,national,1971,17249.0124224571
BHR,national,national,1972,18258.3131142924
BHR,national,national,1973,19724.6516534591
BHR,national,national,1974,20304.8174616131
BHR,national,national,1975,17582.5754413652
BHR,national,national,1976,21815.0764825317
BHR,national,national,1977,23475.826642995
BHR,national,national,1978,23251.0531134084
BHR,national,national,1979,22978.2198018726
BHR,national,national,1980,22551.9860925815
BHR,national,national,1981,20521.425016103
BHR,national,national,1982,18310.9908591644
BHR,national,national,1983,18811.4380955493
BHR,national,national,1984,19065.3191478664
BHR,national,national,1985,17516.6361043991
BHR,national,national,1986,17091.2903016984
BHR,national,national,1987,18193.2073441956
BHR,national,national,1988,18774.1395172075
BHR,national,national,1989,18183.311929769
BHR,national,national,1990,18345.8379968815
BHR,national,national,1991,20882.5059585425
BHR,national,national,1992,21701.2221810674
BHR,national,national,1993,23858.1932700978
BHR,national,national,1994,23180.3323729315
BHR,national,national,1995,23465.7128444519
BHR,national,national,1996,23795.2091340679
BHR,national,national,1997,23893.1335734362
BHR,national,national,1998,24386.5914731011
BHR,national,national,1999,24773.8463984048
BHR,national,national,2000,25407.9695506994
BHR,national,national,2001,25106.2869597603
BHR,national,national,2002,24149.0155867095
BHR,national,national,2003,23857.640497887
BHR,national,national,2004,23688.1119870174
BHR,national,national,2005,23439.6704259167
BHR,national,national,2006,23095.0182544673
BHR,national,national,2007,23112.4887473872
BHR,national,national,2008,23127.2147074223
BHR,national,national,2009,22206.9371565184
BHR,national,national,2010,22224.0736166249
BHR,national,national,2011,23288.0449398313
BHR,national,national,2012,23894.8804447088
BHR,national,national,2013,24271.6278814506
BHR,national,national,2014,24135.4991304849
BHR,national,national,2015,23734.0551143019
BHR,national,national,2016,23715.2791328712
BHR,national,national,2017,23606.8867501313
BHR,national,national,2018,24059.7838641562
BHR,national,national,2019,24873.6640060134
BHR,national,national,2020,23586.9309581516
BHR,national,national,2021,24086.7847803428
BHR,national,national,2022,25187.1425681324
BHR,national,national,2023,25076.6545031009
BHR,national,national,2024,25203.9814510625
BHR,national,national,2025,25544.6481174799
BHR,national,national,2026,25837.3017835935
BHR,national,national,2027,26174.550373731
BHR,national,national,2028,26293.9013214787
BHR,national,national,2029,26433.6459421638
BHR,national,national,2030,26596.5940114489
BHS,national,national,1960,18789.5115786787
BHS,national,national,1961,19793.2294428986
BHS,national,national,1962,20790.8003341132
BHS,national,national,1963,21857.1700319536
BHS,national,national,1964,23053.3240914303
BHS,national,national,1965,24351.4507003446
BHS,national,national,1966,25373.4870926561
BHS,national,national,1967,26541.8716756185
BHS,national,national,1968,27453.7700282719
BHS,national,national,1969,28592.8868514431
BHS,national,national,1970,25956.473942416
BHS,national,national,1971,25566.6648968906
BHS,national,national,1972,24018.3711889621
BHS,national,national,1973,25226.592122645
BHS,national,national,1974,20534.6459756631
BHS,national,national,1975,17116.1149801236
BHS,national,national,1976,17616.2684561503
BHS,national,national,1977,18820.503882116
BHS,national,national,1978,21047.0102581003
BHS,national,national,1979,26028.7000516419
BHS,national,national,1980,27207.2129469724
BHS,national,national,1981,24270.2737208141
BHS,national,national,1982,25465.6139952042
BHS,national,national,1983,25941.3170492243
BHS,national,national,1984,29121.8177407419
BHS,national,national,1985,30010.7056229913
BHS,national,national,1986,30030.1868949219
BHS,national,national,1987,30407.0574255073
BHS,national,national,1988,30582.4522599191
BHS,national,national,1989,32070.5170498418
BHS,national,national,1990,31013.4113096277
BHS,national,national,1991,29209.8799129391
BHS,national,national,1992,27581.9230250065
BHS,national,national,1993,27152.8748810207
BHS,national,national,1994,27519.5438938555
BHS,national,national,1995,28252.7077066212
BHS,national,national,1996,28983.8030082001
BHS,national,national,1997,28919.2895646365
BHS,national,national,1998,29854.6965869756
BHS,national,national,1999,31562.5997734386
BHS,national,national,2000,32443.4821122756
BHS,national,national,2001,32889.1043697221
BHS,national,national,2002,33393.907041321
BHS,national,national,2003,32578.1443340618
BHS,national,national,2004,32462.8400808186
BHS,national,national,2005,33163.9593062091
BHS,national,national,2006,33561.2518428191
BHS,national,national,2007,33568.7414244241
BHS,national,national,2008,32350.5258109189
BHS,national,national,2009,30599.0229081654
BHS,national,national,2010,30675.1646102905
BHS,national,national,2011,30510.3112586785
BHS,national,national,2012,31111.9605332274
BHS,national,national,2013,29943.2833151727
BHS,national,national,2014,30229.5788172228
BHS,national,national,2015,30289.4022514831
BHS,national,national,2016,29788.630398974
BHS,national,national,2017,30432.0034857242
BHS,national,national,2018,31054.8232648137
BHS,national,national,2019,30481.3536731138
BHS,national,national,2020,23879.3136835653
BHS,national,national,2021,27522.0226408093
BHS,national,national,2022,30400.100277377
BHS,national,national,2023,31053.8006388734
BHS,national,national,2024,31299.5323935843
BHS,national,national,2025,31506.2012309787
BHS,national,national,2026,31760.9322516972
BHS,national,national,2027,32041.7201376898
BHS,national,national,2028,32216.2049043563
BHS,national,national,2029,32375.6915134596
BHS,national,national,2030,32535.9667753467
BIH,national,national,1960,385.468981368697
BIH,national,national,1961,392.719181645224
BIH,national,national,1962,385.066192464445
BIH,national,national,1963,426.1506606981
BIH,national,national,1964,465.758236282831
BIH,national,national,1965,479.184533091215
BIH,national,national,1966,511.54190839942
BIH,national,national,1967,499.99529314421
BIH,national,national,1968,516.77816415469
BIH,national,national,1969,554.774584122415
BIH,national,national,1970,570.751877324392
BIH,national,national,1971,602.840726696429
BIH,national,national,1972,625.799694238765
BIH,national,national,1973,644.596509770503
BIH,national,national,1974,686.352292844576
BIH,national,national,1975,704.477793535894
BIH,national,national,1976,707.297315865655
BIH,national,national,1977,758.182980769429
BIH,national,national,1978,802.489760237095
BIH,national,national,1979,856.060684502546
BIH,national,national,1980,884.52443373632
BIH,national,national,1981,907.886190182908
BIH,national,national,1982,918.492964661531
BIH,national,national,1983,909.36308283183
BIH,national,national,1984,918.761490597698
BIH,national,national,1985,923.057905576381
BIH,national,national,1986,948.702132480394
BIH,national,national,1987,924.534798225303
BIH,national,national,1988,895.265471183027
BIH,national,national,1989,901.038778810632
BIH,national,national,1990,791.211670918053
BIH,national,national,1991,715.689938075882
BIH,national,national,1992,704.999683364069
BIH,national,national,1993,747.930428983879
BIH,national,national,1994,871.142724291713
BIH,national,national,1995,1012.92705452504
BIH,national,national,1996,1497.56624773882
BIH,national,national,1997,1973.47801454223
BIH,national,national,1998,2261.36869447791
BIH,national,national,1999,2452.13193858336
BIH,national,national,2000,2566.58782060588
BIH,national,national,2001,2616.41412523094
BIH,national,national,2002,2742.33362647095
BIH,national,national,2003,2854.84504596813
BIH,national,national,2004,3062.93618997193
BIH,national,national,2005,3216.86881717187
BIH,national,national,2006,3418.75501252184
BIH,national,national,2007,3663.94488965387
BIH,national,national,2008,3927.87965579966
BIH,national,national,2009,3876.39718028292
BIH,national,national,2010,3980.04128344756
BIH,national,national,2011,4093.05152243746
BIH,national,national,2012,4138.70218363601
BIH,national,national,2013,4305.4675564178
BIH,national,national,2014,4411.38102277262
BIH,national,national,2015,4662.25883724069
BIH,national,national,2016,4876.5347244666
BIH,national,national,2017,5099.81613758953
BIH,national,national,2018,5360.17443893099
BIH,national,national,2019,5583.29732033466
BIH,national,national,2020,5490.75367062899
BIH,national,national,2021,5995.44817572385
BIH,national,national,2022,6327.06293910437
BIH,national,national,2023,6507.01987550791
BIH,national,national,2024,6687.01224131132
BIH,national,national,2025,6920.39702638283
BIH,national,national,2026,7194.16046563815
BIH,national,national,2027,7509.00615029428
BIH,national,national,2028,7756.84455517074
BIH,national,national,2029,8015.27780936014
BIH,national,national,2030,8282.40621108492
BLR,national,national,1973,2101.30285765185
BLR,national,national,1980,2390.00841752105
BLR,national,national,1981,2479.94548983633
BLR,national,national,1982,2573.91335530859
BLR,national,national,1983,2687.27941284885
BLR,national,national,1984,2760.33753881925
BLR,national,national,1985,2771.17029542865
BLR,national,national,1986,2829.11294706034
BLR,national,national,1987,2845.99189340522
BLR,national,national,1988,2821.05136074636
BLR,national,national,1989,2996.13893850299
BLR,national,national,1990,2888.81907069821
BLR,national,national,1991,2852.83689147968
BLR,national,national,1992,2573.30498643864
BLR,national,national,1993,2372.49018343591
BLR,national,national,1994,2097.38630357777
BLR,national,national,1995,1885.36460876549
BLR,national,national,1996,1944.69111376635
BLR,national,national,1997,2175.40833900412
BLR,national,national,1998,2368.78831406642
BLR,national,national,1999,2460.37464166009
BLR,national,national,2000,2615.36929738429
BLR,national,national,2001,2753.03951749076
BLR,national,national,2002,2910.40552581074
BLR,national,national,2003,3137.2692460885
BLR,national,national,2004,3520.41196333398
BLR,national,national,2005,3877.72558343066
BLR,national,national,2006,4291.69554039507
BLR,national,national,2007,4682.21666120022
BLR,national,national,2008,5177.65628805365
BLR,national,national,2009,5200.78517563822
BLR,national,national,2010,5616.10598460952
BLR,national,national,2011,5941.70254722329
BLR,national,national,2012,6052.65016288478
BLR,national,national,2013,6115.445804695
BLR,national,national,2014,6212.92980286522
BLR,national,national,2015,5967.06856034227
BLR,national,national,2016,5811.21387285116
BLR,national,national,2017,5964.90929450138
BLR,national,national,2018,6165.92623183228
BLR,national,national,2019,6267.7483339582
BLR,national,national,2020,6252.00220091446
BLR,national,national,2021,6457.74418441168
BLR,national,national,2022,6206.63221336061
BLR,national,national,2023,6482.80295076287
BLR,national,national,2024,6748.53248580303
BLR,national,national,2025,6940.7550801951
BLR,national,national,2026,7069.47165384677
BLR,national,national,2027,7173.35705907597
BLR,national,national,2028,7277.30612600554
BLR,national,national,2029,7374.88589373258
BLR,national,national,2030,7472.95065119762
BLZ,national,national,1960,1554.73650901524
BLZ,national,national,1961,1590.49534112485
BLZ,national,national,1962,1626.44946137565
BLZ,national,national,1963,1661.02467035008
BLZ,national,national,1964,1694.31090585267
BLZ,national,national,1965,1725.67330207481
BLZ,national,national,1966,1753.86597663694
BLZ,national,national,1967,1784.3741331061
BLZ,national,national,1968,1858.36452184413
BLZ,national,national,1969,1898.20625159724
BLZ,national,national,1970,1945.04198293153
BLZ,national,national,1971,1987.98750307575
BLZ,national,national,1972,2158.24409919594
BLZ,national,national,1973,2241.94064142594
BLZ,national,national,1974,2511.38843624041
BLZ,national,national,1975,2557.68159806883
BLZ,national,national,1976,2504.71434531537
BLZ,national,national,1977,2612.70757763821
BLZ,national,national,1978,2762.21027233446
BLZ,national,national,1979,2907.6940487945
BLZ,national,national,1980,3183.73545687114
BLZ,national,national,1981,3139.22709388774
BLZ,national,national,1982,3058.54265733743
BLZ,national,national,1983,2921.07446456512
BLZ,national,national,1984,2909.06007780466
BLZ,national,national,1985,2871.03040262932
BLZ,national,national,1986,2934.26574957884
BLZ,national,national,1987,3177.26856009795
BLZ,national,national,1988,3411.7709927208
BLZ,national,national,1989,3771.13384766321
BLZ,national,national,1990,4111.68186005974
BLZ,national,national,1991,4498.65988154226
BLZ,national,national,1992,4966.68328051626
BLZ,national,national,1993,5165.5406214628
BLZ,national,national,1994,5055.70052469135
BLZ,national,national,1995,4966.79958676435
BLZ,national,national,1996,4874.55662204451
BLZ,national,national,1997,4914.25622252639
BLZ,national,national,1998,4930.24629363195
BLZ,national,national,1999,5212.36550357123
BLZ,national,national,2000,5662.33419045965
BLZ,national,national,2001,5763.67721322443
BLZ,national,national,2002,5893.70035034857
BLZ,national,national,2003,6273.01058592748
BLZ,national,national,2004,6381.59597801024
BLZ,national,national,2005,6335.67777675053
BLZ,national,national,2006,6434.11864385377
BLZ,national,national,2007,6465.21936364157
BLZ,national,national,2008,6183.93891771798
BLZ,national,national,2009,5997.24330826644
BLZ,national,national,2010,5919.55662085777
BLZ,national,national,2011,5777.83112948952
BLZ,national,national,2012,5866.25148992843
BLZ,national,national,2013,5998.17830945783
BLZ,national,national,2014,6109.47778375326
BLZ,national,national,2015,6154.49593498217
BLZ,national,national,2016,6016.49646985703
BLZ,national,national,2017,5772.92692023491
BLZ,national,national,2018,5729.21045186202
BLZ,national,national,2019,5886.9622354935
BLZ,national,national,2020,5003.87784847193
BLZ,national,national,2021,5824.30394264153
BLZ,national,national,2022,6269.37997445105
BLZ,national,national,2023,6212.26051785042
BLZ,national,national,2024,6441.59004793609
BLZ,national,national,2025,6586.43870795084
BLZ,national,national,2026,6680.93246037234
BLZ,national,national,2027,6769.83623658737
BLZ,national,national,2028,6815.49293963448
BLZ,national,national,2029,6854.89396746597
BLZ,national,national,2030,6888.66197511584
BMU,national,national,1960,39906.0219422945
BMU,national,national,1961,40887.2553277031
BMU,national,national,1962,41637.3631417601
BMU,national,national,1963,41060.9761296957
BMU,national,national,1964,44570.9985986152
BMU,national,national,1965,45658.5944548796
BMU,national,national,1966,51062.4081514285
BMU,national,national,1967,56696.1527093867
BMU,national,national,1968,56867.5774623567
BMU,national,national,1969,57787.6562270768
BMU,national,national,1970,60471.255277804
BMU,national,national,1971,61975.665563665
BMU,national,national,1972,62864.8733493888
BMU,national,national,1973,63625.2779332653
BMU,national,national,1974,64050.3241864199
BMU,national,national,1975,66372.4924551379
BMU,national,national,1976,72195.1610959722
BMU,national,national,1977,76292.2393841989
BMU,national,national,1978,77242.7029002796
BMU,national,national,1979,78775.0614273019
BMU,national,national,1980,84785.7462251032
BMU,national,national,1981,86283.5987978388
BMU,national,national,1982,81137.1319313892
BMU,national,national,1983,82177.8355724679
BMU,national,national,1984,81986.7194401669
BMU,national,national,1985,79797.3827166062
BMU,national,national,1986,84596.3528723121
BMU,national,national,1987,87182.1874028497
BMU,national,national,1988,90024.0922838766
BMU,national,national,1989,89743.0558156557
BMU,national,national,1990,89089.7346423608
BMU,national,national,1991,85311.0494288592
BMU,national,national,1992,84642.6084927299
BMU,national,national,1993,86582.8344997142
BMU,national,national,1994,86545.7823557807
BMU,national,national,1995,89849.1250139813
BMU,national,national,1996,91743.2962338679
BMU,national,national,1997,95383.0225110365
BMU,national,national,1998,98347.9089816051
BMU,national,national,1999,100867.914579743
BMU,national,national,2000,109502.763102809
BMU,national,national,2001,116809.925253071
BMU,national,national,2002,114574.433608566
BMU,national,national,2003,118018.831592635
BMU,national,national,2004,120432.12052555
BMU,national,national,2005,122143.799577518
BMU,national,national,2006,128662.931924261
BMU,national,national,2007,132595.482654866
BMU,national,national,2008,129525.177139097
BMU,national,national,2009,121727.584908744
BMU,national,national,2010,118382.908990645
BMU,national,national,2011,113937.835700983
BMU,national,national,2012,108040.575659203
BMU,national,national,2013,107860.394791964
BMU,national,national,2014,103941.982606956
BMU,national,national,2015,104855.366822135
BMU,national,national,2016,104190.876720334
BMU,national,national,2017,107734.608357327
BMU,national,national,2018,106843.163739391
BMU,national,national,2019,106708.987911684
BMU,national,national,2020,98982.425748059
BMU,national,national,2021,103917.0347374
BMU,national,national,2022,110427.556780609
BMU,national,national,2023,110409.810458449
BOL,national,national,1960,1276.96577008225
BOL,national,national,1961,1277.28494443194
BOL,national,national,1962,1321.00916077208
BOL,national,national,1963,1381.64409549157
BOL,national,national,1964,1406.29044412071
BOL,national,national,1965,1444.22712246829
BOL,national,national,1966,1514.70697668936
BOL,national,national,1967,1575.4963589758
BOL,national,national,1968,1672.33210422978
BOL,national,national,1969,1708.50359247124
BOL,national,national,1970,1758.01016086624
BOL,national,national,1971,1805.9739206576
BOL,national,national,1972,1906.55558234817
BOL,national,national,1973,1971.13271985708
BOL,national,national,1974,1983.71650104687
BOL,national,national,1975,2081.06943917612
BOL,national,national,1976,2127.83294572587
BOL,national,national,1977,2182.67536700509
BOL,national,national,1978,2176.90982570093
BOL,national,national,1979,2130.75447360771
BOL,national,national,1980,2054.7972663484
BOL,national,national,1981,2015.24575849298
BOL,national,national,1982,1894.05947037451
BOL,national,national,1983,1778.78743254424
BOL,national,national,1984,1737.6872763946
BOL,national,national,1985,1672.78977973517
BOL,national,national,1986,1595.83503236038
BOL,national,national,1987,1601.01834513147
BOL,national,national,1988,1613.0484695339
BOL,national,national,1989,1639.1133381549
BOL,national,national,1990,1679.40847737071
BOL,national,national,1991,1731.39513976862
BOL,national,national,1992,1724.36334306425
BOL,national,national,1993,1762.66830681419
BOL,national,national,1994,1809.57064873433
BOL,national,national,1995,1858.78184965565
BOL,national,national,1996,1904.28701924027
BOL,national,national,1997,1962.86404020257
BOL,national,national,1998,2025.50334413825
BOL,national,national,1999,1998.94533775903
BOL,national,national,2000,2014.19024421967
BOL,national,national,2001,2013.84580846685
BOL,national,national,2002,2029.66993400326
BOL,national,national,2003,2050.07133171186
BOL,national,national,2004,2099.99080817148
BOL,national,national,2005,2156.18670072156
BOL,national,national,2006,2221.42722326294
BOL,national,national,2007,2283.4273330342
BOL,national,national,2008,2383.2503229842
BOL,national,national,2009,2422.5757910558
BOL,national,national,2010,2481.40700559612
BOL,national,national,2011,2568.52051362119
BOL,national,national,2012,2657.23884603876
BOL,national,national,2013,2793.51456770698
BOL,national,national,2014,2900.90241433528
BOL,national,national,2015,2996.01289804214
BOL,national,national,2016,3077.57057479881
BOL,national,national,2017,3160.16421043125
BOL,national,national,2018,3246.7643418883
BOL,national,national,2019,3272.38170834596
BOL,national,national,2020,2949.81954615545
BOL,national,national,2021,3098.35062100148
BOL,national,national,2022,3172.91046271232
BOL,national,national,2023,3226.08755673382
BOL,national,national,2024,3235.03211858564
BOL,national,national,2025,3229.5892556574
BOL,national,national,2026,3223.73660821849
BOL,national,national,2027,3218.11537418151
BOL,national,national,2028,NA
BOL,national,national,2029,NA
BOL,national,national,2030,NA
BRA,national,national,1960,2603.51901056021
BRA,national,national,1961,2743.38888857931
BRA,national,national,1962,2838.47229930842
BRA,national,national,1963,2772.57994918503
BRA,national,national,1964,2785.07443226617
BRA,national,national,1965,2772.67176404659
BRA,national,national,1966,2878.69979364043
BRA,national,national,1967,2921.37242652577
BRA,national,national,1968,3126.53548198783
BRA,national,national,1969,3338.76247452727
BRA,national,national,1970,3595.9508629887
BRA,national,national,1971,3907.01225997441
BRA,national,national,1972,4268.3838471911
BRA,national,national,1973,4748.26246409377
BRA,national,national,1974,5013.81724755295
BRA,national,national,1975,5148.91061899153
BRA,national,national,1976,5543.43637970313
BRA,national,national,1977,5679.78591025404
BRA,national,national,1978,5821.4913127909
BRA,national,national,1979,6069.054743407
BRA,national,national,1980,6472.85214624339
BRA,national,national,1981,6055.097814584
BRA,national,national,1982,5967.77899616392
BRA,national,national,1983,5664.96368529589
BRA,national,national,1984,5841.74986493372
BRA,national,national,1985,6167.51343689502
BRA,national,national,1986,6494.28087947056
BRA,national,national,1987,6591.60882903631
BRA,national,national,1988,6463.00545270892
BRA,national,national,1989,6545.42575605596
BRA,national,national,1990,6149.86788957152
BRA,national,national,1991,6107.64883706306
BRA,national,national,1992,5973.98285652476
BRA,national,national,1993,6167.4609220979
BRA,national,national,1994,6427.16901975862
BRA,national,national,1995,6596.33572707823
BRA,national,national,1996,6640.72700688977
BRA,national,national,1997,6764.85842125167
BRA,national,national,1998,6687.49523583703
BRA,national,national,1999,6621.6367628267
BRA,national,national,2000,6817.78424119813
BRA,national,national,2001,6823.03397034029
BRA,national,national,2002,6944.62337530502
BRA,national,national,2003,6941.44045779811
BRA,national,national,2004,7258.78185202231
BRA,national,national,2005,7409.56913269792
BRA,national,national,2006,7622.04007171401
BRA,national,national,2007,8003.25413136092
BRA,national,national,2008,8330.76459882987
BRA,national,national,2009,8246.09707036353
BRA,national,national,2010,8792.63436164336
BRA,national,national,2011,9067.99316393419
BRA,national,national,2012,9167.49923975685
BRA,national,national,2013,9366.73932481225
BRA,national,national,2014,9338.34278324839
BRA,national,national,2015,8936.19661756825
BRA,national,national,2016,8577.8437669383
BRA,national,national,2017,8628.25308951214
BRA,national,national,2018,8722.33630361577
BRA,national,national,2019,8771.44051336065
BRA,national,national,2020,8435.01143297182
BRA,national,national,2021,8799.22945854927
BRA,national,national,2022,9032.08481611491
BRA,national,national,2023,9258.05329063487
BRA,national,national,2024,9501.90153970011
BRA,national,national,2025,9622.89666348831
BRA,national,national,2026,9764.57830474876
BRA,national,national,2027,9908.34749329559
BRA,national,national,2028,10107.3490034542
BRA,national,national,2029,10325.2943865639
BRA,national,national,2030,10556.009733911
BRB,national,national,1960,7381.7971438422
BRB,national,national,1961,7873.04780157899
BRB,national,national,1962,8510.62521839519
BRB,national,national,1963,7999.08328047661
BRB,national,national,1964,8315.38348028868
BRB,national,national,1965,9172.24086694893
BRB,national,national,1966,9439.02087637345
BRB,national,national,1967,10354.4256371948
BRB,national,national,1968,11006.5952048034
BRB,national,national,1969,11791.2280425428
BRB,national,national,1970,12915.4547220798
BRB,national,national,1971,13432.5964951553
BRB,national,national,1972,13577.0012203599
BRB,national,national,1973,13722.5311626719
BRB,national,national,1974,13060.5783482268
BRB,national,national,1975,12792.1253941318
BRB,national,national,1976,13335.7131391662
BRB,national,national,1977,13811.3204153898
BRB,national,national,1978,14489.2088041061
BRB,national,national,1979,15650.3880247556
BRB,national,national,1980,16318.2291040224
BRB,national,national,1981,15960.8845873917
BRB,national,national,1982,15129.1744290501
BRB,national,national,1983,15151.3117660042
BRB,national,national,1984,15639.6736406066
BRB,national,national,1985,15755.808574781
BRB,national,national,1986,16508.5149592767
BRB,national,national,1987,16892.7326143465
BRB,national,national,1988,17452.0562043171
BRB,national,national,1989,18056.0932027769
BRB,national,national,1990,17426.9351835134
BRB,national,national,1991,16696.22733988
BRB,national,national,1992,15691.7053745298
BRB,national,national,1993,15770.1013386706
BRB,national,national,1994,16050.7397691905
BRB,national,national,1995,16347.8193415767
BRB,national,national,1996,16982.0088873431
BRB,national,national,1997,17779.6524073263
BRB,national,national,1998,18439.4684285478
BRB,national,national,1999,18495.4685457422
BRB,national,national,2000,19351.4637536222
BRB,national,national,2001,18867.6490272458
BRB,national,national,2002,18892.1731269
BRB,national,national,2003,19184.9279509598
BRB,national,national,2004,19344.9607588108
BRB,national,national,2005,20004.7667883518
BRB,national,national,2006,21117.3140469227
BRB,national,national,2007,21454.1970493913
BRB,national,national,2008,21477.2080975613
BRB,national,national,2009,20294.7825842242
BRB,national,national,2010,19763.952363572
BRB,national,national,2011,19555.7321072204
BRB,national,national,2012,19438.2179113021
BRB,national,national,2013,19191.4375467197
BRB,national,national,2014,19160.122299023
BRB,national,national,2015,18954.2913724506
BRB,national,national,2016,19251.9834223357
BRB,national,national,2017,19237.287488428
BRB,national,national,2018,18974.8571786909
BRB,national,national,2019,19064.9975884863
BRB,national,national,2020,16166.6559507829
BRB,national,national,2021,16099.7749737734
BRB,national,national,2022,18959.3351638653
BRB,national,national,2023,19734.2380260921
BRB,national,national,2024,20451.9922343053
BRB,national,national,2025,21009.8563998102
BRB,national,national,2026,21429.7653776259
BRB,national,national,2027,21787.9521624015
BRB,national,national,2028,22167.475302781
BRB,national,national,2029,22553.6090476918
BRB,national,national,2030,22946.4688300482
BRN,national,national,1974,64932.0840839357
BRN,national,national,1975,62303.4678936059
BRN,national,national,1976,72760.0835955631
BRN,national,national,1977,77308.8627850426
BRN,national,national,1978,80082.6791351614
BRN,national,national,1979,96517.1332928907
BRN,national,national,1980,84483.3893541681
BRN,national,national,1981,63568.3322142571
BRN,national,national,1982,63000.6739515813
BRN,national,national,1983,61220.7077917469
BRN,national,national,1984,57811.7718396773
BRN,national,national,1985,54270.0843329089
BRN,national,national,1986,49618.4645310336
BRN,national,national,1987,49057.0845185838
BRN,national,national,1988,46889.4913868888
BRN,national,national,1989,44296.3388663286
BRN,national,national,1990,44179.8276912649
BRN,national,national,1991,44201.1393897195
BRN,national,national,1992,41672.3707444004
BRN,national,national,1993,40342.0502418347
BRN,national,national,1994,39721.4342531039
BRN,national,national,1995,39274.4977645821
BRN,national,national,1996,38331.6574507639
BRN,national,national,1997,39820.2106577615
BRN,national,national,1998,36331.1811884432
BRN,national,national,1999,37045.9342090551
BRN,national,national,2000,37509.5983267664
BRN,national,national,2001,37269.3097506594
BRN,national,national,2002,37976.262662486
BRN,national,national,2003,38595.1686901058
BRN,national,national,2004,37948.6589495693
BRN,national,national,2005,37312.2777967112
BRN,national,national,2006,38229.3564968534
BRN,national,national,2007,36174.5163676434
BRN,national,national,2008,34126.6940866315
BRN,national,national,2009,32855.6020295133
BRN,national,national,2010,33121.3176732283
BRN,national,national,2011,33754.3639675001
BRN,national,national,2012,33544.538880398
BRN,national,national,2013,32381.0738305277
BRN,national,national,2014,31148.729616258
BRN,national,national,2015,30625.128732694
BRN,national,national,2016,29492.4145383772
BRN,national,national,2017,29524.65904505
BRN,national,national,2018,29200.1951241759
BRN,national,national,2019,29996.2405849189
BRN,national,national,2020,30015.9587299585
BRN,national,national,2021,29256.1832859253
BRN,national,national,2022,28549.175527547
BRN,national,national,2023,28725.115657314
BRN,national,national,2024,29404.8087746846
BRN,national,national,2025,29913.2022456359
BRN,national,national,2026,30461.1700827268
BRN,national,national,2027,31060.6614756127
BRN,national,national,2028,31750.0639146594
BRN,national,national,2029,32520.5205858819
BRN,national,national,2030,33278.7089459403
BTN,national,national,1970,409.399510072882
BTN,national,national,1971,406.291418893508
BTN,national,national,1972,397.262037460799
BTN,national,national,1973,389.593921487176
BTN,national,national,1974,395.97778050326
BTN,national,national,1975,370.056039458762
BTN,national,national,1976,389.665426040691
BTN,national,national,1977,406.337368782372
BTN,national,national,1978,420.682203200014
BTN,national,national,1979,426.159561562814
BTN,national,national,1980,432.838643462
BTN,national,national,1981,482.235722747426
BTN,national,national,1982,483.023534442507
BTN,national,national,1983,516.678056127313
BTN,national,national,1984,523.422165120676
BTN,national,national,1985,527.791600322016
BTN,national,national,1986,570.0542881576
BTN,national,national,1987,713.587145794947
BTN,national,national,1988,725.55491614877
BTN,national,national,1989,756.380975631694
BTN,national,national,1990,812.671325538642
BTN,national,national,1991,795.191843708186
BTN,national,national,1992,863.463896126707
BTN,national,national,1993,917.291293474134
BTN,national,national,1994,963.016574811426
BTN,national,national,1995,1043.38748999705
BTN,national,national,1996,1099.85817853784
BTN,national,national,1997,1138.39922383557
BTN,national,national,1998,1182.9878113352
BTN,national,national,1999,1248.61600819794
BTN,national,national,2000,1259.62376434566
BTN,national,national,2001,1321.09878328869
BTN,national,national,2002,1427.25693198024
BTN,national,national,2003,1506.41527569643
BTN,national,national,2004,1552.7391509344
BTN,national,national,2005,1632.021693912
BTN,national,national,2006,1701.11878238422
BTN,national,national,2007,1952.25734668794
BTN,national,national,2008,2017.76018816244
BTN,national,national,2009,2148.56480306587
BTN,national,national,2010,2378.72810818592
BTN,national,national,2011,2552.48871081346
BTN,national,national,2012,2654.7479890751
BTN,national,national,2013,2671.07460167268
BTN,national,national,2014,2797.81883896042
BTN,national,national,2015,2954.04081973327
BTN,national,national,2016,3173.36773176318
BTN,national,national,2017,3211.80903329561
BTN,national,national,2018,3300.55006453134
BTN,national,national,2019,3467.3859894972
BTN,national,national,2020,3092.12428419388
BTN,national,national,2021,3206.20367057183
BTN,national,national,2022,3349.73309611324
BTN,national,national,2023,3484.2289368338
BTN,national,national,2024,3630.24279206952
BTN,national,national,2025,3844.64275322347
BTN,national,national,2026,4107.75837709369
BTN,national,national,2027,4300.1026432305
BTN,national,national,2028,4511.71721755958
BTN,national,national,2029,4801.18306584178
BTN,national,national,2030,5032.66539050623
BWA,national,national,1960,393.861742487166
BWA,national,national,1961,409.502166469248
BWA,national,national,1962,426.901637851857
BWA,national,national,1963,441.728045569419
BWA,national,national,1964,460.824434130607
BWA,national,national,1965,480.490649773385
BWA,national,national,1966,508.141727280139
BWA,national,national,1967,535.405247145742
BWA,national,national,1968,588.907189594904
BWA,national,national,1969,674.389989055809
BWA,national,national,1970,785.474884442778
BWA,national,national,1971,971.592899383618
BWA,national,national,1972,1184.47370056075
BWA,national,national,1973,1370.73282732856
BWA,national,national,1974,1419.44206854257
BWA,national,national,1975,1464.68785200858
BWA,national,national,1976,1539.17387299982
BWA,national,national,1977,1635.51259140874
BWA,national,national,1978,1760.57070364001
BWA,national,national,1979,1859.49457887642
BWA,national,national,1980,2002.99615272235
BWA,national,national,1981,2111.34563888905
BWA,national,national,1982,2276.04982459673
BWA,national,national,1983,2484.51795571067
BWA,national,national,1984,2603.44865679004
BWA,national,national,1985,2693.78188151685
BWA,national,national,1986,2816.7693715823
BWA,national,national,1987,3050.23176245012
BWA,national,national,1988,3536.42325387877
BWA,national,national,1989,3888.73045113925
BWA,national,national,1990,4039.46544455099
BWA,national,national,1991,4224.09857544948
BWA,national,national,1992,4226.73999498293
BWA,national,national,1993,4186.14547358363
BWA,national,national,1994,4219.4408088678
BWA,national,national,1995,4399.1388580936
BWA,national,national,1996,4543.2105349273
BWA,national,national,1997,4809.4439184672
BWA,national,national,1998,4724.93670942028
BWA,national,national,1999,5070.94772048729
BWA,national,national,2000,5062.64289173588
BWA,national,national,2001,4971.96371794188
BWA,national,national,2002,5175.47655317231
BWA,national,national,2003,5320.440295139
BWA,national,national,2004,5369.42516766112
BWA,national,national,2005,5514.21742664705
BWA,national,national,2006,5865.00026521361
BWA,national,national,2007,6085.6354476126
BWA,national,national,2008,6158.61629368051
BWA,national,national,2009,5179.4138607146
BWA,national,national,2010,5584.62949436356
BWA,national,national,2011,5850.21717127884
BWA,national,national,2012,5743.05277966638
BWA,national,national,2013,6285.11821840855
BWA,national,national,2014,6547.1232682172
BWA,national,national,2015,6141.20394726616
BWA,national,national,2016,6490.83463593483
BWA,national,national,2017,6662.57549449506
BWA,national,national,2018,6843.80580621129
BWA,national,national,2019,6951.71989827806
BWA,national,national,2020,6254.2461755493
BWA,national,national,2021,6896.17866856924
BWA,national,national,2022,7159.8638374729
BWA,national,national,2023,7235.92910677284
BWA,national,national,2024,7188.20682274475
BWA,national,national,2025,7113.21456837744
BWA,national,national,2026,7296.76973303008
BWA,national,national,2027,7457.58302227324
BWA,national,national,2028,7718.95167138782
BWA,national,national,2029,7986.65430159678
BWA,national,national,2030,8231.14216240998
CAF,national,national,1960,575.894391468806
CAF,national,national,1961,593.189558332525
CAF,national,national,1962,560.326768152575
CAF,national,national,1963,545.581408664112
CAF,national,national,1964,545.874892158702
CAF,national,national,1965,539.817040213822
CAF,national,national,1966,531.90309134597
CAF,national,national,1967,544.747072768765
CAF,national,national,1968,540.093413129288
CAF,national,national,1969,565.30834319678
CAF,national,national,1970,565.812174200598
CAF,national,national,1971,560.464655722271
CAF,national,national,1972,549.598711724139
CAF,national,national,1973,549.35454984184
CAF,national,national,1974,573.024209010012
CAF,national,national,1975,564.260762473446
CAF,national,national,1976,586.137157573357
CAF,national,national,1977,602.199701083141
CAF,national,national,1978,603.119667759043
CAF,national,national,1979,581.982298397451
CAF,national,national,1980,549.851069399498
CAF,national,national,1981,535.271803204363
CAF,national,national,1982,569.909860587753
CAF,national,national,1983,517.400561236801
CAF,national,national,1984,559.576063736741
CAF,national,national,1985,574.324850721819
CAF,national,national,1986,587.348322352386
CAF,national,national,1987,551.039434586106
CAF,national,national,1988,551.209370152878
CAF,national,national,1989,547.973638780833
CAF,national,national,1990,519.786735961912
CAF,national,national,1991,500.991150890901
CAF,national,national,1992,454.148968239471
CAF,national,national,1993,441.384907508364
CAF,national,national,1994,448.784442959801
CAF,national,national,1995,468.150527620686
CAF,national,national,1996,437.925054761723
CAF,national,national,1997,448.634663639551
CAF,national,national,1998,457.148858416438
CAF,national,national,1999,460.827900216085
CAF,national,national,2000,437.168928414826
CAF,national,national,2001,446.658634192083
CAF,national,national,2002,452.808702217035
CAF,national,national,2003,418.240532289858
CAF,national,national,2004,433.825227770233
CAF,national,national,2005,427.968043155237
CAF,national,national,2006,439.294330902768
CAF,national,national,2007,450.762785401893
CAF,national,national,2008,450.313616886022
CAF,national,national,2009,492.215398914836
CAF,national,national,2010,519.141456408484
CAF,national,national,2011,532.38295493852
CAF,national,national,2012,553.729578314912
CAF,national,national,2013,349.821171688973
CAF,national,national,2014,351.561554911625
CAF,national,national,2015,366.322853938121
CAF,national,national,2016,376.858254120398
CAF,national,national,2017,387.35795131742
CAF,national,national,2018,395.020015455909
CAF,national,national,2019,401.82582161435
CAF,national,national,2020,398.834274122139
CAF,national,national,2021,396.020622931961
CAF,national,national,2022,399.106838645128
CAF,national,national,2023,398.330979969132
CAF,national,national,2024,390.566016605257
CAF,national,national,2025,386.717890094205
CAF,national,national,2026,383.148662980347
CAF,national,national,2027,381.967099593047
CAF,national,national,2028,383.778781654773
CAF,national,national,2029,385.566037061511
CAF,national,national,2030,387.131957189839
CAN,national,national,1960,15432.4717832501
CAN,national,national,1961,15605.5232231718
CAN,national,national,1962,16455.7535157788
CAN,national,national,1963,17007.690740283
CAN,national,national,1964,17800.8641257816
CAN,national,national,1965,18585.8814554728
CAN,national,national,1966,19476.0270404506
CAN,national,national,1967,19715.0936178811
CAN,national,national,1968,20371.1440609775
CAN,national,national,1969,21114.287049668
CAN,national,national,1970,21428.9091562301
CAN,national,national,1971,21642.5407785898
CAN,national,national,1972,22573.5662845611
CAN,national,national,1973,23799.6955335027
CAN,national,national,1974,24257.8167998797
CAN,national,national,1975,24275.8127521832
CAN,national,national,1976,25369.4634276064
CAN,national,national,1977,25960.6392190527
CAN,national,national,1978,26663.7707119666
CAN,national,national,1979,27384.677926987
CAN,national,national,1980,27622.3733827823
CAN,national,national,1981,28215.5308546984
CAN,national,national,1982,26999.0790715116
CAN,national,national,1983,27418.4916003319
CAN,national,national,1984,28762.9721968164
CAN,national,national,1985,29851.643282805
CAN,national,national,1986,30183.4087849598
CAN,national,national,1987,31001.1298424264
CAN,national,national,1988,31951.5504814006
CAN,national,national,1989,32116.9233356971
CAN,national,national,1990,31700.5462697892
CAN,national,national,1991,30654.3331377446
CAN,national,national,1992,30563.3788184233
CAN,national,national,1993,31032.7546013139
CAN,national,national,1994,32074.1562430473
CAN,national,national,1995,32595.4515181692
CAN,national,national,1996,32801.3018549155
CAN,national,national,1997,33867.0079131743
CAN,national,national,1998,34894.6134280252
CAN,national,national,1999,36391.5353258957
CAN,national,national,2000,37906.8601153293
CAN,national,national,2001,38200.4561131358
CAN,national,national,2002,38921.6672955178
CAN,national,national,2003,39270.0234544073
CAN,national,national,2004,40108.758738975
CAN,national,national,2005,41006.222931999
CAN,national,national,2006,41663.5123054377
CAN,national,national,2007,42106.8724267286
CAN,national,national,2008,42067.5686998623
CAN,national,national,2009,40376.4153677037
CAN,national,national,2010,41164.3399062659
CAN,national,national,2011,42043.6419607016
CAN,national,national,2012,42320.6431282192
CAN,national,national,2013,42851.1705330235
CAN,national,national,2014,43643.2356474848
CAN,national,national,2015,43594.1941045394
CAN,national,national,2016,43551.3426018259
CAN,national,national,2017,44339.3886692751
CAN,national,national,2018,44907.3436837248
CAN,national,national,2019,45100.2914903262
CAN,national,national,2020,42366.1285192527
CAN,national,national,2021,44359.6167266713
CAN,national,national,2022,45227.1447354204
CAN,national,national,2023,44468.7475023539
CAN,national,national,2024,43779.5468516219
CAN,national,national,2025,43800.577042102
CAN,national,national,2026,44563.7928989394
CAN,national,national,2027,45056.255030095
CAN,national,national,2028,45490.934863014
CAN,national,national,2029,45870.3879885685
CAN,national,national,2030,46199.3375450895
CHE,national,national,1960,39907.2639481954
CHE,national,national,1961,42297.9647391899
CHE,national,national,1962,43214.5155148746
CHE,national,national,1963,44364.4660520594
CHE,national,national,1964,45930.2929814822
CHE,national,national,1965,46358.4508627756
CHE,national,national,1966,47005.6873654843
CHE,national,national,1967,47845.6267276155
CHE,national,national,1968,48942.136513409
CHE,national,national,1969,51120.4346605183
CHE,national,national,1970,53989.1606711979
CHE,national,national,1971,55895.3525411154
CHE,national,national,1972,57246.1295143525
CHE,national,national,1973,58558.1924717305
CHE,national,national,1974,59091.0841439463
CHE,national,national,1975,54811.3455176903
CHE,national,national,1976,54351.7579349479
CHE,national,national,1977,55863.5535186335
CHE,national,national,1978,56087.045941721
CHE,national,national,1979,57369.1431933375
CHE,national,national,1980,59771.4492156252
CHE,national,national,1981,60397.2730635793
CHE,national,national,1982,59259.1607670029
CHE,national,national,1983,59382.7014168699
CHE,national,national,1984,60949.9323053047
CHE,national,national,1985,62910.6581375252
CHE,national,national,1986,63747.3357624833
CHE,national,national,1987,64352.5553398685
CHE,national,national,1988,65975.1065122222
CHE,national,national,1989,68278.0620563222
CHE,national,national,1990,70063.8516904882
CHE,national,national,1991,68559.9381759437
CHE,national,national,1992,67778.5474864057
CHE,national,national,1993,67079.4643889041
CHE,national,national,1994,67391.8443342897
CHE,national,national,1995,67264.9112941914
CHE,national,national,1996,67284.1091295952
CHE,national,national,1997,68640.0744509045
CHE,national,national,1998,70510.0254673626
CHE,national,national,1999,71341.3428528522
CHE,national,national,2000,73749.9388039148
CHE,national,national,2001,74439.463600957
CHE,national,national,2002,73824.3848823894
CHE,national,national,2003,73254.952914928
CHE,national,national,2004,74718.6836114474
CHE,national,national,2005,76282.9839647849
CHE,national,national,2006,78893.8077357762
CHE,national,national,2007,81254.1700504637
CHE,national,national,2008,82481.068036134
CHE,national,national,2009,79585.5215942023
CHE,national,national,2010,81315.4228645667
CHE,national,national,2011,81874.3361860796
CHE,national,national,2012,81964.8864216996
CHE,national,national,2013,82479.9215356402
CHE,national,national,2014,83394.3711423724
CHE,national,national,2015,83806.4476003837
CHE,national,national,2016,84611.0998479606
CHE,national,national,2017,84967.5885484699
CHE,national,national,2018,86756.6021294513
CHE,national,national,2019,87123.6604363226
CHE,national,national,2020,84637.0132313179
CHE,national,national,2021,88520.3220012179
CHE,national,national,2022,90043.4100399046
CHE,national,national,2023,89555.5599814123
CHE,national,national,2024,90080.6968571187
CHE,national,national,2025,90219.4546853383
CHE,national,national,2026,91041.836465297
CHE,national,national,2027,91450.0412390824
CHE,national,national,2028,92439.8192101694
CHE,national,national,2029,92889.5814159678
CHE,national,national,2030,93894.9395677387
CHI,national,national,2009,67622.4698988394
CHI,national,national,2010,64727.4337756302
CHI,national,national,2011,65010.9567882113
CHI,national,national,2012,60866.0849987586
CHI,national,national,2013,60784.8478914812
CHI,national,national,2014,61897.0637766157
CHI,national,national,2015,61852.0736534587
CHI,national,national,2016,62438.4790204275
CHI,national,national,2017,63397.7522093386
CHI,national,national,2018,63864.3737319613
CHI,national,national,2019,64598.9625102059
CHI,national,national,2020,58640.7349454753
CHI,national,national,2021,64272.1114653859
CHI,national,national,2022,67513.5801037972
CHI,national,national,2023,69822.9529944005
CHL,national,national,1960,3283.95690828934
CHL,national,national,1961,3385.0276224585
CHL,national,national,1962,3449.9456853155
CHL,national,national,1963,3578.53267614964
CHL,national,national,1964,3598.49781829219
CHL,national,national,1965,3564.00785150152
CHL,national,national,1966,3891.59114446037
CHL,national,national,1967,3960.18834909194
CHL,national,national,1968,4030.96114371125
CHL,national,national,1969,4118.04149480322
CHL,national,national,1970,4123.05540025323
CHL,national,national,1971,4437.47922334643
CHL,national,national,1972,4321.00174943087
CHL,national,national,1973,4037.93429904585
CHL,national,national,1974,4069.0160438963
CHL,national,national,1975,3488.58393946963
CHL,national,national,1976,3566.57617816564
CHL,national,national,1977,3879.2253344676
CHL,national,national,1978,4115.45394097781
CHL,national,national,1979,4396.16222456629
CHL,national,national,1980,4677.64913619297
CHL,national,national,1981,4910.27900736764
CHL,national,national,1982,4306.21101794344
CHL,national,national,1983,4030.31766110852
CHL,national,national,1984,4133.29624941347
CHL,national,national,1985,4233.99334606711
CHL,national,national,1986,4393.05579859741
CHL,national,national,1987,4603.28349127781
CHL,national,national,1988,4861.84957039887
CHL,national,national,1989,5257.12592819726
CHL,national,national,1990,5342.5564679352
CHL,national,national,1991,5664.52754709787
CHL,national,national,1992,6196.34617389265
CHL,national,national,1993,6502.65364930101
CHL,national,national,1994,6727.66815117552
CHL,national,national,1995,7222.16380205915
CHL,national,national,1996,7605.2895299082
CHL,national,national,1997,8058.94228775841
CHL,national,national,1998,8287.45061072052
CHL,national,national,1999,8161.45168851645
CHL,national,national,2000,8465.35303239198
CHL,national,national,2001,8632.01482418618
CHL,national,national,2002,8810.69052729594
CHL,national,national,2003,9130.7842622047
CHL,national,national,2004,9642.3747864668
CHL,national,national,2005,10104.4208387154
CHL,national,national,2006,10611.6144011853
CHL,national,national,2007,11051.3450718649
CHL,national,national,2008,11356.0922102588
CHL,national,national,2009,11116.4093443974
CHL,national,national,2010,11649.2897086343
CHL,national,national,2011,12252.8441071997
CHL,national,national,2012,12882.8344179443
CHL,national,national,2013,13182.7329616958
CHL,national,national,2014,13285.9540361176
CHL,national,national,2015,13433.9202985339
CHL,national,national,2016,13505.0977104931
CHL,national,national,2017,13473.3458532575
CHL,national,national,2018,13763.0068840877
CHL,national,national,2019,13630.5935431699
CHL,national,national,2020,12679.0240036611
CHL,national,national,2021,14053.8743826368
CHL,national,national,2022,14272.2709917484
CHL,national,national,2023,14226.5180749128
CHL,national,national,2024,14485.7565654462
CHL,national,national,2025,14700.8728172226
CHL,national,national,2026,14937.2085765011
CHL,national,national,2027,15166.8896679452
CHL,national,national,2028,15437.9866124282
CHL,national,national,2029,15716.9477730996
CHL,national,national,2030,15994.0580572393
CHN,national,national,1960,238.217052030298
CHN,national,national,1961,175.023681458101
CHN,national,national,1962,163.907043816556
CHN,national,national,1963,176.400455775651
CHN,national,national,1964,203.68783419855
CHN,national,national,1965,232.607206828026
CHN,national,national,1966,250.304902689826
CHN,national,national,1967,229.876274100936
CHN,national,national,1968,214.770065975622
CHN,national,national,1969,244.363964322402
CHN,national,national,1970,283.585356324124
CHN,national,national,1971,295.380170974756
CHN,national,national,1972,299.190888197664
CHN,national,national,1973,315.129663483005
CHN,national,national,1974,315.816664008902
CHN,national,national,1975,337.344119019914
CHN,national,national,1976,326.949460515792
CHN,national,national,1977,346.939156011599
CHN,national,national,1978,381.099329479615
CHN,national,national,1979,404.596632533845
CHN,national,national,1980,430.855409784103
CHN,national,national,1981,447.119786437403
CHN,national,national,1982,480.3113224128
CHN,national,national,1983,524.409363188168
CHN,national,national,1984,596.201109056215
CHN,national,national,1985,667.128541913205
CHN,national,national,1986,716.105339985801
CHN,national,national,1987,786.864881580589
CHN,national,national,1988,861.193486641784
CHN,national,national,1989,883.764155150295
CHN,national,national,1990,905.032457182312
CHN,national,national,1991,975.462915554045
CHN,national,national,1992,1100.64611588261
CHN,national,national,1993,1239.1293732409
CHN,national,national,1994,1384.93015732283
CHN,national,national,1995,1520.02946941719
CHN,national,national,1996,1653.43378890759
CHN,national,national,1997,1787.76697702905
CHN,national,national,1998,1909.62232844399
CHN,national,national,1999,2038.2064740575
CHN,national,national,2000,2193.89686642215
CHN,national,national,2001,2359.57238513523
CHN,national,national,2002,2557.89161202627
CHN,national,national,2003,2797.17665912283
CHN,national,national,2004,3061.83317262874
CHN,national,national,2005,3390.71615945044
CHN,national,national,2006,3800.76579592591
CHN,national,national,2007,4319.03139751247
CHN,national,national,2008,4711.64344921263
CHN,national,national,2009,5128.90412774381
CHN,national,national,2010,5647.06872713954
CHN,national,national,2011,6152.69687271855
CHN,national,national,2012,6591.66249405644
CHN,national,national,2013,7056.42309152349
CHN,national,national,2014,7532.78530130172
CHN,national,national,2015,8016.44559489998
CHN,national,national,2016,8516.52874235572
CHN,national,national,2017,9053.22872461936
CHN,national,national,2018,9619.20947510677
CHN,national,national,2019,10155.5108830542
CHN,national,national,2020,10358.1699971792
CHN,national,national,2021,11223.2553476968
CHN,national,national,2022,11555.9302384568
CHN,national,national,2023,12175.1961147248
CHN,national,national,2024,12768.1209875678
CHN,national,national,2025,13313.2105479981
CHN,national,national,2026,13867.9940782099
CHN,national,national,2027,14442.4283737
CHN,national,national,2028,15065.8643904589
CHN,national,national,2029,15665.5978079009
CHN,national,national,2030,16242.5471434975
CHN,rural,urban/rural,1960,238.217052030298
CHN,rural,urban/rural,1961,175.023681458101
CHN,rural,urban/rural,1962,163.907043816556
CHN,rural,urban/rural,1963,176.400455775651
CHN,rural,urban/rural,1964,203.68783419855
CHN,rural,urban/rural,1965,232.607206828026
CHN,rural,urban/rural,1966,250.304902689826
CHN,rural,urban/rural,1967,229.876274100936
CHN,rural,urban/rural,1968,214.770065975622
CHN,rural,urban/rural,1969,244.363964322402
CHN,rural,urban/rural,1970,283.585356324124
CHN,rural,urban/rural,1971,295.380170974756
CHN,rural,urban/rural,1972,299.190888197664
CHN,rural,urban/rural,1973,315.129663483005
CHN,rural,urban/rural,1974,315.816664008902
CHN,rural,urban/rural,1975,337.344119019914
CHN,rural,urban/rural,1976,326.949460515792
CHN,rural,urban/rural,1977,346.939156011599
CHN,rural,urban/rural,1978,381.099329479615
CHN,rural,urban/rural,1979,404.596632533845
CHN,rural,urban/rural,1980,430.855409784103
CHN,rural,urban/rural,1981,447.119786437403
CHN,rural,urban/rural,1982,480.3113224128
CHN,rural,urban/rural,1983,524.409363188168
CHN,rural,urban/rural,1984,596.201109056215
CHN,rural,urban/rural,1985,667.128541913205
CHN,rural,urban/rural,1986,716.105339985801
CHN,rural,urban/rural,1987,786.864881580589
CHN,rural,urban/rural,1988,861.193486641784
CHN,rural,urban/rural,1989,883.764155150295
CHN,rural,urban/rural,1990,905.032457182312
CHN,rural,urban/rural,1991,975.462915554045
CHN,rural,urban/rural,1992,1100.64611588261
CHN,rural,urban/rural,1993,1239.1293732409
CHN,rural,urban/rural,1994,1384.93015732283
CHN,rural,urban/rural,1995,1520.02946941719
CHN,rural,urban/rural,1996,1653.43378890759
CHN,rural,urban/rural,1997,1787.76697702905
CHN,rural,urban/rural,1998,1909.62232844399
CHN,rural,urban/rural,1999,2038.2064740575
CHN,rural,urban/rural,2000,2193.89686642215
CHN,rural,urban/rural,2001,2359.57238513523
CHN,rural,urban/rural,2002,2557.89161202627
CHN,rural,urban/rural,2003,2797.17665912283
CHN,rural,urban/rural,2004,3061.83317262874
CHN,rural,urban/rural,2005,3390.71615945044
CHN,rural,urban/rural,2006,3800.76579592591
CHN,rural,urban/rural,2007,4319.03139751247
CHN,rural,urban/rural,2008,4711.64344921263
CHN,rural,urban/rural,2009,5128.90412774381
CHN,rural,urban/rural,2010,5647.06872713954
CHN,rural,urban/rural,2011,6152.69687271855
CHN,rural,urban/rural,2012,6591.66249405644
CHN,rural,urban/rural,2013,7056.42309152349
CHN,rural,urban/rural,2014,7532.78530130172
CHN,rural,urban/rural,2015,8016.44559489998
CHN,rural,urban/rural,2016,8516.52874235572
CHN,rural,urban/rural,2017,9053.22872461936
CHN,rural,urban/rural,2018,9619.20947510677
CHN,rural,urban/rural,2019,10155.5108830542
CHN,rural,urban/rural,2020,10358.1699971792
CHN,rural,urban/rural,2021,11223.2553476968
CHN,rural,urban/rural,2022,11555.9302384568
CHN,rural,urban/rural,2023,12175.1961147248
CHN,rural,urban/rural,2024,12768.1209875678
CHN,rural,urban/rural,2025,13313.2105479981
CHN,rural,urban/rural,2026,13867.9940782099
CHN,rural,urban/rural,2027,14442.4283737
CHN,rural,urban/rural,2028,15065.8643904589
CHN,rural,urban/rural,2029,15665.5978079009
CHN,rural,urban/rural,2030,16242.5471434975
CHN,urban,urban/rural,1960,238.217052030298
CHN,urban,urban/rural,1961,175.023681458101
CHN,urban,urban/rural,1962,163.907043816556
CHN,urban,urban/rural,1963,176.400455775651
CHN,urban,urban/rural,1964,203.68783419855
CHN,urban,urban/rural,1965,232.607206828026
CHN,urban,urban/rural,1966,250.304902689826
CHN,urban,urban/rural,1967,229.876274100936
CHN,urban,urban/rural,1968,214.770065975622
CHN,urban,urban/rural,1969,244.363964322402
CHN,urban,urban/rural,1970,283.585356324124
CHN,urban,urban/rural,1971,295.380170974756
CHN,urban,urban/rural,1972,299.190888197664
CHN,urban,urban/rural,1973,315.129663483005
CHN,urban,urban/rural,1974,315.816664008902
CHN,urban,urban/rural,1975,337.344119019914
CHN,urban,urban/rural,1976,326.949460515792
CHN,urban,urban/rural,1977,346.939156011599
CHN,urban,urban/rural,1978,381.099329479615
CHN,urban,urban/rural,1979,404.596632533845
CHN,urban,urban/rural,1980,430.855409784103
CHN,urban,urban/rural,1981,447.119786437403
CHN,urban,urban/rural,1982,480.3113224128
CHN,urban,urban/rural,1983,524.409363188168
CHN,urban,urban/rural,1984,596.201109056215
CHN,urban,urban/rural,1985,667.128541913205
CHN,urban,urban/rural,1986,716.105339985801
CHN,urban,urban/rural,1987,786.864881580589
CHN,urban,urban/rural,1988,861.193486641784
CHN,urban,urban/rural,1989,883.764155150295
CHN,urban,urban/rural,1990,905.032457182312
CHN,urban,urban/rural,1991,975.462915554045
CHN,urban,urban/rural,1992,1100.64611588261
CHN,urban,urban/rural,1993,1239.1293732409
CHN,urban,urban/rural,1994,1384.93015732283
CHN,urban,urban/rural,1995,1520.02946941719
CHN,urban,urban/rural,1996,1653.43378890759
CHN,urban,urban/rural,1997,1787.76697702905
CHN,urban,urban/rural,1998,1909.62232844399
CHN,urban,urban/rural,1999,2038.2064740575
CHN,urban,urban/rural,2000,2193.89686642215
CHN,urban,urban/rural,2001,2359.57238513523
CHN,urban,urban/rural,2002,2557.89161202627
CHN,urban,urban/rural,2003,2797.17665912283
CHN,urban,urban/rural,2004,3061.83317262874
CHN,urban,urban/rural,2005,3390.71615945044
CHN,urban,urban/rural,2006,3800.76579592591
CHN,urban,urban/rural,2007,4319.03139751247
CHN,urban,urban/rural,2008,4711.64344921263
CHN,urban,urban/rural,2009,5128.90412774381
CHN,urban,urban/rural,2010,5647.06872713954
CHN,urban,urban/rural,2011,6152.69687271855
CHN,urban,urban/rural,2012,6591.66249405644
CHN,urban,urban/rural,2013,7056.42309152349
CHN,urban,urban/rural,2014,7532.78530130172
CHN,urban,urban/rural,2015,8016.44559489998
CHN,urban,urban/rural,2016,8516.52874235572
CHN,urban,urban/rural,2017,9053.22872461936
CHN,urban,urban/rural,2018,9619.20947510677
CHN,urban,urban/rural,2019,10155.5108830542
CHN,urban,urban/rural,2020,10358.1699971792
CHN,urban,urban/rural,2021,11223.2553476968
CHN,urban,urban/rural,2022,11555.9302384568
CHN,urban,urban/rural,2023,12175.1961147248
CHN,urban,urban/rural,2024,12768.1209875678
CHN,urban,urban/rural,2025,13313.2105479981
CHN,urban,urban/rural,2026,13867.9940782099
CHN,urban,urban/rural,2027,14442.4283737
CHN,urban,urban/rural,2028,15065.8643904589
CHN,urban,urban/rural,2029,15665.5978079009
CHN,urban,urban/rural,2030,16242.5471434975
CIV,national,national,1960,1495.16746754194
CIV,national,national,1961,1584.79700802047
CIV,national,national,1962,1544.73084077175
CIV,national,national,1963,1701.85098116155
CIV,national,national,1964,1925.78185183022
CIV,national,national,1965,1795.15446525207
CIV,national,national,1966,1927.01291240163
CIV,national,national,1967,1939.09574002605
CIV,national,national,1968,2099.19940540587
CIV,national,national,1969,2209.89957239449
CIV,national,national,1970,2340.31065205636
CIV,national,national,1971,2453.14652785489
CIV,national,national,1972,2445.07611276194
CIV,national,national,1973,2475.02677039287
CIV,national,national,1974,2466.81998522238
CIV,national,national,1975,2551.2970644557
CIV,national,national,1976,2765.86772079083
CIV,national,national,1977,2861.15876809449
CIV,national,national,1978,3055.94030479339
CIV,national,national,1979,3010.66074752137
CIV,national,national,1980,2576.91660095729
CIV,national,national,1981,2562.42591923373
CIV,national,national,1982,2466.30363782942
CIV,national,national,1983,2276.86700017061
CIV,national,national,1984,2128.64190478015
CIV,national,national,1985,2138.06011188618
CIV,national,national,1986,2123.07460132975
CIV,national,national,1987,2035.62090959375
CIV,national,national,1988,1981.38877451772
CIV,national,national,1989,1962.42170003804
CIV,national,national,1990,1866.0785698741
CIV,national,national,1991,1794.12062566918
CIV,national,national,1992,1719.71261335163
CIV,national,national,1993,1649.47036183619
CIV,national,national,1994,1598.69239055813
CIV,national,national,1995,1647.08777075504
CIV,national,national,1996,1706.97650014485
CIV,national,national,1997,1801.13163122133
CIV,national,national,1998,1808.42289027986
CIV,national,national,1999,1770.86540389357
CIV,national,national,2000,1717.95385651231
CIV,national,national,2001,1636.57318705218
CIV,national,national,2002,1551.27925902838
CIV,national,national,2003,1441.58801755037
CIV,national,national,2004,1451.86547141894
CIV,national,national,2005,1431.73320203111
CIV,national,national,2006,1437.77453798586
CIV,national,national,2007,1420.1738958245
CIV,national,national,2008,1454.62731800082
CIV,national,national,2009,1473.9183699329
CIV,national,national,2010,1540.52927270246
CIV,national,national,2011,1426.46463864534
CIV,national,national,2012,1503.43433046682
CIV,national,national,2013,1632.32712787006
CIV,national,national,2014,1742.53693001178
CIV,national,national,2015,1814.71855088017
CIV,national,national,2016,1889.27777949938
CIV,national,national,2017,1972.81431788947
CIV,national,national,2018,2013.32307598499
CIV,national,national,2019,2093.09994335779
CIV,national,national,2020,2055.08483996432
CIV,national,national,2021,2146.47635317946
CIV,national,national,2022,2223.28825303231
CIV,national,national,2023,2302.7469807991
CIV,national,national,2024,2384.24958342058
CIV,national,national,2025,2462.59353795946
CIV,national,national,2026,2551.74747425187
CIV,national,national,2027,2652.74575921489
CIV,national,national,2028,2749.21713497491
CIV,national,national,2029,2859.88801441765
CIV,national,national,2030,2969.45322989621
CMR,national,national,1960,935.699954812011
CMR,national,national,1961,932.280026939942
CMR,national,national,1962,942.759289850998
CMR,national,national,1963,956.891728661397
CMR,national,national,1964,969.229047665523
CMR,national,national,1965,966.950594049791
CMR,national,national,1966,988.594437772544
CMR,national,national,1967,860.08689924625
CMR,national,national,1968,892.491104144478
CMR,national,national,1969,912.754108454771
CMR,national,national,1970,916.710625779195
CMR,national,national,1971,923.604760607703
CMR,national,national,1972,922.880502053864
CMR,national,national,1973,945.932707437732
CMR,national,national,1974,1018.79726418801
CMR,national,national,1975,1102.17636716094
CMR,national,national,1976,1014.07667154038
CMR,national,national,1977,1124.03776731799
CMR,national,national,1978,1334.48750457376
CMR,national,national,1979,1375.91817432986
CMR,national,national,1980,1305.68366184321
CMR,national,national,1981,1475.98950174546
CMR,national,national,1982,1549.61272438048
CMR,national,national,1983,1622.46829304371
CMR,national,national,1984,1695.95061001327
CMR,national,national,1985,1778.88090277491
CMR,national,national,1986,1842.96431745669
CMR,national,national,1987,1749.42466570751
CMR,national,national,1988,1565.13475286994
CMR,national,national,1989,1492.28176078781
CMR,national,national,1990,1360.47765296011
CMR,national,national,1991,1271.04658608388
CMR,national,national,1992,1196.85081918895
CMR,national,national,1993,1070.98275377636
CMR,national,national,1994,1060.87326552909
CMR,national,national,1995,1062.01607349987
CMR,national,national,1996,1077.38925202961
CMR,national,national,1997,1096.69757735007
CMR,national,national,1998,1118.50819963079
CMR,national,national,1999,1138.36298546565
CMR,national,national,2000,1151.27689302947
CMR,national,national,2001,1169.92670464984
CMR,national,national,2002,1189.96707897027
CMR,national,national,2003,1221.09446141454
CMR,national,national,2004,1271.74326874167
CMR,national,national,2005,1264.74345218659
CMR,national,national,2006,1277.32990712342
CMR,national,national,2007,1295.73067471287
CMR,national,national,2008,1295.02211276052
CMR,national,national,2009,1290.89961351149
CMR,national,national,2010,1290.9013745759
CMR,national,national,2011,1297.3064962694
CMR,national,national,2012,1319.66961634054
CMR,national,national,2013,1347.2130636706
CMR,national,national,2014,1381.81938454907
CMR,national,national,2015,1415.00009710569
CMR,national,national,2016,1435.61830727839
CMR,national,national,2017,1444.90682916573
CMR,national,national,2018,1461.01969999317
CMR,national,national,2019,1470.31785276187
CMR,national,national,2020,1434.51913723409
CMR,national,national,2021,1443.57600237663
CMR,national,national,2022,1458.66180431693
CMR,national,national,2023,1466.76885819356
CMR,national,national,2024,1487.20740828786
CMR,national,national,2025,1503.5462882678
CMR,national,national,2026,1522.12648631941
CMR,national,national,2027,1542.74239120271
CMR,national,national,2028,1576.78809157175
CMR,national,national,2029,1611.57541277513
CMR,national,national,2030,1647.32839219241
COD,national,national,1960,1255.69660853314
COD,national,national,1961,1091.02374380592
COD,national,national,1962,1288.32777649995
COD,national,national,1963,1320.03817859144
COD,national,national,1964,1253.81952670838
COD,national,national,1965,1231.99389442249
COD,national,national,1966,1278.48523292439
COD,national,national,1967,1229.48528952487
COD,national,national,1968,1245.68660892435
COD,national,national,1969,1323.0460114718
COD,national,national,1970,1282.64331582123
COD,national,national,1971,1322.99781988124
COD,national,national,1972,1290.35656703292
COD,national,national,1973,1358.50275240035
COD,national,national,1974,1364.0849388945
COD,national,national,1975,1262.2249737007
COD,national,national,1976,1164.70931403705
COD,national,national,1977,1144.26482649245
COD,national,national,1978,1050.00742208486
COD,national,national,1979,1018.10162802476
COD,national,national,1980,1008.33935841626
COD,national,national,1981,1002.41537708901
COD,national,national,1982,968.331830863816
COD,national,national,1983,951.358551446458
COD,national,national,1984,971.071374827525
COD,national,national,1985,943.793842641303
COD,national,national,1986,957.671957013036
COD,national,national,1987,952.77108292065
COD,national,national,1988,927.077247982041
COD,national,national,1989,886.860720480585
COD,national,national,1990,801.567015056407
COD,national,national,1991,710.032087422205
COD,national,national,1992,614.369536883349
COD,national,national,1993,512.954857325072
COD,national,national,1994,470.161734645697
COD,national,national,1995,454.200631347294
COD,national,national,1996,440.994059132614
COD,national,national,1997,409.588064385259
COD,national,national,1998,392.136003823522
COD,national,national,1999,362.993793858463
COD,national,national,2000,327.240142486849
COD,national,national,2001,310.380267408895
COD,national,national,2002,309.911785375198
COD,national,national,2003,317.778121357431
COD,national,national,2004,329.3490636773
COD,national,national,2005,338.980980805364
COD,national,national,2006,346.179697463638
COD,national,national,2007,356.886805082139
COD,national,national,2008,367.843747648712
COD,national,national,2009,366.830226544363
COD,national,national,2010,380.578038274352
COD,national,national,2011,393.616173563894
COD,national,national,2012,407.671076943679
COD,national,national,2013,427.458520350728
COD,national,national,2014,452.339650501681
COD,national,national,2015,467.9145805459
COD,national,national,2016,462.47214741215
COD,national,national,2017,462.482920889479
COD,national,national,2018,473.294077418165
COD,national,national,2019,478.632426258904
COD,national,national,2020,471.504423341186
COD,national,national,2021,484.784649973339
COD,national,national,2022,511.299266278693
COD,national,national,2023,537.269316970327
COD,national,national,2024,544.867682698346
COD,national,national,2025,553.265294032233
COD,national,national,2026,563.088368839615
COD,national,national,2027,574.99863833374
COD,national,national,2028,588.314126176055
COD,national,national,2029,601.044999716143
COD,national,national,2030,611.983928554227
COG,national,national,1960,1192.85616529576
COG,national,national,1961,1259.50432623652
COG,national,national,1962,1290.76325572732
COG,national,national,1963,1206.1534137723
COG,national,national,1964,1218.55873958116
COG,national,national,1965,1228.77600898682
COG,national,national,1966,1210.73883952684
COG,national,national,1967,1201.40130423722
COG,national,national,1968,1255.92951871902
COG,national,national,1969,1311.23001699027
COG,national,national,1970,1353.23817407044
COG,national,national,1971,1414.23871124911
COG,national,national,1972,1489.16526262926
COG,national,national,1973,1562.12627199102
COG,national,national,1974,1633.5218596222
COG,national,national,1975,1711.43754680841
COG,national,national,1976,1685.48230892799
COG,national,national,1977,1498.31802356781
COG,national,national,1978,1556.66717228441
COG,national,national,1979,1670.77966059118
COG,national,national,1980,1921.96861829766
COG,national,national,1981,2211.31674185091
COG,national,national,1982,2674.95109240622
COG,national,national,1983,2773.62663758927
COG,national,national,1984,2894.09973517119
COG,national,national,1985,2776.76428489105
COG,national,national,1986,2511.48682046393
COG,national,national,1987,2443.79019878646
COG,national,national,1988,2415.94091643835
COG,national,national,1989,2408.14159896257
COG,national,national,1990,2363.76701814587
COG,national,national,1991,2352.52754080776
COG,national,national,1992,2346.67913794406
COG,national,national,1993,2255.94360801961
COG,national,national,1994,2069.79640456567
COG,national,national,1995,2092.54337905245
COG,national,national,1996,2122.62819294837
COG,national,national,1997,2064.7536042465
COG,national,national,1998,2095.34403570595
COG,national,national,1999,1986.8478922289
COG,national,national,2000,2057.01922023551
COG,national,national,2001,2056.16505922617
COG,national,national,2002,2100.16876714574
COG,national,national,2003,2058.88683675038
COG,national,national,2004,2058.88402946896
COG,national,national,2005,2140.03686200251
COG,national,national,2006,2226.0233547376
COG,national,national,2007,2004.10103961966
COG,national,national,2008,2061.55829880574
COG,national,national,2009,2211.31572382028
COG,national,national,2010,2332.28508055953
COG,national,national,2011,2307.49384399715
COG,national,national,2012,2467.06102906839
COG,national,national,2013,2390.65754938662
COG,national,national,2014,2488.68118548992
COG,national,national,2015,2439.35189403696
COG,national,national,2016,2174.19310251224
COG,national,national,2017,2003.27121075187
COG,national,national,2018,1909.9560382117
COG,national,national,2019,1885.51080877731
COG,national,national,2020,1725.51040049963
COG,national,national,2021,1701.79060456872
COG,national,national,2022,1686.00234391385
COG,national,national,2023,1677.08549205924
COG,national,national,2024,1677.63029417564
COG,national,national,2025,1686.97246769222
COG,national,national,2026,1702.39891657019
COG,national,national,2027,1714.94592514831
COG,national,national,2028,1732.50884242783
COG,national,national,2029,1750.13917292251
COG,national,national,2030,1768.06041428862
COL,national,national,1960,1961.2291441726
COL,national,national,1961,1998.42316206119
COL,national,national,1962,2042.63527704771
COL,national,national,1963,2046.30756363644
COL,national,national,1964,2108.00878137941
COL,national,national,1965,2119.99498736563
COL,national,national,1966,2167.35670771429
COL,national,national,1967,2194.44365471957
COL,national,national,1968,2262.17424281179
COL,national,national,1969,2338.10714398443
COL,national,national,1970,2421.22502270787
COL,national,national,1971,2504.49731055786
COL,national,national,1972,2634.72068551099
COL,national,national,1973,2748.14553426071
COL,national,national,1974,2841.38134772396
COL,national,national,1975,2843.73101842111
COL,national,national,1976,2914.01196628327
COL,national,national,1977,2968.66258052749
COL,national,national,1978,3148.23886798572
COL,national,national,1979,3244.08651685293
COL,national,national,1980,3300.51170195765
COL,national,national,1981,3298.73218883264
COL,national,national,1982,3253.88046917188
COL,national,national,1983,3228.35593102948
COL,national,national,1984,3260.28459182748
COL,national,national,1985,3289.71209715409
COL,national,national,1986,3410.15965281641
COL,national,national,1987,3520.16261987219
COL,national,national,1988,3588.96963573165
COL,national,national,1989,3636.07569199887
COL,national,national,1990,3714.1849928328
COL,national,national,1991,3713.17727535576
COL,national,national,1992,3787.5942918216
COL,national,national,1993,3912.6590835796
COL,national,national,1994,4059.32146113882
COL,national,national,1995,4189.72770913999
COL,national,national,1996,4198.69126252708
COL,national,national,1997,4265.6935185646
COL,national,national,1998,4213.82800470051
COL,national,national,1999,3967.11339937681
COL,national,national,2000,4016.80951748167
COL,national,national,2001,4020.50789754842
COL,national,national,2002,4058.28493578738
COL,national,national,2003,4154.17528523618
COL,national,national,2004,4311.91591255233
COL,national,national,2005,4457.27537460443
COL,national,national,2006,4694.03442939175
COL,national,national,2007,4947.25260813108
COL,national,national,2008,5048.57187245249
COL,national,national,2009,5046.97121757727
COL,national,national,2010,5214.24547620131
COL,national,national,2011,5517.1011086899
COL,national,national,2012,5675.75617978305
COL,national,national,2013,5910.80592301166
COL,national,national,2014,6121.83982019825
COL,national,national,2015,6248.51490534512
COL,national,national,2016,6316.07067782542
COL,national,national,2017,6309.67745292518
COL,national,national,2018,6353.5464285392
COL,national,national,2019,6439.96359812647
COL,national,national,2020,5891.95523215403
COL,national,national,2021,6457.16921807086
COL,national,national,2022,6854.20923557884
COL,national,national,2023,6819.17983072755
COL,national,national,2024,6868.08959125628
COL,national,national,2025,6960.5553819685
COL,national,national,2026,7080.30905054089
COL,national,national,2027,7220.52705907895
COL,national,national,2028,7377.09930005825
COL,national,national,2029,7539.32643501009
COL,national,national,2030,7706.48998660366
COM,national,national,1960,748.578573276681
COM,national,national,1961,739.758796271948
COM,national,national,1962,787.165097672386
COM,national,national,1963,932.691418250474
COM,national,national,1964,978.995247525321
COM,national,national,1965,959.150749264672
COM,national,national,1966,1033.01638167931
COM,national,national,1967,1049.55346356318
COM,national,national,1968,1023.09413254898
COM,national,national,1969,1012.06941129307
COM,national,national,1970,1059.47571269351
COM,national,national,1971,1073.8078503262
COM,national,national,1972,1064.98807332146
COM,national,national,1973,1109.08695834513
COM,national,national,1974,1106.88201409394
COM,national,national,1975,1144.36606636406
COM,national,national,1976,1112.3943747219
COM,national,national,1977,1064.98807332146
COM,national,national,1978,1062.78312907028
COM,national,national,1979,1127.82898448018
COM,national,national,1980,1174.13281375503
COM,national,national,1981,1185.5965019531
COM,national,national,1982,1226.81893299395
COM,national,national,1983,1250.62184699864
COM,national,national,1984,1266.15498899438
COM,national,national,1985,1259.29191812674
COM,national,national,1986,1247.58229012471
COM,national,national,1987,1233.65764943791
COM,national,national,1988,1233.02003956292
COM,national,national,1989,1162.33973140304
COM,national,national,1990,1189.94044420141
COM,national,national,1991,1098.65205144104
COM,national,national,1992,1167.87724147741
COM,national,national,1993,1181.2221252864
COM,national,national,1994,1099.25874422534
COM,national,national,1995,1119.34066721236
COM,national,national,1996,1086.01917467597
COM,national,national,1997,1110.49694644593
COM,national,national,1998,1105.53626849219
COM,national,national,1999,1106.90784619566
COM,national,national,2000,1203.65176320696
COM,national,national,2001,1206.65692984083
COM,national,national,2002,1208.85806145614
COM,national,national,2003,1210.73356414137
COM,national,national,2004,1210.80066418831
COM,national,national,2005,1220.00358435192
COM,national,national,2006,1227.29007394321
COM,national,national,2007,1212.69668410872
COM,national,national,2008,1235.97287268162
COM,national,national,2009,1250.90244015699
COM,national,national,2010,1272.60723213062
COM,national,national,2011,1299.11100609207
COM,national,national,2012,1313.58194779807
COM,national,national,2013,1343.54690686187
COM,national,national,2014,1342.32965963909
COM,national,national,2015,1329.37048235986
COM,national,national,2016,1345.62616538094
COM,national,national,2017,1369.41180288464
COM,national,national,2018,1391.84570443398
COM,national,national,2019,1389.36488019886
COM,national,national,2020,1359.7070894329
COM,national,national,2021,1359.76286116275
COM,national,national,2022,1368.37463227743
COM,national,national,2023,1382.51969363483
COM,national,national,2024,1399.19546277482
COM,national,national,2025,1423.74999432209
COM,national,national,2026,1451.23692025498
COM,national,national,2027,1482.50777287124
COM,national,national,2028,1513.7559531072
COM,national,national,2029,1538.66555813853
COM,national,national,2030,1564.55120429728
CPV,national,national,1960,488.381656594043
CPV,national,national,1961,504.732760515254
CPV,national,national,1962,519.362695602652
CPV,national,national,1963,532.271461856239
CPV,national,national,1964,543.028767067562
CPV,national,national,1965,553.355780070432
CPV,national,national,1966,563.252500864848
CPV,national,national,1967,571.428052825453
CPV,national,national,1968,579.603604786059
CPV,national,national,1969,587.779156746664
CPV,national,national,1970,595.954708707269
CPV,national,national,1971,617.469319129914
CPV,national,national,1972,626.935747715878
CPV,national,national,1973,632.529546425765
CPV,national,national,1974,644.147436053994
CPV,national,national,1975,532.271461856239
CPV,national,national,1976,538.29555277458
CPV,national,national,1977,506.023637140612
CPV,national,national,1978,548.62256577745
CPV,national,national,1979,559.810163197225
CPV,national,national,1980,581.755065828323
CPV,national,national,1981,622.175843789433
CPV,national,national,1982,630.373215165836
CPV,national,national,1983,680.309270761066
CPV,national,national,1984,696.047255683761
CPV,national,national,1985,745.620229080143
CPV,national,national,1986,756.26010041403
CPV,national,national,1987,777.830957355952
CPV,national,national,1988,813.037458467319
CPV,national,national,1989,846.574036092057
CPV,national,national,1990,835.120723175504
CPV,national,national,1991,826.681399309547
CPV,national,national,1992,896.519359558541
CPV,national,national,1993,953.861011115729
CPV,national,national,1994,1113.93806476467
CPV,national,national,1995,1248.28104350759
CPV,national,national,1996,1365.49820603623
CPV,national,national,1997,1492.01847422507
CPV,national,national,1998,1652.11117220593
CPV,national,national,1999,1809.80582624137
CPV,national,national,2000,2037.31720912714
CPV,national,national,2001,2051.21733888102
CPV,national,national,2002,2127.70872296502
CPV,national,national,2003,2186.89500422765
CPV,national,national,2004,2379.79636224135
CPV,national,national,2005,2514.16779255327
CPV,national,national,2006,2683.83943856892
CPV,national,national,2007,3056.97102851154
CPV,national,national,2008,3238.44159287498
CPV,national,national,2009,3159.58698693977
CPV,national,national,2010,3194.61667734233
CPV,national,national,2011,3309.20121643898
CPV,national,national,2012,3341.7421054836
CPV,national,national,2013,3361.09387702205
CPV,national,national,2014,3383.8422809791
CPV,national,national,2015,3415.06266730931
CPV,national,national,2016,3560.1400729534
CPV,national,national,2017,3719.71306047915
CPV,national,national,2018,3853.67940035241
CPV,national,national,2019,4115.90283469406
CPV,national,national,2020,3255.93628984058
CPV,national,national,2021,3471.6553421786
CPV,national,national,2022,3997.76763250653
CPV,national,national,2023,4195.75433916189
CPV,national,national,2024,4372.34957954231
CPV,national,national,2025,4609.08419506673
CPV,national,national,2026,4832.33050693795
CPV,national,national,2027,5047.96048879285
CPV,national,national,2028,5258.55915909084
CPV,national,national,2029,5480.05724319693
CPV,national,national,2030,5695.33525297284
CRI,national,national,1960,3609.40919815492
CRI,national,national,1961,3542.67400372626
CRI,national,national,1962,3600.83309317157
CRI,national,national,1963,3713.74115873913
CRI,national,national,1964,3718.23603135768
CRI,national,national,1965,3890.27312321249
CRI,national,national,1966,4029.53384187593
CRI,national,national,1967,4127.67381607427
CRI,national,national,1968,4348.20735762629
CRI,national,national,1969,4459.98825012418
CRI,national,national,1970,4665.11649140095
CRI,national,national,1971,4850.53963683087
CRI,national,national,1972,5112.64690734747
CRI,national,national,1973,5368.03692354767
CRI,national,national,1974,5523.18884522477
CRI,national,national,1975,5496.15761723616
CRI,national,national,1976,5650.75233986768
CRI,national,national,1977,5994.14245381341
CRI,national,national,1978,6202.51126996517
CRI,national,national,1979,6335.45848048448
CRI,national,national,1980,6211.82989065167
CRI,national,national,1981,5908.2172237219
CRI,national,national,1982,5329.87185376021
CRI,national,national,1983,5333.85210197832
CRI,national,national,1984,5605.37574945896
CRI,national,national,1985,5492.83542968165
CRI,national,national,1986,5641.94390936699
CRI,national,national,1987,5756.51906802572
CRI,national,national,1988,5802.828914637
CRI,national,national,1989,5979.07410559836
CRI,national,national,1990,6037.05111668102
CRI,national,national,1991,6018.68283701715
CRI,national,national,1992,6408.20531541453
CRI,national,national,1993,6693.49083166149
CRI,national,national,1994,6826.32273425801
CRI,national,national,1995,6940.83702069434
CRI,national,national,1996,6871.60941046409
CRI,national,national,1997,7085.98834302225
CRI,national,national,1998,7430.1724106288
CRI,national,national,1999,7584.42136977783
CRI,national,national,2000,7726.51985682031
CRI,national,national,2001,7854.2339580182
CRI,national,national,2002,7989.55926102157
CRI,national,national,2003,8207.45746763047
CRI,national,national,2004,8445.52914945791
CRI,national,national,2005,8655.33965418585
CRI,national,national,2006,9160.29437453236
CRI,national,national,2007,9779.51149389818
CRI,national,national,2008,10104.9092039691
CRI,national,national,2009,9883.67567046297
CRI,national,national,2010,10285.0856660419
CRI,national,national,2011,10612.4694861141
CRI,national,national,2012,11001.5192856576
CRI,national,national,2013,11151.1437869768
CRI,national,national,2014,11422.6735793176
CRI,national,national,2015,11714.7105980732
CRI,national,national,2016,12084.4351325634
CRI,national,national,2017,12468.5654531709
CRI,national,national,2018,12679.5253643016
CRI,national,national,2019,12877.650101079
CRI,national,national,2020,12242.2098908533
CRI,national,national,2021,13146.6927918465
CRI,national,national,2022,13686.1614090822
CRI,national,national,2023,14318.8389652137
CRI,national,national,2024,14753.8758328792
CRI,national,national,2025,15208.1281799035
CRI,national,national,2026,15710.6363222498
CRI,national,national,2027,16218.1710994482
CRI,national,national,2028,16642.3111914212
CRI,national,national,2029,17074.1854576322
CRI,national,national,2030,17515.8121841796
CUB,national,national,1960,2635.93501317918
CUB,national,national,1961,2701.08504356504
CUB,national,national,1962,2618.32689685868
CUB,national,national,1963,2604.24040380228
CUB,national,national,1964,2780.3215670073
CUB,national,national,1965,2718.69315988554
CUB,national,national,1966,2804.09252403998
CUB,national,national,1967,3071.73589211161
CUB,national,national,1968,2842.83037994508
CUB,national,national,1969,2761.83304487077
CUB,national,national,1970,2620.08770849073
CUB,national,national,1971,2795.975227427
CUB,national,national,1972,2884.41117375584
CUB,national,national,1973,2941.1069301794
CUB,national,national,1974,2932.40455689131
CUB,national,national,1975,3174.5497646957
CUB,national,national,1976,3314.86184023098
CUB,national,national,1977,3574.73735429822
CUB,national,national,1978,3785.5968529222
CUB,national,national,1979,3806.65442247557
CUB,national,national,1980,3606.74390099913
CUB,national,national,1981,4297.33730540661
CUB,national,national,1982,4650.66605560812
CUB,national,national,1983,4863.89364258073
CUB,national,national,1984,5206.71097026126
CUB,national,national,1985,5246.13530193757
CUB,national,national,1986,5206.52966743673
CUB,national,national,1987,5036.67220086788
CUB,national,national,1988,5174.62120636915
CUB,national,national,1989,5160.02681276118
CUB,national,national,1990,4961.45738860948
CUB,national,national,1991,4395.45493473446
CUB,national,national,1992,3861.87437370304
CUB,national,national,1993,3270.55047645542
CUB,national,national,1994,3280.38453264476
CUB,national,national,1995,3348.88763214863
CUB,national,national,1996,3599.32498555978
CUB,national,national,1997,3687.42530352589
CUB,national,national,1998,3680.98418008951
CUB,national,national,1999,3895.54643322661
CUB,national,national,2000,4112.26168350671
CUB,national,national,2001,4229.90309433356
CUB,national,national,2002,4277.39565642359
CUB,national,national,2003,4426.96599591833
CUB,national,national,2004,4670.18802138025
CUB,national,national,2005,5182.35283601732
CUB,national,national,2006,5799.41163668615
CUB,national,national,2007,6215.76603727772
CUB,national,national,2008,6469.08507847668
CUB,national,national,2009,6561.25305093006
CUB,national,national,2010,6716.49048497058
CUB,national,national,2011,6902.16397571139
CUB,national,national,2012,7109.24834185635
CUB,national,national,2013,7307.82004410741
CUB,national,national,2014,7392.48324633027
CUB,national,national,2015,7727.91997207998
CUB,national,national,2016,7774.0698462623
CUB,national,national,2017,7927.27769340823
CUB,national,national,2018,8120.43123558256
CUB,national,national,2019,8124.75282059108
CUB,national,national,2020,7252.31672155863
CUB,national,national,2021,7379.01400369289
CUB,national,national,2022,7552.3170665821
CUB,national,national,2023,7433.44336192822
CUW,national,national,2000,21523.6458973702
CUW,national,national,2001,22171.0655460422
CUW,national,national,2002,22231.8793091625
CUW,national,national,2003,21840.8913168396
CUW,national,national,2004,21512.1116035171
CUW,national,national,2005,21112.3219220136
CUW,national,national,2006,20913.6630394407
CUW,national,national,2007,21011.1570622011
CUW,national,national,2008,21202.4305115575
CUW,national,national,2009,20952.8998451864
CUW,national,national,2010,20706.4374577658
CUW,national,national,2011,20518.0986087103
CUW,national,national,2012,20277.5111916571
CUW,national,national,2013,19921.4770634064
CUW,national,national,2014,19529.5286704975
CUW,national,national,2015,19361.8130008678
CUW,national,national,2016,18953.0537415003
CUW,national,national,2017,18651.4798142441
CUW,national,national,2018,18355.1767135889
CUW,national,national,2019,17980.5298376417
CUW,national,national,2020,14901.2436090623
CUW,national,national,2021,15787.3376047401
CUW,national,national,2022,17144.6220682453
CUW,national,national,2023,18122.8740513221
CYM,national,national,2006,96066.6290832355
CYM,national,national,2007,96202.7379415493
CYM,national,national,2008,93115.3168416314
CYM,national,national,2009,84001.4215657607
CYM,national,national,2010,79483.0972813604
CYM,national,national,2011,78233.0187551876
CYM,national,national,2012,77074.3890872511
CYM,national,national,2013,76038.879554035
CYM,national,national,2014,76104.6215727416
CYM,national,national,2015,76379.2095108681
CYM,national,national,2016,77031.8643873625
CYM,national,national,2017,77717.1752058822
CYM,national,national,2018,79305.769672996
CYM,national,national,2019,80714.5718222987
CYM,national,national,2020,75199.6450417809
CYM,national,national,2021,77285.7966767064
CYM,national,national,2022,79587.3887913705
CYM,national,national,2023,81411.6457813075
CYP,national,national,1960,3904.09348854694
CYP,national,national,1961,4293.8327984734
CYP,national,national,1962,4702.55654469999
CYP,national,national,1963,4939.30363267824
CYP,national,national,1964,4434.54097340386
CYP,national,national,1965,5388.22971459926
CYP,national,national,1966,5676.34645374259
CYP,national,national,1967,6401.10522778921
CYP,national,national,1968,6641.20251040866
CYP,national,national,1969,7198.45155239519
CYP,national,national,1970,7359.26089517287
CYP,national,national,1971,8243.71228045009
CYP,national,national,1972,8720.55665104779
CYP,national,national,1973,8836.69673194278
CYP,national,national,1974,7262.10525057802
CYP,national,national,1975,6173.2919921875
CYP,national,national,1976,7484.80029296875
CYP,national,national,1977,8708.4130859375
CYP,national,national,1978,9350.9501953125
CYP,national,national,1979,10197.6181640625
CYP,national,national,1980,10667.7939453125
CYP,national,national,1981,10756.2109375
CYP,national,national,1982,11269.767578125
CYP,national,national,1983,11801.142578125
CYP,national,national,1984,12669.44140625
CYP,national,national,1985,13127.4716796875
CYP,national,national,1986,13458.46875
CYP,national,national,1987,14253.4970703125
CYP,national,national,1988,15322.62109375
CYP,national,national,1989,16306.2587890625
CYP,national,national,1990,17144.396484375
CYP,national,national,1991,16829.83984375
CYP,national,national,1992,17928.46484375
CYP,national,national,1993,17623.208984375
CYP,national,national,1994,18280.943359375
CYP,national,national,1995,19453.763671875
CYP,national,national,1996,19385.2109375
CYP,national,national,1997,19617.1015625
CYP,national,national,1998,20562.203125
CYP,national,national,1999,21349.654296875
CYP,national,national,2000,22383.865234375
CYP,national,national,2001,23019.1484375
CYP,national,national,2002,23604.080078125
CYP,national,national,2003,23930.669921875
CYP,national,national,2004,24799.546875
CYP,national,national,2005,25631.265625
CYP,national,national,2006,26395.41015625
CYP,national,national,2007,27156.68359375
CYP,national,national,2008,27449.04296875
CYP,national,national,2009,26183.4609375
CYP,national,national,2010,26090.048828125
CYP,national,national,2011,25538.78125
CYP,national,national,2012,24285.49609375
CYP,national,national,2013,22738.490234375
CYP,national,national,2014,22581.828125
CYP,national,national,2015,23487.228515625
CYP,national,national,2016,24916.6328125
CYP,national,national,2017,26105.5859375
CYP,national,national,2018,27406.4765625
CYP,national,national,2019,28625.779296875
CYP,national,national,2020,27391.58984375
CYP,national,national,2021,30227.91796875
CYP,national,national,2022,32015.3515625
CYP,national,national,2023,32341.302734375
CYP,national,national,2024,33388.0608261578
CYP,national,national,2025,33878.2964211339
CYP,national,national,2026,34266.3846722161
CYP,national,national,2027,34879.6775718025
CYP,national,national,2028,35822.6376214675
CYP,national,national,2029,36805.3600751598
CYP,national,national,2030,37800.2884943745
CZE,national,national,1970,7342.80666085089
CZE,national,national,1971,7702.89628790907
CZE,national,national,1972,8079.77331016811
CZE,national,national,1973,8415.52121418507
CZE,national,national,1974,8766.37777388279
CZE,national,national,1975,9194.45635150441
CZE,national,national,1976,9499.1475743998
CZE,national,national,1977,9765.22778833324
CZE,national,national,1978,10118.6024573111
CZE,national,national,1979,10210.0937611557
CZE,national,national,1980,10354.465359883
CZE,national,national,1981,10329.2842670817
CZE,national,national,1982,10163.9284243534
CZE,national,national,1983,10325.0874182815
CZE,national,national,1984,10553.3959930131
CZE,national,national,1985,10790.098265345
CZE,national,national,1986,11088.9138999201
CZE,national,national,1987,11343.2429372129
CZE,national,national,1988,11575.7483607447
CZE,national,national,1989,11773.8396241147
CZE,national,national,1990,11900.5844578811
CZE,national,national,1991,10543.6195998133
CZE,national,national,1992,10479.4918683842
CZE,national,national,1993,10475.0849143439
CZE,national,national,1994,10775.9443888685
CZE,national,national,1995,11453.380017709
CZE,national,national,1996,11944.7171470429
CZE,national,national,1997,11886.3480918471
CZE,national,national,1998,11850.8396211152
CZE,national,national,1999,12026.4688074555
CZE,national,national,2000,12543.9364338645
CZE,national,national,2001,12958.4667624815
CZE,national,national,2002,13179.9878099111
CZE,national,national,2003,13618.9349637214
CZE,national,national,2004,14259.6334294387
CZE,national,national,2005,15147.7214429473
CZE,national,national,2006,16107.3042504372
CZE,national,national,2007,16892.5428566711
CZE,national,national,2008,17190.6470317686
CZE,national,national,2009,16272.8084749422
CZE,national,national,2010,16665.9317833287
CZE,national,national,2011,16926.2846655313
CZE,national,national,2012,16772.3539228258
CZE,national,national,2013,16759.7808654377
CZE,national,national,2014,17118.0425569684
CZE,national,national,2015,17931.5987670768
CZE,national,national,2016,18359.0978117405
CZE,national,national,2017,19257.6930673781
CZE,national,national,2018,19736.629527594
CZE,national,national,2019,20360.0599218778
CZE,national,national,2020,19233.1469565497
CZE,national,national,2021,20373.8783032185
CZE,national,national,2022,20627.3486496304
CZE,national,national,2023,20245.6557955904
CZE,national,national,2024,20303.2394475203
CZE,national,national,2025,20960.0296510215
CZE,national,national,2026,21648.3833924784
CZE,national,national,2027,22135.4455428362
CZE,national,national,2028,22650.9695773277
CZE,national,national,2029,23172.9364363785
CZE,national,national,2030,23707.1364395039
DEU,national,national,1960,12600.3273968705
DEU,national,national,1961,13041.1594696312
DEU,national,national,1962,13524.6491050286
DEU,national,national,1963,13766.5355362913
DEU,national,national,1964,14562.8358867104
DEU,national,national,1965,15196.3266135987
DEU,national,national,1966,15493.828376695
DEU,national,national,1967,15372.2150106017
DEU,national,national,1968,16171.5531425011
DEU,national,national,1969,17233.9697030039
DEU,national,national,1970,18053.2877662512
DEU,national,national,1971,18584.7134080664
DEU,national,national,1972,19291.3926710734
DEU,national,national,1973,20149.4771410192
DEU,national,national,1974,20320.9008986241
DEU,national,national,1975,20220.0209834851
DEU,national,national,1976,21311.945010658
DEU,national,national,1977,22075.2189098003
DEU,national,national,1978,22759.1492987824
DEU,national,national,1979,23693.2601878736
DEU,national,national,1980,23977.2698645215
DEU,national,national,1981,24067.4825503981
DEU,national,national,1982,23995.2661890258
DEU,national,national,1983,24436.5473234992
DEU,national,national,1984,25213.3820426351
DEU,national,national,1985,25858.0588733612
DEU,national,national,1986,26437.4177394677
DEU,national,national,1987,26766.9600581443
DEU,national,national,1988,27651.0362681017
DEU,national,national,1989,28507.1621299938
DEU,national,national,1990,29747.6909405244
DEU,national,national,1991,31040.2935628737
DEU,national,national,1992,31425.647608288
DEU,national,national,1993,30915.8728851988
DEU,national,national,1994,31609.1102861092
DEU,national,national,1995,31990.7949869618
DEU,national,national,1996,32229.4778702849
DEU,national,national,1997,32779.2802468879
DEU,national,national,1998,33461.3192202157
DEU,national,national,1999,34152.0032256224
DEU,national,national,2000,35087.0891559515
DEU,national,national,2001,35601.3628351653
DEU,national,national,2002,35460.4121336422
DEU,national,national,2003,35252.9745134977
DEU,national,national,2004,35670.4870276152
DEU,national,national,2005,36006.8578105923
DEU,national,national,2006,37437.3918783337
DEU,national,national,2007,38570.9146408152
DEU,national,national,2008,38996.143407627
DEU,national,national,2009,36927.1920287013
DEU,national,national,2010,38517.4397860109
DEU,national,national,2011,40712.6577363042
DEU,national,national,2012,40829.034893805
DEU,national,national,2013,40875.0262803178
DEU,national,national,2014,41588.0763875592
DEU,national,national,2015,41911.0109851054
DEU,national,national,2016,42528.0637107828
DEU,national,national,2017,43520.1864212996
DEU,national,national,2018,43874.0130936092
DEU,national,national,2019,44207.6320519514
DEU,national,national,2020,42362.6472136853
DEU,national,national,2021,43898.7713167519
DEU,national,national,2022,44180.4298386996
DEU,national,national,2023,44336.7775157399
DEU,national,national,2024,44173.3853740832
DEU,national,national,2025,44351.2135354869
DEU,national,national,2026,44542.0613888105
DEU,national,national,2027,45048.1410299541
DEU,national,national,2028,45573.6958430022
DEU,national,national,2029,45999.1701857231
DEU,national,national,2030,46316.7967374144
DJI,national,national,1960,4022.77150504352
DJI,national,national,1961,4049.34719152167
DJI,national,national,1962,3993.24296451225
DJI,national,national,1963,4027.6929284654
DJI,national,national,1964,3991.2743951435
DJI,national,national,1965,3983.4001176685
DJI,national,national,1966,3999.14867261851
DJI,national,national,1967,3991.2743951435
DJI,national,national,1968,3964.69870866536
DJI,national,national,1969,3954.8558618216
DJI,national,national,1970,4698.97508320964
DJI,national,national,1971,4769.84358048469
DJI,national,national,1972,4711.77078410652
DJI,national,national,1973,4725.55076968778
DJI,national,national,1974,4344.63259683438
DJI,national,national,1975,4617.27945440645
DJI,national,national,1976,4801.34069038471
DJI,national,national,1977,3972.57298614036
DJI,national,national,1978,3365.26933588055
DJI,national,national,1979,3256.01373591485
DJI,national,national,1980,3117.22959541787
DJI,national,national,1981,3042.42395940532
DJI,national,national,1982,2995.17829455528
DJI,national,national,1983,2916.43551980523
DJI,national,national,1984,2897.73411080209
DJI,national,national,1985,2834.73989100204
DJI,national,national,1986,2699.89288924257
DJI,national,national,1987,2628.04010728314
DJI,national,national,1988,2610.32298296438
DJI,national,national,1989,2397.71749113923
DJI,national,national,1990,2271.72905153914
DJI,national,national,1991,2111.6553129606
DJI,national,national,1992,2095.18201457219
DJI,national,national,1993,1942.83202029298
DJI,national,national,1994,1904.5193176832
DJI,national,national,1995,1814.83423320752
DJI,national,national,1996,1711.09814068731
DJI,national,national,1997,1646.27816830026
DJI,national,national,1998,1600.66411365752
DJI,national,national,1999,1601.47872731409
DJI,national,national,2000,1573.33360997335
DJI,national,national,2001,1567.80371938404
DJI,national,national,2002,1588.33284555464
DJI,national,national,2003,1611.56011007979
DJI,national,national,2004,1630.66258482009
DJI,national,national,2005,1656.38972194213
DJI,national,national,2006,1711.60242533185
DJI,national,national,2007,1773.13808234162
DJI,national,national,2008,1851.01773398479
DJI,national,national,2009,1854.90115676029
DJI,national,national,2010,1903.3814446391
DJI,national,national,2011,2009.94928939406
DJI,national,national,2012,2072.16163605505
DJI,national,national,2013,2138.43843074856
DJI,national,national,2014,2248.59114297989
DJI,national,national,2015,2376.12554719873
DJI,national,national,2016,2502.85181449431
DJI,national,national,2017,2596.45134698268
DJI,national,national,2018,2677.16701469784
DJI,national,national,2019,2781.94687224659
DJI,national,national,2020,2776.54090852115
DJI,national,national,2021,2860.53793870551
DJI,national,national,2022,2925.84071784878
DJI,national,national,2023,3078.28598659063
DJI,national,national,2024,3236.91100990109
DJI,national,national,2025,3358.92028826352
DJI,national,national,2026,3482.6656357675
DJI,national,national,2027,3604.8976570791
DJI,national,national,2028,3760.94308185984
DJI,national,national,2029,3923.74325446183
DJI,national,national,2030,4098.54439986589
DMA,national,national,1960,1717.71328695186
DMA,national,national,1961,1622.51471924128
DMA,national,national,1962,1839.12595301754
DMA,national,national,1963,1892.93383911482
DMA,national,national,1964,1957.77924030899
DMA,national,national,1965,1659.76633269324
DMA,national,national,1966,1825.32905914644
DMA,national,national,1967,1828.08843792066
DMA,national,national,1968,1777.03993059759
DMA,national,national,1969,1915.00886930858
DMA,national,national,1970,2058.49656556801
DMA,national,national,1971,2177.14985285947
DMA,national,national,1972,2309.60003402202
DMA,national,national,1973,2473.7830710881
DMA,national,national,1974,2613.13169918621
DMA,national,national,1975,2676.59741099326
DMA,national,national,1976,2850.43827376911
DMA,national,national,1977,2920.80243251172
DMA,national,national,1978,3214.41336409998
DMA,national,national,1979,2615.81730042263
DMA,national,national,1980,2960.86465410872
DMA,national,national,1981,3285.86768556928
DMA,national,national,1982,3435.52506711189
DMA,national,national,1983,3539.07441592244
DMA,national,national,1984,3703.41050867178
DMA,national,national,1985,3772.36771911248
DMA,national,national,1986,4058.32027984626
DMA,national,national,1987,4337.56669245705
DMA,national,national,1988,4704.10484882737
DMA,national,national,1989,4725.56527170019
DMA,national,national,1990,5019.22928541831
DMA,national,national,1991,5111.17472955732
DMA,national,national,1992,5212.72047871724
DMA,national,national,1993,5317.10554430161
DMA,national,national,1994,5315.57046066221
DMA,national,national,1995,5477.30878812707
DMA,national,national,1996,5652.13588872614
DMA,national,national,1997,5784.92174395749
DMA,national,national,1998,6018.45615395774
DMA,national,national,1999,6062.04155443161
DMA,national,national,2000,6236.41530652291
DMA,national,national,2001,6252.78620148137
DMA,national,national,2002,6068.93653642148
DMA,national,national,2003,6439.05826661346
DMA,national,national,2004,6624.08831564742
DMA,national,national,2005,6659.28779703005
DMA,national,national,2006,6962.28124307129
DMA,national,national,2007,7400.18344311927
DMA,national,national,2008,7926.34888778889
DMA,national,national,2009,7832.50550012373
DMA,national,national,2010,7885.76218710203
DMA,national,national,2011,7846.02849210952
DMA,national,national,2012,7755.63860249569
DMA,national,national,2013,7612.33600928235
DMA,national,national,2014,7899.649940693
DMA,national,national,2015,7679.83293618857
DMA,national,national,2016,7983.23571599345
DMA,national,national,2017,7575.63365328777
DMA,national,national,2018,7881.43631947783
DMA,national,national,2019,8351.12522914571
DMA,national,national,2020,6996.13658633828
DMA,national,national,2021,7519.49355098053
DMA,national,national,2022,7984.01911049722
DMA,national,national,2023,8399.96601368496
DMA,national,national,2024,8738.55622708424
DMA,national,national,2025,9156.87412946346
DMA,national,national,2026,9519.00427219479
DMA,national,national,2027,9842.79561082158
DMA,national,national,2028,10062.0676730896
DMA,national,national,2029,10253.5263925597
DMA,national,national,2030,10460.1296995642
DNK,national,national,1960,17520.746481577
DNK,national,national,1961,18508.6964443178
DNK,national,national,1962,19405.8956885655
DNK,national,national,1963,19376.2803404013
DNK,national,national,1964,21003.9109980765
DNK,national,national,1965,21790.2312357714
DNK,national,national,1966,22208.4289214487
DNK,national,national,1967,23330.995164681
DNK,national,national,1968,24546.6538399604
DNK,national,national,1969,26071.0399378755
DNK,national,national,1970,26356.1270283734
DNK,national,national,1971,27005.365066928
DNK,national,national,1972,27871.0435311277
DNK,national,national,1973,29010.519139544
DNK,national,national,1974,28597.3223137558
DNK,national,national,1975,28112.9709514439
DNK,national,national,1976,29723.0911169378
DNK,national,national,1977,30218.9600379221
DNK,national,national,1978,30853.3720172917
DNK,national,national,1979,32025.1913448919
DNK,national,national,1980,31745.9167869188
DNK,national,national,1981,31519.6357994139
DNK,national,national,1982,32770.4867209655
DNK,national,national,1983,33663.5864688998
DNK,national,national,1984,35142.7674473353
DNK,national,national,1985,36587.4452819712
DNK,national,national,1986,38268.0683803545
DNK,national,national,1987,38396.5670666554
DNK,national,national,1988,38482.6663517953
DNK,national,national,1989,38727.7183714612
DNK,national,national,1990,39306.7939163003
DNK,national,national,1991,39776.5961662564
DNK,national,national,1992,40447.232822697
DNK,national,national,1993,40280.8935829591
DNK,national,national,1994,42270.6520789912
DNK,national,national,1995,43328.5293423529
DNK,national,national,1996,44331.6199506782
DNK,national,national,1997,45546.5896032205
DNK,national,national,1998,46437.1921036166
DNK,national,national,1999,47657.173193571
DNK,national,national,2000,49266.9882702373
DNK,national,national,2001,49557.1510075058
DNK,national,national,2002,49624.5965334337
DNK,national,national,2003,49708.0908999592
DNK,national,national,2004,50956.3045506744
DNK,national,national,2005,52015.1841293483
DNK,national,national,2006,53823.1590414696
DNK,national,national,2007,54113.9771443798
DNK,national,national,2008,53572.5346597284
DNK,national,national,2009,50635.9117993314
DNK,national,national,2010,51209.4492636368
DNK,national,national,2011,51667.5313181951
DNK,national,national,2012,51470.6898338005
DNK,national,national,2013,51970.3909405024
DNK,national,national,2014,52368.3625852985
DNK,national,national,2015,53094.0133607574
DNK,national,national,2016,54300.2039530893
DNK,national,national,2017,55601.0145649906
DNK,national,national,2018,56355.0733009054
DNK,national,national,2019,57114.6227285377
DNK,national,national,2020,55934.5556066994
DNK,national,national,2021,59803.9202099741
DNK,national,national,2022,60248.6712302435
DNK,national,national,2023,61295.9818623394
DNK,national,national,2024,62286.8370715253
DNK,national,national,2025,62958.1499017886
DNK,national,national,2026,64375.1218466656
DNK,national,national,2027,64879.0096540293
DNK,national,national,2028,65214.4459354325
DNK,national,national,2029,65794.6277014578
DNK,national,national,2030,66292.4237160083
DOM,national,national,1960,1386.30728237197
DOM,national,national,1961,1312.12596167756
DOM,national,national,1962,1488.71578360816
DOM,national,national,1963,1537.64939683787
DOM,national,national,1964,1592.72317235614
DOM,national,national,1965,1353.51883696956
DOM,national,national,1966,1491.54373932179
DOM,national,national,1967,1496.49968110575
DOM,national,national,1968,1457.40109471041
DOM,national,national,1969,1570.84778004305
DOM,national,national,1970,1805.55124878515
DOM,national,national,1971,1946.55707671366
DOM,national,national,1972,2089.91938277882
DOM,national,national,1973,2295.12199916907
DOM,national,national,1974,2367.538565312
DOM,national,national,1975,2425.06555096291
DOM,national,national,1976,2521.46388197307
DOM,national,national,1977,2579.82866940229
DOM,national,national,1978,2569.10969114523
DOM,national,national,1979,2619.31744636252
DOM,national,national,1980,2759.2576711646
DOM,national,national,1981,2808.99344402781
DOM,national,national,1982,2790.76919642564
DOM,national,national,1983,2853.36126477213
DOM,national,national,1984,2823.97333820887
DOM,national,national,1985,2703.26986389826
DOM,national,national,1986,2738.51467745198
DOM,national,national,1987,2952.09845777041
DOM,national,national,1988,2952.74451788973
DOM,national,national,1989,3018.1593636772
DOM,national,national,1990,2794.13532520508
DOM,national,national,1991,2763.06618803822
DOM,national,national,1992,3012.19400765024
DOM,national,national,1993,3171.38808963786
DOM,national,national,1994,3192.01963139506
DOM,national,national,1995,3310.88002146896
DOM,national,national,1996,3445.55862127293
DOM,national,national,1997,3686.90570539629
DOM,national,national,1998,3869.93979841817
DOM,national,national,1999,4033.87604517725
DOM,national,national,2000,4154.06265527713
DOM,national,national,2001,4189.80766076945
DOM,national,national,2002,4312.88294593947
DOM,national,national,2003,4194.01788130909
DOM,national,national,2004,4243.09468795653
DOM,national,national,2005,4582.67384283375
DOM,national,national,2006,4940.89563402297
DOM,national,national,2007,5243.05707628193
DOM,national,national,2008,5344.93067784953
DOM,national,national,2009,5327.53279165634
DOM,national,national,2010,5698.41429685183
DOM,national,national,2011,5802.84238987035
DOM,national,national,2012,5886.66561521702
DOM,national,national,2013,6098.90503670225
DOM,national,national,2014,6451.88289713534
DOM,national,national,2015,6819.93225155181
DOM,national,national,2016,7193.70124923098
DOM,national,national,2017,7447.94340728752
DOM,national,national,2018,7882.85726898612
DOM,national,national,2019,8195.9832061503
DOM,national,national,2020,7565.84276444044
DOM,national,national,2021,8406.36934183752
DOM,national,national,2022,8730.59334982646
DOM,national,national,2023,8857.40278693789
DOM,national,national,2024,9236.7650677808
DOM,national,national,2025,9479.85878656703
DOM,national,national,2026,9742.60175638738
DOM,national,national,2027,10034.2195432154
DOM,national,national,2028,10448.2767460697
DOM,national,national,2029,10879.3520615073
DOM,national,national,2030,11328.1713537037
DZA,national,national,1960,2388.42007867121
DZA,national,national,1961,2027.27351526457
DZA,national,national,1962,1604.48773834966
DZA,national,national,1963,2122.4310919023
DZA,national,national,1964,2209.9069785789
DZA,national,national,1965,2311.73974611983
DZA,national,national,1966,2161.49133930658
DZA,national,national,1967,2313.25858764419
DZA,national,national,1968,2505.31409679971
DZA,national,national,1969,2655.44328834561
DZA,national,national,1970,2826.24146249501
DZA,national,national,1971,2449.95226860396
DZA,national,national,1972,3050.82216642524
DZA,national,national,1973,3093.380555081
DZA,national,national,1974,3245.60799489528
DZA,national,national,1975,3290.82760115529
DZA,national,national,1976,3408.01820820889
DZA,national,national,1977,3459.3039962159
DZA,national,national,1978,3672.11777957158
DZA,national,national,1979,3830.80959220232
DZA,national,national,1980,3742.71024719682
DZA,national,national,1981,3731.93905390427
DZA,national,national,1982,3840.5753859786
DZA,national,national,1983,3912.93659125035
DZA,national,national,1984,3993.39540514055
DZA,national,national,1985,4002.55619416338
DZA,national,national,1986,3888.36475873906
DZA,national,national,1987,3746.16566714647
DZA,national,national,1988,3606.26838802575
DZA,national,national,1989,3666.85307880529
DZA,national,national,1990,3605.68701213527
DZA,national,national,1991,3478.5097627463
DZA,national,national,1992,3455.9293629926
DZA,national,national,1993,3302.91950571082
DZA,national,national,1994,3201.56914405705
DZA,national,national,1995,3255.187268716
DZA,national,national,1996,3322.9553813945
DZA,national,national,1997,3297.46603365919
DZA,national,national,1998,3410.88254399624
DZA,national,national,1999,3471.49196276655
DZA,national,national,2000,3553.32420521282
DZA,national,national,2001,3610.00605632903
DZA,national,national,2002,3754.66081539402
DZA,national,national,2003,3945.89816092714
DZA,national,national,2004,4066.28204806069
DZA,national,national,2005,4223.60252134721
DZA,national,national,2006,4279.61547125531
DZA,national,national,2007,4339.25055772185
DZA,national,national,2008,4367.56538019901
DZA,national,national,2009,4336.10054056598
DZA,national,national,2010,4456.61027416201
DZA,national,national,2011,4501.35430135827
DZA,national,national,2012,4518.4397895726
DZA,national,national,2013,4543.23444004859
DZA,national,national,2014,4634.10149183949
DZA,national,national,2015,4685.05902729002
DZA,national,national,2016,4768.73140080218
DZA,national,national,2017,4742.90075536604
DZA,national,national,2018,4717.00358853556
DZA,national,national,2019,4672.66408682198
DZA,national,national,2020,4363.68533766912
DZA,national,national,2021,4456.74687641147
DZA,national,national,2022,4544.46688059647
DZA,national,national,2023,4660.40545686886
DZA,national,national,2024,4772.01370000044
DZA,national,national,2025,4858.31714730148
DZA,national,national,2026,4944.78122000333
DZA,national,national,2027,5024.27628702881
DZA,national,national,2028,5103.42667570138
DZA,national,national,2029,5164.16113781629
DZA,national,national,2030,5174.32759307597
ECU,national,national,1960,2391.68004251383
ECU,national,national,1961,2444.25902868187
ECU,national,national,1962,2492.22622730745
ECU,national,national,1963,2472.24896775318
ECU,national,national,1964,2578.95935355031
ECU,national,national,1965,2586.06761738802
ECU,national,national,1966,2501.91557877735
ECU,national,national,1967,2540.66169170091
ECU,national,national,1968,2513.00216143129
ECU,national,national,1969,2553.05924747148
ECU,national,national,1970,2648.64798630584
ECU,national,national,1971,2733.31598864156
ECU,national,national,1972,2787.37877576185
ECU,national,national,1973,3085.04290357147
ECU,national,national,1974,3333.36860850118
ECU,national,national,1975,3595.34513644445
ECU,national,national,1976,3754.40921384736
ECU,national,national,1977,3710.30597994154
ECU,national,national,1978,3815.91235332704
ECU,national,national,1979,3852.47842136509
ECU,national,national,1980,3889.17817173943
ECU,national,national,1981,3999.2219866679
ECU,national,national,1982,3918.96098102769
ECU,national,national,1983,3804.53281852482
ECU,national,national,1984,3803.57698971645
ECU,national,national,1985,3852.89105504248
ECU,national,national,1986,3888.31507228661
ECU,national,national,1987,3785.72228032271
ECU,national,national,1988,3916.01015186151
ECU,national,national,1989,3866.16747717704
ECU,national,national,1990,3919.71758067093
ECU,national,national,1991,4000.56819787678
ECU,national,national,1992,4000.03146191686
ECU,national,national,1993,3996.99377481811
ECU,national,national,1994,4087.34069011974
ECU,national,national,1995,4100.68735341031
ECU,national,national,1996,4093.84154476335
ECU,national,national,1997,4192.85523208483
ECU,national,national,1998,4252.04348649475
ECU,national,national,1999,3979.19293611513
ECU,national,national,2000,3953.39879728357
ECU,national,national,2001,4049.0001889951
ECU,national,national,2002,4174.89793579965
ECU,national,national,2003,4220.21298466638
ECU,national,national,2004,4430.23717984188
ECU,national,national,2005,4589.32849203452
ECU,national,national,2006,4706.98056823816
ECU,national,national,2007,4715.30359842555
ECU,national,national,2008,4939.90215021789
ECU,national,national,2009,4909.33681705683
ECU,national,national,2010,5022.20374387205
ECU,national,national,2011,5359.45724615639
ECU,national,national,2012,5579.85624282158
ECU,national,national,2013,5893.32172683036
ECU,national,national,2014,6055.04172761485
ECU,national,national,2015,5976.1596805651
ECU,national,national,2016,5849.13587933672
ECU,national,national,2017,6104.27253521751
ECU,national,national,2018,6063.09567428953
ECU,national,national,2019,5971.38938386723
ECU,national,national,2020,5355.68933100132
ECU,national,national,2021,5836.16760887012
ECU,national,national,2022,6148.02265521212
ECU,national,national,2023,6238.15868442687
ECU,national,national,2024,6214.01444351212
ECU,national,national,2025,6277.07278314944
ECU,national,national,2026,6350.57847925273
ECU,national,national,2027,6429.12463118428
ECU,national,national,2028,6538.80255285321
ECU,national,national,2029,6652.37181038046
ECU,national,national,2030,6765.68551114995
EGY,national,national,1960,754.665127408056
EGY,national,national,1961,773.359952691562
EGY,national,national,1962,782.464128955335
EGY,national,national,1963,842.326112348388
EGY,national,national,1964,915.128632875069
EGY,national,national,1965,935.954213451495
EGY,national,national,1966,958.850656911766
EGY,national,national,1967,942.860658091527
EGY,national,national,1968,905.16466450931
EGY,national,national,1969,930.030902264785
EGY,national,national,1970,959.056055292103
EGY,national,national,1971,975.172435736887
EGY,national,national,1972,982.105208413219
EGY,national,national,1973,993.429316293112
EGY,national,national,1974,985.86207772329
EGY,national,national,1975,1048.96951157098
EGY,national,national,1976,1160.79193679355
EGY,national,national,1977,1235.69710073247
EGY,national,national,1978,1309.77615131996
EGY,national,national,1979,1335.53152120136
EGY,national,national,1980,1463.62795611095
EGY,national,national,1981,1547.6278313744
EGY,national,national,1982,1615.89142292916
EGY,national,national,1983,1685.35389339432
EGY,national,national,1984,1761.70210147643
EGY,national,national,1985,1801.07734363564
EGY,national,national,1986,1826.09484184999
EGY,national,national,1987,1858.69070198174
EGY,national,national,1988,1902.06214086463
EGY,national,national,1989,1946.99709851632
EGY,national,national,1990,1956.11904330835
EGY,national,national,1991,1959.56014744838
EGY,national,national,1992,1984.49965075951
EGY,national,national,1993,2007.4664691291
EGY,national,national,1994,2049.89682472635
EGY,national,national,1995,2104.24397658628
EGY,national,national,1996,2169.15690059724
EGY,national,national,1997,2240.97540388433
EGY,national,national,1998,2319.5746496789
EGY,national,national,1999,2410.23630052127
EGY,national,national,2000,2475.32138095869
EGY,national,national,2001,2495.25781190217
EGY,national,national,2002,2511.64299192198
EGY,national,national,2003,2549.61409490903
EGY,national,national,2004,2605.06323508472
EGY,national,national,2005,2698.66357998806
EGY,national,national,2006,2831.84485287377
EGY,national,national,2007,2977.13928824842
EGY,national,national,2008,3093.65479573867
EGY,national,national,2009,3184.470912749
EGY,national,national,2010,3228.11085679321
EGY,national,national,2011,3221.68422157462
EGY,national,national,2012,3218.68516614679
EGY,national,national,2013,3226.02042630773
EGY,national,national,2014,3271.32202824699
EGY,national,national,2015,3344.10202860174
EGY,national,national,2016,3417.06603775873
EGY,national,national,2017,3510.7746376585
EGY,national,national,2018,3634.9421486902
EGY,national,national,2019,3736.0570565965
EGY,national,national,2020,3804.09470095934
EGY,national,national,2021,3933.55143891212
EGY,national,national,2022,4070.51609950472
EGY,national,national,2023,4159.29011265969
EGY,national,national,2024,4186.67715876906
EGY,national,national,2025,4276.59673515374
EGY,national,national,2026,4386.11332115641
EGY,national,national,2027,4506.17216856474
EGY,national,national,2028,4642.18039498062
EGY,national,national,2029,4790.85292543836
EGY,national,national,2030,4906.28570965528
ERI,national,national,1992,642.072233527209
ERI,national,national,1993,705.988405158037
ERI,national,national,1994,829.915037227268
ERI,national,national,1995,806.702995328956
ERI,national,national,1996,838.660572635214
ERI,national,national,1997,895.033773452053
ERI,national,national,1998,899.082974199102
ERI,national,national,1999,886.053679218386
ERI,national,national,2000,845.132430060544
ERI,national,national,2001,893.268735439193
ERI,national,national,2002,889.009113592982
ERI,national,national,2003,830.379672282601
ERI,national,national,2004,808.591420184592
ERI,national,national,2005,809.794793468889
ERI,national,national,2006,789.402432018085
ERI,national,national,2007,789.072701743247
ERI,national,national,2008,693.398874212494
ERI,national,national,2009,702.430936480778
ERI,national,national,2010,703.877374381654
ERI,national,national,2011,751.374899794668
ERI,national,national,2012,757.065848899402
ERI,national,national,2013,671.500808991904
ERI,national,national,2014,871.259055393902
ERI,national,national,2015,684.972887385788
ERI,national,national,2016,728.19352371007
ERI,national,national,2017,648.35594260485
ERI,national,national,2018,724.360766086607
ERI,national,national,2019,742.683309923004
ERI,national,national,2020,727.270011798068
ERI,national,national,2021,734.928582475288
ERI,national,national,2022,739.936362686024
ERI,national,national,2023,745.842904627172
ERI,national,national,2024,753.854615602797
ERI,national,national,2025,763.089252473778
ERI,national,national,2026,774.641337117136
ERI,national,national,2027,787.611138433096
ERI,national,national,2028,NA
ERI,national,national,2029,NA
ERI,national,national,2030,NA
ESP,national,national,1960,6284.85198465887
ESP,national,national,1961,6963.89799129173
ESP,national,national,1962,7586.92105609373
ESP,national,national,1963,8242.39256881387
ESP,national,national,1964,8594.11568792318
ESP,national,national,1965,9032.89962100354
ESP,national,national,1966,9588.73320291783
ESP,national,national,1967,9882.54412722477
ESP,national,national,1968,10397.6393539044
ESP,national,national,1969,11212.7189382092
ESP,national,national,1970,11559.5954904193
ESP,national,national,1971,11952.1508946341
ESP,national,national,1972,12784.2827329715
ESP,national,national,1973,13628.5600535088
ESP,national,national,1974,14237.9022889946
ESP,national,national,1975,14161.1462518392
ESP,national,national,1976,14475.2082476961
ESP,national,national,1977,14733.6858197039
ESP,national,national,1978,14805.9882084278
ESP,national,national,1979,14682.1319375929
ESP,national,national,1980,14886.4067277923
ESP,national,national,1981,14761.3776413704
ESP,national,national,1982,14855.9108636337
ESP,national,national,1983,15045.4001583787
ESP,national,national,1984,15250.453506894
ESP,national,national,1985,15548.0400545041
ESP,national,national,1986,16005.973262383
ESP,national,national,1987,16850.0903458344
ESP,national,national,1988,17670.9748789983
ESP,national,national,1989,18494.9397760721
ESP,national,national,1990,19174.7708317507
ESP,national,national,1991,19612.9766061335
ESP,national,national,1992,19698.5117502208
ESP,national,national,1993,19394.4931363836
ESP,national,national,1994,19762.3886330259
ESP,national,national,1995,20217.9031882287
ESP,national,national,1996,20658.8402740028
ESP,national,national,1997,21310.4311931636
ESP,national,national,1998,22135.4044960606
ESP,national,national,1999,23017.8387781684
ESP,national,national,2000,24106.8818441389
ESP,national,national,2001,24878.3784411461
ESP,national,national,2002,25205.3154727214
ESP,national,national,2003,25481.1653817075
ESP,national,national,2004,25825.3106522135
ESP,national,national,2005,26294.4473727979
ESP,national,national,2006,26899.0921510778
ESP,national,national,2007,27338.7954165547
ESP,national,national,2008,27112.5262998815
ESP,national,national,2009,25860.8142643369
ESP,national,national,2010,25766.2515889226
ESP,national,national,2011,25510.5579601069
ESP,national,national,2012,24763.5682703688
ESP,national,national,2013,24490.2279309777
ESP,national,national,2014,24937.0366118341
ESP,national,national,2015,25969.8383138327
ESP,national,national,2016,26704.3435828513
ESP,national,national,2017,27413.3287630157
ESP,national,national,2018,27947.3177652619
ESP,national,national,2019,28291.6306843873
ESP,national,national,2020,25073.7209751005
ESP,national,national,2021,26721.1481805453
ESP,national,national,2022,28168.3670415397
ESP,national,national,2023,28569.8436482338
ESP,national,national,2024,29053.6047317689
ESP,national,national,2025,29511.1249196021
ESP,national,national,2026,29928.5016151627
ESP,national,national,2027,30323.7047854258
ESP,national,national,2028,30545.9569092542
ESP,national,national,2029,30805.4397547879
ESP,national,national,2030,31109.7113675556
EST,national,national,1973,7473.73856068746
EST,national,national,1980,8148.04861997117
EST,national,national,1981,8383.10931533593
EST,national,national,1982,8626.29422828243
EST,national,national,1983,8861.35492364719
EST,national,national,1984,9023.29766077637
EST,national,national,1985,8958.84553462797
EST,national,national,1986,9134.87024889881
EST,national,national,1987,9152.20191307317
EST,national,national,1988,9565.45378073058
EST,national,national,1989,10170.9787978223
EST,national,national,1990,9341.22537547479
EST,national,national,1991,8637.20576020448
EST,national,national,1992,6934.17048877217
EST,national,national,1993,6706.55982946596
EST,national,national,1994,6738.99897153337
EST,national,national,1995,7170.94589348968
EST,national,national,1996,7637.25728925951
EST,national,national,1997,8732.99024390634
EST,national,national,1998,9199.93557043724
EST,national,national,1999,9133.895896578
EST,national,national,2000,10006.7692608845
EST,national,national,2001,10662.9454941852
EST,national,national,2002,11474.6621891541
EST,national,national,2003,12424.0440209385
EST,national,national,2004,13348.5275605242
EST,national,national,2005,14703.6175546553
EST,national,national,2006,16234.5146051178
EST,national,national,2007,17543.4654204
EST,national,national,2008,16688.996845909
EST,national,national,2009,14274.8506900643
EST,national,national,2010,14657.9387698819
EST,national,national,2011,15820.9215165125
EST,national,national,2012,16460.6838753207
EST,national,national,2013,16809.532320526
EST,national,national,2014,17413.6860003066
EST,national,national,2015,17722.1557669523
EST,national,national,2016,18264.9867328144
EST,national,national,2017,19270.8138248569
EST,national,national,2018,19914.3445867336
EST,national,national,2019,20579.875480866
EST,national,national,2020,19946.944991505
EST,national,national,2021,21351.394868
EST,national,national,2022,21080.6519716684
EST,national,national,2023,20123.422189306
EST,national,national,2024,20020.9035816305
EST,national,national,2025,20512.0126426208
EST,national,national,2026,20886.386636279
EST,national,national,2027,21331.0403049733
EST,national,national,2028,21768.6856326336
EST,national,national,2029,22190.6626131551
EST,national,national,2030,22609.8845503515
ETH,national,national,1960,235.221287117946
ETH,national,national,1961,242.267859199939
ETH,national,national,1962,246.61124134333
ETH,national,national,1963,250.629481769514
ETH,national,national,1964,256.026743259637
ETH,national,national,1965,265.539741661457
ETH,national,national,1966,273.367884428492
ETH,national,national,1967,276.998202888385
ETH,national,national,1968,277.032852329565
ETH,national,national,1969,275.947508424708
ETH,national,national,1970,281.772603925959
ETH,national,national,1971,289.065944402871
ETH,national,national,1972,294.561636446655
ETH,national,national,1973,299.0255383434
ETH,national,national,1974,298.279933486588
ETH,national,national,1975,293.065264752202
ETH,national,national,1976,290.520495915544
ETH,national,national,1977,293.090840796466
ETH,national,national,1978,290.997913350811
ETH,national,national,1979,295.153543017297
ETH,national,national,1980,306.469484441734
ETH,national,national,1981,304.941271144624
ETH,national,national,1982,307.836266294691
ETH,national,national,1983,307.89502054396
ETH,national,national,1984,279.541605105356
ETH,national,national,1985,266.457856071362
ETH,national,national,1986,288.426540590765
ETH,national,national,1987,297.891623931501
ETH,national,national,1988,286.841630265795
ETH,national,national,1989,279.234069276974
ETH,national,national,1990,262.967920436811
ETH,national,national,1991,232.228939989844
ETH,national,national,1992,225.903767251005
ETH,national,national,1993,235.879680672005
ETH,national,national,1994,238.380231921606
ETH,national,national,1995,251.726615036009
ETH,national,national,1996,262.573926019673
ETH,national,national,1997,254.276047888079
ETH,national,national,1998,247.781094286799
ETH,national,national,1999,253.689185361037
ETH,national,national,2000,263.686714556584
ETH,national,national,2001,268.461830702473
ETH,national,national,2002,259.815863929232
ETH,national,national,2003,265.241126764873
ETH,national,national,2004,290.113208240396
ETH,national,national,2005,313.575125190888
ETH,national,national,2006,338.447420799132
ETH,national,national,2007,365.293745369866
ETH,national,national,2008,389.742732725479
ETH,national,national,2009,419.217928031566
ETH,national,national,2010,455.80721539832
ETH,national,national,2011,487.035640383502
ETH,national,national,2012,519.277968910999
ETH,national,national,2013,558.108269875401
ETH,national,national,2014,599.426155206247
ETH,national,national,2015,641.324733888801
ETH,national,national,2016,683.420873088025
ETH,national,national,2017,719.667900357718
ETH,national,national,2018,753.61190741955
ETH,national,national,2019,786.524140304068
ETH,national,national,2020,810.461135832069
ETH,national,national,2021,832.573094568242
ETH,national,national,2022,858.911426585743
ETH,national,national,2023,906.355358996988
ETH,national,national,2024,946.305345901015
ETH,national,national,2025,982.318102070227
ETH,national,national,2026,1023.98132476277
ETH,national,national,2027,1085.71075894944
ETH,national,national,2028,1154.18266921466
ETH,national,national,2029,1224.14081555589
ETH,national,national,2030,1295.17737166801
FIN,national,national,1960,11153.7787774575
FIN,national,national,1961,11917.5856645383
FIN,national,national,1962,12189.789109087
FIN,national,national,1963,12501.5395968289
FIN,national,national,1964,13083.4678660096
FIN,national,national,1965,13731.4121060756
FIN,national,national,1966,14004.6461945727
FIN,national,national,1967,14231.1053660732
FIN,national,national,1968,14493.6701434184
FIN,national,national,1969,15893.3099766485
FIN,national,national,1970,17145.4190210686
FIN,national,national,1971,17527.3884642372
FIN,national,national,1972,18771.1589777448
FIN,national,national,1973,19968.3795911325
FIN,national,national,1974,20507.0183644179
FIN,national,national,1975,20784.688306958
FIN,national,national,1976,20793.4909567372
FIN,national,national,1977,20785.068488956
FIN,national,national,1978,21330.5987490323
FIN,national,national,1979,22791.4237888868
FIN,national,national,1980,23945.0604855846
FIN,national,national,1981,24150.578381942
FIN,national,national,1982,24756.9390096704
FIN,national,national,1983,25373.6804102249
FIN,national,national,1984,26052.7866784535
FIN,national,national,1985,26862.7992123119
FIN,national,national,1986,27513.3886876528
FIN,national,national,1987,28412.4497932673
FIN,national,national,1988,29811.9509162328
FIN,national,national,1989,31214.6750075752
FIN,national,national,1990,31291.522300093
FIN,national,national,1991,29290.9774397767
FIN,national,national,1992,28162.3513542459
FIN,national,national,1993,27807.8614785575
FIN,national,national,1994,28785.9195252864
FIN,national,national,1995,29890.5243391864
FIN,national,national,1996,30883.8348645249
FIN,national,national,1997,32762.1180296735
FIN,national,national,1998,34457.4556217234
FIN,national,national,1999,35886.4949641177
FIN,national,national,2000,37872.6021506974
FIN,national,national,2001,38784.1309690781
FIN,national,national,2002,39343.0700057835
FIN,national,national,2003,40038.983975519
FIN,national,national,2004,41521.9628659913
FIN,national,national,2005,42529.3507188339
FIN,national,national,2006,44069.3958954602
FIN,national,national,2007,46213.6899168625
FIN,national,national,2008,46359.8732961912
FIN,national,national,2009,42412.5134851925
FIN,national,national,2010,43556.5386411304
FIN,national,national,2011,44391.4537002772
FIN,national,national,2012,43507.9345996826
FIN,national,national,2013,42883.6385589185
FIN,national,national,2014,42502.4881250833
FIN,national,national,2015,42560.3456767103
FIN,national,national,2016,43529.676196739
FIN,national,national,2017,44862.2204947012
FIN,national,national,2018,45337.2411058586
FIN,national,national,2019,45898.5709888883
FIN,national,national,2020,44690.9801797392
FIN,national,national,2021,45818.0762904738
FIN,national,national,2022,46356.2256378669
FIN,national,national,2023,45588.5130643088
FIN,national,national,2024,45294.4342496928
FIN,national,national,2025,45705.5151524517
FIN,national,national,2026,46082.4149606425
FIN,national,national,2027,46759.2168362965
FIN,national,national,2028,47412.6584684523
FIN,national,national,2029,48029.9330196961
FIN,national,national,2030,48636.3583296137
FJI,national,national,1960,2135.00107809467
FJI,national,national,1961,2143.81528441161
FJI,national,national,1962,2153.38614304638
FJI,national,national,1963,2219.48312160262
FJI,national,national,1964,2256.38663525741
FJI,national,national,1965,2129.2518047711
FJI,national,national,1966,2068.36189176628
FJI,national,national,1967,2286.31621659819
FJI,national,national,1968,2413.46579664797
FJI,national,national,1969,2424.80444995678
FJI,national,national,1970,2679.36143563414
FJI,national,national,1971,2811.37079429481
FJI,national,national,1972,2970.33177960494
FJI,national,national,1973,3263.5593691783
FJI,national,national,1974,3299.67029010486
FJI,national,national,1975,3268.68436633728
FJI,national,national,1976,3302.90295526489
FJI,national,national,1977,3426.10604281144
FJI,national,national,1978,3408.49392560894
FJI,national,national,1979,3735.04200962829
FJI,national,national,1980,3588.63393507925
FJI,national,national,1981,3725.85928894113
FJI,national,national,1982,3420.17359045406
FJI,national,national,1983,3206.53998566024
FJI,national,national,1984,3392.64404438631
FJI,national,national,1985,3159.91259875156
FJI,national,national,1986,3333.21190960149
FJI,national,national,1987,3066.12843588507
FJI,national,national,1988,3062.15309220336
FJI,national,national,1989,3257.20438611994
FJI,national,national,1990,3414.95056285258
FJI,national,national,1991,3295.72688644576
FJI,national,national,1992,3471.43146864921
FJI,national,national,1993,3522.842312516
FJI,national,national,1994,3682.000171045
FJI,national,national,1995,3755.26836957013
FJI,national,national,1996,3910.82967084971
FJI,national,national,1997,3785.46688313331
FJI,national,national,1998,3787.48705593593
FJI,national,national,1999,4073.37712428347
FJI,national,national,2000,3960.88906732702
FJI,national,national,2001,3998.79732825858
FJI,national,national,2002,4086.10437826539
FJI,national,national,2003,4087.72452798451
FJI,national,national,2004,4264.59727631589
FJI,national,national,2005,4255.45101270987
FJI,national,national,2006,4295.40683633625
FJI,national,national,2007,4223.448044469
FJI,national,national,2008,4240.7726952272
FJI,national,national,2009,4164.29318567542
FJI,national,national,2010,4272.35918954633
FJI,national,national,2011,4375.58089378139
FJI,national,national,2012,4427.97848460232
FJI,national,national,2013,4630.35130732961
FJI,national,national,2014,4883.2430712014
FJI,national,national,2015,5097.53108832569
FJI,national,national,2016,5218.85826502641
FJI,national,national,2017,5500.67845379668
FJI,national,national,2018,5720.21451226628
FJI,national,national,2019,5701.10441245577
FJI,national,national,2020,4729.3813514501
FJI,national,national,2021,4489.96065328578
FJI,national,national,2022,5362.78686266554
FJI,national,national,2023,5736.82889741943
FJI,national,national,2024,5873.13566842329
FJI,national,national,2025,5992.27422232338
FJI,national,national,2026,6128.93243429275
FJI,national,national,2027,6290.03942771389
FJI,national,national,2028,6452.00063395171
FJI,national,national,2029,6617.09351644118
FJI,national,national,2030,6788.73989660817
FRA,national,national,1960,10733.3038951565
FRA,national,national,1961,11133.1470724538
FRA,national,national,1962,11779.2903793344
FRA,national,national,1963,12384.5365890788
FRA,national,national,1964,13040.566706937
FRA,national,national,1965,13537.0486210143
FRA,national,national,1966,14119.5206477271
FRA,national,national,1967,14690.807481932
FRA,national,national,1968,15227.4770197367
FRA,national,national,1969,16176.7441006573
FRA,national,national,1970,17024.1166968725
FRA,national,national,1971,17763.4267120288
FRA,national,national,1972,18407.1540190396
FRA,national,national,1973,19465.8926385994
FRA,national,national,1974,20244.6170583655
FRA,national,national,1975,19922.0019496386
FRA,national,national,1976,20707.7547195513
FRA,national,national,1977,21347.55584568
FRA,national,national,1978,22078.7228203247
FRA,national,national,1979,22792.2359546683
FRA,national,national,1980,23050.9255988627
FRA,national,national,1981,23186.7612580687
FRA,national,national,1982,23666.5121748806
FRA,national,national,1983,23836.4019022125
FRA,national,national,1984,24102.0176236369
FRA,national,national,1985,24358.1382808953
FRA,national,national,1986,24813.0302673133
FRA,national,national,1987,25308.6209153002
FRA,national,national,1988,26374.1221756858
FRA,national,national,1989,27372.0534832736
FRA,national,national,1990,27992.9751563018
FRA,national,national,1991,28197.235956819
FRA,national,national,1992,28482.5194710025
FRA,national,national,1993,28257.0962436413
FRA,national,national,1994,28822.5006563247
FRA,national,national,1995,29379.6158447459
FRA,national,national,1996,29683.7786060864
FRA,national,national,1997,30325.5228742678
FRA,national,national,1998,31256.5073871178
FRA,national,national,1999,32152.7207413244
FRA,national,national,2000,33255.1379678188
FRA,national,national,2001,33640.6738010628
FRA,national,national,2002,33753.5782919683
FRA,national,national,2003,33840.6175643619
FRA,national,national,2004,34557.1471190953
FRA,national,national,2005,34946.0372441472
FRA,national,national,2006,35645.416247825
FRA,national,national,2007,36322.1685116781
FRA,national,national,2008,36257.3658869458
FRA,national,national,2009,35052.8510836822
FRA,national,national,2010,35578.1967958814
FRA,national,national,2011,36269.9561589984
FRA,national,national,2012,36161.2918334209
FRA,national,national,2013,36256.0866889623
FRA,national,national,2014,36444.3949135827
FRA,national,national,2015,36702.4323733379
FRA,national,national,2016,36920.5342871045
FRA,national,national,2017,37580.5979319486
FRA,national,national,2018,38062.4435971517
FRA,national,national,2019,38705.2072997191
FRA,national,national,2020,35709.204585868
FRA,national,national,2021,38030.8571728494
FRA,national,national,2022,38881.2230653186
FRA,national,national,2023,39117.4845009362
FRA,national,national,2024,39436.4615277362
FRA,national,national,2025,39343.985139248
FRA,national,national,2026,39455.1608032923
FRA,national,national,2027,39805.7093212099
FRA,national,national,2028,40194.1899767763
FRA,national,national,2029,40566.4184863999
FRA,national,national,2030,40942.4150579967
FRO,national,national,2008,44623.0315871975
FRO,national,national,2009,42378.2165335393
FRO,national,national,2010,42333.5215714088
FRO,national,national,2011,43946.251738291
FRO,national,national,2012,47303.8655939098
FRO,national,national,2013,50120.7530887167
FRO,national,national,2014,52644.7898999399
FRO,national,national,2015,52635.0375463609
FRO,national,national,2016,52757.3960429144
FRO,national,national,2017,53828.8840634344
FRO,national,national,2018,54431.4584195231
FRO,national,national,2019,56026.2538863596
FRO,national,national,2020,54295.461892057
FRO,national,national,2021,56484.7026785639
FRO,national,national,2022,57802.6938270898
FRO,national,national,2023,58665.1367497255
FSM,national,national,1970,1707.56595068012
FSM,national,national,1971,1693.20584943444
FSM,national,national,1972,1799.78127835437
FSM,national,national,1973,2247.32164346799
FSM,national,national,1974,2432.62671061575
FSM,national,national,1975,2376.31048632231
FSM,national,national,1976,2340.25546902928
FSM,national,national,1977,2355.53782835709
FSM,national,national,1978,2397.45279183827
FSM,national,national,1979,2319.65810860525
FSM,national,national,1980,2175.37980846836
FSM,national,national,1981,2247.51294901415
FSM,national,national,1982,2148.07026148123
FSM,national,national,1983,2095.68164088834
FSM,national,national,1984,2054.47048886292
FSM,national,national,1985,2280.33133629586
FSM,national,national,1986,2355.36162064611
FSM,national,national,1987,2328.84208878939
FSM,national,national,1988,2340.7358650028
FSM,national,national,1989,2378.21406404503
FSM,national,national,1990,2443.22128461623
FSM,national,national,1991,2554.74853283801
FSM,national,national,1992,2630.30570986793
FSM,national,national,1993,2727.96408303346
FSM,national,national,1994,2718.73060775491
FSM,national,national,1995,2811.60072741721
FSM,national,national,1996,2691.42364323921
FSM,national,national,1997,2577.2783159143
FSM,national,national,1998,2633.81813624162
FSM,national,national,1999,2685.30553285293
FSM,national,national,2000,2787.80688953314
FSM,national,national,2001,2830.18391923081
FSM,national,national,2002,2852.41731592135
FSM,national,national,2003,2869.05148695154
FSM,national,national,2004,2826.70484101772
FSM,national,national,2005,2883.47519596001
FSM,national,national,2006,2887.23538912238
FSM,national,national,2007,2852.64628409451
FSM,national,national,2008,2833.24412141384
FSM,national,national,2009,2894.83294892859
FSM,national,national,2010,2974.53114649717
FSM,national,national,2011,3026.25303893201
FSM,national,national,2012,2950.73633182092
FSM,national,national,2013,2845.62013190605
FSM,national,national,2014,2820.8681077941
FSM,national,national,2015,2912.27837474955
FSM,national,national,2016,2918.90107056478
FSM,national,national,2017,2925.87157209306
FSM,national,national,2018,2944.51905043468
FSM,national,national,2019,3007.04885180881
FSM,national,national,2020,2965.66869876847
FSM,national,national,2021,3004.06078879845
FSM,national,national,2022,2979.07452923196
FSM,national,national,2023,3005.48301376275
FSM,national,national,2024,3040.7630985656
FSM,national,national,2025,3066.88635668102
FSM,national,national,2026,3090.80592466944
FSM,national,national,2027,3114.31365956369
FSM,national,national,2028,3135.88530628982
FSM,national,national,2029,3156.63072323396
FSM,national,national,2030,3177.51851584576
GAB,national,national,1960,3311.29693814036
GAB,national,national,1961,3756.64160763217
GAB,national,national,1962,3987.37302717701
GAB,national,national,1963,4176.14999511174
GAB,national,national,1964,4307.94711821812
GAB,national,national,1965,4601.58264952403
GAB,national,national,1966,4738.29146948499
GAB,national,national,1967,4857.54224653835
GAB,national,national,1968,4899.79966024679
GAB,national,national,1969,5195.79922572595
GAB,national,national,1970,5527.63605078666
GAB,national,national,1971,5969.45075181197
GAB,national,national,1972,6511.21796044723
GAB,national,national,1973,7026.71576594733
GAB,national,national,1974,9594.10323180831
GAB,national,national,1975,11184.7241895352
GAB,national,national,1976,14823.8829930465
GAB,national,national,1977,12653.3137502918
GAB,national,national,1978,9377.06283780252
GAB,national,national,1979,9187.35765811771
GAB,national,national,1980,9182.52680219592
GAB,national,national,1981,9399.27026015795
GAB,national,national,1982,8866.93461619978
GAB,national,national,1983,9113.43670535789
GAB,national,national,1984,9533.31659324811
GAB,national,national,1985,9058.4995497615
GAB,national,national,1986,8741.05138607781
GAB,national,national,1987,7044.15674885946
GAB,national,national,1988,7730.9357484059
GAB,national,national,1989,8162.58240779554
GAB,national,national,1990,8354.26309000876
GAB,national,national,1991,8627.38985737905
GAB,national,national,1992,8138.86821905371
GAB,national,national,1993,8237.7433874389
GAB,national,national,1994,8322.61010843084
GAB,national,national,1995,8514.94009899596
GAB,national,national,1996,8603.00813400361
GAB,national,national,1997,8870.12550864019
GAB,national,national,1998,8949.1211008365
GAB,national,national,1999,7944.64517936466
GAB,national,national,2000,7596.09970650519
GAB,national,national,2001,7556.76995314898
GAB,national,national,2002,7338.75620613605
GAB,national,national,2003,7301.67154442842
GAB,national,national,2004,7148.98713447497
GAB,national,national,2005,7130.22505771754
GAB,national,national,2006,6724.08148977274
GAB,national,national,2007,6908.67399162999
GAB,national,national,2008,6468.38523357609
GAB,national,national,2009,6264.83611480154
GAB,national,national,2010,6481.49612073562
GAB,national,national,2011,6699.23394606512
GAB,national,national,2012,6803.22668079211
GAB,national,national,2013,6938.25753862236
GAB,national,national,2014,6998.60545439576
GAB,national,national,2015,7047.12654634355
GAB,national,national,2016,6991.3251446736
GAB,national,national,2017,6840.05959347802
GAB,national,national,2018,6724.5961429108
GAB,national,national,2019,6817.56879468764
GAB,national,national,2020,6534.27966529444
GAB,national,national,2021,6479.0490069252
GAB,national,national,2022,6527.48207900404
GAB,national,national,2023,6541.69710787282
GAB,national,national,2024,6603.38526672407
GAB,national,national,2025,6598.10489749579
GAB,national,national,2026,6604.39961737329
GAB,national,national,2027,6667.04530519422
GAB,national,national,2028,6709.40007062951
GAB,national,national,2029,6747.27261852443
GAB,national,national,2030,6794.18245316346
GBR,national,national,1960,15136.0245977707
GBR,national,national,1961,15427.1318037137
GBR,national,national,1962,15464.8266069357
GBR,national,national,1963,16095.4421361819
GBR,national,national,1964,16885.7927685308
GBR,national,national,1965,17135.0744777669
GBR,national,national,1966,17307.9752221483
GBR,national,national,1967,17692.8583969032
GBR,national,national,1968,18570.518441756
GBR,national,national,1969,18852.0756535557
GBR,national,national,1970,19285.6497580384
GBR,national,national,1971,19878.3583978709
GBR,national,national,1972,20667.2421984769
GBR,national,national,1973,21973.049199207
GBR,national,national,1974,21413.6423410849
GBR,national,national,1975,21099.6465634208
GBR,national,national,1976,21719.0454973407
GBR,national,national,1977,22260.1620137046
GBR,national,national,1978,23194.7939530158
GBR,national,national,1979,24042.7876858071
GBR,national,national,1980,23526.2554939436
GBR,national,national,1981,23332.802577182
GBR,national,national,1982,23806.798102773
GBR,national,national,1983,24803.4271654098
GBR,national,national,1984,25326.1296682539
GBR,national,national,1985,26316.7154240545
GBR,national,national,1986,27082.9819399054
GBR,national,national,1987,28482.8666688606
GBR,national,national,1988,30048.8206598875
GBR,national,national,1989,30743.2275109139
GBR,national,national,1990,30876.3706304517
GBR,national,national,1991,30441.4813488187
GBR,national,national,1992,30481.0348859844
GBR,national,national,1993,31165.1544568281
GBR,national,national,1994,32281.4801527014
GBR,national,national,1995,33011.2945610583
GBR,national,national,1996,33777.5280893285
GBR,national,national,1997,35349.7906529645
GBR,national,national,1998,36446.26168577
GBR,national,national,1999,37435.8844440997
GBR,national,national,2000,38921.8965742615
GBR,national,national,2001,39769.8719588505
GBR,national,national,2002,40312.982402183
GBR,national,national,2003,41390.6062114686
GBR,national,national,2004,42167.3557140489
GBR,national,national,2005,43023.2276941486
GBR,national,national,2006,43724.8957170161
GBR,national,national,2007,44524.5707052861
GBR,national,national,2008,44065.6156615172
GBR,national,national,2009,41712.8319038271
GBR,national,national,2010,42311.4329860219
GBR,national,national,2011,42459.9629998419
GBR,national,national,2012,42802.0207834042
GBR,national,national,2013,43281.5764200721
GBR,national,national,2014,44336.537861323
GBR,national,national,2015,44964.3911437292
GBR,national,national,2016,45482.4668618551
GBR,national,national,2017,46374.5811167058
GBR,national,national,2018,46742.1481190493
GBR,national,national,2019,47234.2466070513
GBR,national,national,2020,42215.8837450989
GBR,national,national,2021,45873.869597011
GBR,national,national,2022,47551.2296562184
GBR,national,national,2023,47322.6682239254
GBR,national,national,2024,47617.2879738294
GBR,national,national,2025,47638.9024041392
GBR,national,national,2026,47780.6635678432
GBR,national,national,2027,48070.9364791206
GBR,national,national,2028,48534.3075704715
GBR,national,national,2029,49000.5401994758
GBR,national,national,2030,49474.604402729
GEO,national,national,1960,1438.21569444633
GEO,national,national,1961,1484.57936873598
GEO,national,national,1962,1536.95623492798
GEO,national,national,1963,1578.11918589518
GEO,national,national,1964,1640.50449433996
GEO,national,national,1965,1789.99342199708
GEO,national,national,1966,1902.99606549797
GEO,national,national,1967,2002.25561911472
GEO,national,national,1968,2072.58285278926
GEO,national,national,1969,2151.35584495054
GEO,national,national,1970,2387.46810183883
GEO,national,national,1971,2421.14178156344
GEO,national,national,1972,2464.77210236436
GEO,national,national,1973,2601.53891669817
GEO,national,national,1974,2806.25364402928
GEO,national,national,1975,2991.21007276643
GEO,national,national,1976,3150.85725796529
GEO,national,national,1977,3345.20714904597
GEO,national,national,1978,3572.82135997741
GEO,national,national,1979,3808.01905885908
GEO,national,national,1980,3948.86535079512
GEO,national,national,1981,4122.87659127008
GEO,national,national,1982,4169.97924413232
GEO,national,national,1983,4311.29871587326
GEO,national,national,1984,4506.66813674822
GEO,national,national,1985,4688.0718652506
GEO,national,national,1986,4266.72494637357
GEO,national,national,1987,4285.87259530389
GEO,national,national,1988,4479.40018281131
GEO,national,national,1989,4146.2568079811
GEO,national,national,1990,3534.03227732782
GEO,national,national,1991,2768.81016089293
GEO,national,national,1992,1513.85017404463
GEO,national,national,1993,1062.09528080207
GEO,national,national,1994,966.419596225484
GEO,national,national,1995,1029.48054628347
GEO,national,national,1996,1187.123206219
GEO,national,national,1997,1354.78352202066
GEO,national,national,1998,1431.79336069224
GEO,national,national,1999,1503.46298776734
GEO,national,national,2000,1561.19867638847
GEO,national,national,2001,1661.83019106421
GEO,national,national,2002,1768.5970116888
GEO,national,national,2003,1977.46143338741
GEO,national,national,2004,2105.00472843799
GEO,national,national,2005,2321.60084285163
GEO,national,national,2006,2554.81253503914
GEO,national,national,2007,2891.13702331846
GEO,national,national,2008,2970.15858282428
GEO,national,national,2009,2887.25607935922
GEO,national,national,2010,3090.06513662318
GEO,national,national,2011,3362.1030031968
GEO,national,national,2012,3609.780798626
GEO,national,national,2013,3806.50600649051
GEO,national,national,2014,3960.35080091901
GEO,national,national,2015,4086.6223465965
GEO,national,national,2016,4225.09154904806
GEO,national,national,2017,4442.50744127374
GEO,national,national,2018,4713.65354845303
GEO,national,national,2019,4975.81148194814
GEO,national,national,2020,4659.60925318234
GEO,national,national,2021,5175.19865185825
GEO,national,national,2022,5736.30449578597
GEO,national,national,2023,6180.62059946106
GEO,national,national,2024,6647.17696061511
GEO,national,national,2025,7014.40473864874
GEO,national,national,2026,7367.88174185953
GEO,national,national,2027,7740.79591388292
GEO,national,national,2028,8134.72890381996
GEO,national,national,2029,8548.70973183626
GEO,national,national,2030,8983.8226949563
GHA,national,national,1960,1100.07734257629
GHA,national,national,1961,1105.80528785745
GHA,national,national,1962,1123.83264714461
GHA,national,national,1963,1145.65868904369
GHA,national,national,1964,1143.42559755812
GHA,national,national,1965,1131.60166678805
GHA,national,national,1966,1057.66420831457
GHA,national,national,1967,1064.1760867246
GHA,national,national,1968,1042.41675728649
GHA,national,national,1969,1077.73179034985
GHA,national,national,1970,1151.33410769187
GHA,national,national,1971,1178.32625936366
GHA,national,national,1972,1117.12681569485
GHA,national,national,1973,1116.64642078118
GHA,national,national,1974,1159.05329108772
GHA,national,national,1975,985.998445354816
GHA,national,national,1976,924.203159422594
GHA,national,national,1977,917.764633158849
GHA,national,national,1978,965.76455764991
GHA,national,national,1979,913.15982451719
GHA,national,national,1980,891.022649519811
GHA,national,national,1981,835.988564750346
GHA,national,national,1982,755.823373291828
GHA,national,national,1983,699.959740887087
GHA,national,national,1984,741.107920486284
GHA,national,national,1985,762.272637369129
GHA,national,national,1986,784.448954236419
GHA,national,national,1987,803.428810070189
GHA,national,national,1988,828.500959290763
GHA,national,national,1989,849.157275192106
GHA,national,national,1990,855.319362110805
GHA,national,national,1991,878.088366524609
GHA,national,national,1992,889.7585628916
GHA,national,national,1993,910.155571806573
GHA,national,national,1994,917.856596442584
GHA,national,national,1995,933.313550689493
GHA,national,national,1996,953.730900253175
GHA,national,national,1997,970.390867038224
GHA,national,national,1998,991.588232741852
GHA,national,national,1999,1010.25223011374
GHA,national,national,2000,1021.63839077699
GHA,national,national,2001,1034.58177618235
GHA,national,national,2002,1051.81029306745
GHA,national,national,2003,1077.0285660206
GHA,national,national,2004,1107.6143459009
GHA,national,national,2005,1142.5995744161
GHA,national,national,2006,1184.52735767503
GHA,national,national,2007,1204.56621753786
GHA,national,national,2008,1281.83516442323
GHA,national,national,2009,1310.81347015195
GHA,national,national,2010,1380.3675278719
GHA,national,national,2011,1536.86037125821
GHA,national,national,2012,1639.51876204035
GHA,national,national,2013,1717.52646443251
GHA,national,national,2014,1725.29387642979
GHA,national,national,2015,1721.69964380717
GHA,national,national,2016,1739.72659778545
GHA,national,national,2017,1840.29925048368
GHA,national,national,2018,1914.26001947098
GHA,national,national,2019,1998.3081197152
GHA,national,national,2020,1968.96680139824
GHA,national,national,2021,2028.78406599559
GHA,national,national,2022,2066.17306715611
GHA,national,national,2023,2086.80608066
GHA,national,national,2024,2098.3621070427
GHA,national,national,2025,2141.45860163672
GHA,national,national,2026,2200.3120599763
GHA,national,national,2027,2266.58628433981
GHA,national,national,2028,2339.16511066743
GHA,national,national,2029,2414.93324402273
GHA,national,national,2030,2493.72746856472
GIN,national,national,1960,383.20589949898
GIN,national,national,1961,401.480994557054
GIN,national,national,1962,423.182669938516
GIN,national,national,1963,393.485640469146
GIN,national,national,1964,411.189638806655
GIN,national,national,1965,431.749120746988
GIN,national,national,1966,433.462410908682
GIN,national,national,1967,438.031184673201
GIN,national,national,1968,443.171055158284
GIN,national,national,1969,447.739828922802
GIN,national,national,1970,454.021892849015
GIN,national,national,1971,469.853004135626
GIN,national,national,1972,472.476065773993
GIN,national,national,1973,471.890918542322
GIN,national,national,1974,488.622222643696
GIN,national,national,1975,494.755008028771
GIN,national,national,1976,525.693823301009
GIN,national,national,1977,500.224866623139
GIN,national,national,1978,525.818457287848
GIN,national,national,1979,510.937903652384
GIN,national,national,1980,515.075498240815
GIN,national,national,1981,508.556746994401
GIN,national,national,1982,507.412755095438
GIN,national,national,1983,503.254700009446
GIN,national,national,1984,499.099790230844
GIN,national,national,1985,511.885502734728
GIN,national,national,1986,514.948827108147
GIN,national,national,1987,518.460706253598
GIN,national,national,1988,536.935142790771
GIN,national,national,1989,544.125289836889
GIN,national,national,1990,548.371534819426
GIN,national,national,1991,540.622747465388
GIN,national,national,1992,540.768238017649
GIN,national,national,1993,551.006742654772
GIN,national,national,1994,555.962782286148
GIN,national,national,1995,565.553359749505
GIN,national,national,1996,574.302865750492
GIN,national,national,1997,591.77353015526
GIN,national,national,1998,601.907993085373
GIN,national,national,1999,611.007685844967
GIN,national,national,2000,614.137235083638
GIN,national,national,2001,628.320554864936
GIN,national,national,2002,650.554963973291
GIN,national,national,2003,644.071217908894
GIN,national,national,2004,645.182843390689
GIN,national,national,2005,651.359606871604
GIN,national,national,2006,645.472001923653
GIN,national,national,2007,673.698997420626
GIN,national,national,2008,684.775780377366
GIN,national,national,2009,660.756701330284
GIN,national,national,2010,675.736917327708
GIN,national,national,2011,696.199991395571
GIN,national,national,2012,719.505916794546
GIN,national,national,2013,729.833143236326
GIN,national,national,2014,738.272274481308
GIN,national,national,2015,747.356966759448
GIN,national,national,2016,807.236421043888
GIN,national,national,2017,867.907502577607
GIN,national,national,2018,899.907328045175
GIN,national,national,2019,926.42221954853
GIN,national,national,2020,945.570903389665
GIN,national,national,2021,973.646890096159
GIN,national,national,2022,987.502501465337
GIN,national,national,2023,1028.47369985676
GIN,national,national,2024,1044.26329322818
GIN,national,national,2025,1085.10610875744
GIN,national,national,2026,1151.36274418369
GIN,national,national,2027,1250.40040335354
GIN,national,national,2028,1335.56020448434
GIN,national,national,2029,1447.69185461039
GIN,national,national,2030,1521.28827689549
GMB,national,national,1960,408.699404723787
GMB,national,national,1961,461.581675600644
GMB,national,national,1962,441.969707593333
GMB,national,national,1963,431.463296160844
GMB,national,national,1964,446.172272166328
GMB,national,national,1965,479.092361321457
GMB,national,national,1966,541.080188773137
GMB,national,national,1967,526.393360555569
GMB,national,national,1968,560.868340169724
GMB,national,national,1969,558.54686424948
GMB,national,national,1970,576.3284949378
GMB,national,national,1971,559.62991364986
GMB,national,national,1972,544.839051932197
GMB,national,national,1973,577.941930022901
GMB,national,national,1974,594.161379584551
GMB,national,national,1975,648.280119394208
GMB,national,national,1976,674.974030161572
GMB,national,national,1977,676.455417537658
GMB,national,national,1978,696.184905331213
GMB,national,national,1979,664.353754557366
GMB,national,national,1980,682.144429383382
GMB,national,national,1981,680.763235791179
GMB,national,national,1982,652.066636208096
GMB,national,national,1983,696.849478073282
GMB,national,national,1984,694.302648852541
GMB,national,national,1985,662.008143550023
GMB,national,national,1986,662.002325492942
GMB,national,national,1987,651.245092357426
GMB,national,national,1988,653.000030965074
GMB,national,national,1989,663.331309889547
GMB,national,national,1990,658.711165332156
GMB,national,national,1991,651.229615381431
GMB,national,national,1992,646.421031932611
GMB,national,national,1993,641.918738488002
GMB,national,national,1994,622.551318791124
GMB,national,national,1995,609.618491441846
GMB,national,national,1996,605.40992484126
GMB,national,national,1997,617.297597679527
GMB,national,national,1998,621.226058231623
GMB,national,national,1999,642.873705091153
GMB,national,national,2000,659.911237641141
GMB,national,national,2001,679.539755947951
GMB,national,national,2002,640.03893213613
GMB,national,national,2003,665.834222326194
GMB,national,national,2004,693.563314497133
GMB,national,national,2005,658.676285443081
GMB,national,national,2006,636.596026908866
GMB,national,national,2007,637.20930597537
GMB,national,national,2008,657.675679192228
GMB,national,national,2009,681.433469086571
GMB,national,national,2010,701.014524591061
GMB,national,national,2011,625.464360270983
GMB,national,national,2012,639.139881889048
GMB,national,national,2013,638.522368532214
GMB,national,national,2014,611.879472952196
GMB,national,national,2015,619.536364296461
GMB,national,national,2016,615.193365494386
GMB,national,national,2017,628.777299272925
GMB,national,national,2018,658.127833258563
GMB,national,national,2019,682.797642940426
GMB,national,national,2020,670.758642891251
GMB,national,national,2021,689.49323955737
GMB,national,national,2022,710.686979216316
GMB,national,national,2023,727.838723280227
GMB,national,national,2024,747.890188252949
GMB,national,national,2025,772.707933195624
GMB,national,national,2026,795.935586211624
GMB,national,national,2027,821.890609505284
GMB,national,national,2028,837.818434462739
GMB,national,national,2029,854.055650634715
GMB,national,national,2030,870.607350776638
GNB,national,national,1960,303.964563637008
GNB,national,national,1961,323.342304568867
GNB,national,national,1962,341.580178387087
GNB,national,national,1963,354.118716637114
GNB,national,national,1964,390.214508569009
GNB,national,national,1965,416.811407887247
GNB,national,national,1966,442.648395796392
GNB,national,national,1967,468.105428000992
GNB,national,national,1968,482.54374477375
GNB,national,national,1969,506.480954160164
GNB,national,national,1970,530.038207842032
GNB,national,national,1971,507.729108295228
GNB,national,national,1972,539.728776699538
GNB,national,national,1973,540.022721959447
GNB,national,national,1974,545.743584355489
GNB,national,national,1975,554.539611146607
GNB,national,national,1976,545.716719833003
GNB,national,national,1977,474.082444095876
GNB,national,national,1978,502.503980418456
GNB,national,national,1979,494.912807263144
GNB,national,national,1980,411.228191061056
GNB,national,national,1981,478.365016394864
GNB,national,national,1982,490.618441344467
GNB,national,national,1983,466.478485144929
GNB,national,national,1984,500.948088022197
GNB,national,national,1985,513.578560199997
GNB,national,national,1986,501.441680283283
GNB,national,national,1987,507.779967171681
GNB,national,national,1988,522.568587226461
GNB,national,national,1989,545.340640363452
GNB,national,national,1990,569.169670374215
GNB,national,national,1991,585.58551396824
GNB,national,national,1992,574.852002556155
GNB,national,national,1993,567.860072938098
GNB,national,national,1994,568.168871993007
GNB,national,national,1995,578.381849917403
GNB,national,national,1996,632.160906920913
GNB,national,national,1997,660.537774707954
GNB,national,national,1998,502.81554020706
GNB,national,national,1999,576.330795296558
GNB,national,national,2000,571.094015178625
GNB,national,national,2001,585.837980688333
GNB,national,national,2002,594.040535151552
GNB,national,national,2003,579.092506821836
GNB,national,national,2004,572.526464627294
GNB,national,national,2005,595.94255560187
GNB,national,national,2006,597.257151722046
GNB,national,national,2007,597.482020935948
GNB,national,national,2008,608.958620496925
GNB,national,national,2009,608.202131879882
GNB,national,national,2010,625.904027290582
GNB,national,national,2011,658.953470528116
GNB,national,national,2012,630.66862302825
GNB,national,national,2013,634.095456089352
GNB,national,national,2014,623.610159103365
GNB,national,national,2015,645.066837207039
GNB,national,national,2016,662.44946768667
GNB,national,national,2017,677.466131311367
GNB,national,national,2018,686.456819839526
GNB,national,national,2019,707.793673750722
GNB,national,national,2020,702.120599916994
GNB,national,national,2021,729.02322186963
GNB,national,national,2022,745.690895064907
GNB,national,national,2023,767.044183086551
GNB,national,national,2024,788.601957892925
GNB,national,national,2025,810.89748830471
GNB,national,national,2026,834.912886411282
GNB,national,national,2027,860.029079844415
GNB,national,national,2028,881.079381230452
GNB,national,national,2029,902.993226357869
GNB,national,national,2030,925.431239998124
GNQ,national,national,1960,192.815672466315
GNQ,national,national,1961,208.577171578003
GNQ,national,national,1962,229.417375959012
GNQ,national,national,1963,260.239863110757
GNQ,national,national,1964,295.965927763917
GNQ,national,national,1965,332.392503488706
GNQ,national,national,1966,342.024530723627
GNQ,national,national,1967,360.412946353929
GNQ,national,national,1968,368.118568141865
GNQ,national,national,1969,352.882452333901
GNQ,national,national,1970,338.697103133381
GNQ,national,national,1971,348.329130368302
GNQ,national,national,1972,351.481430190639
GNQ,national,national,1973,385.981600468445
GNQ,national,national,1974,431.865075660247
GNQ,national,national,1975,539.39352515554
GNQ,national,national,1976,604.716182585091
GNQ,national,national,1977,642.368652685234
GNQ,national,national,1978,604.365927049276
GNQ,national,national,1979,504.718227109827
GNQ,national,national,1980,457.608857542671
GNQ,national,national,1981,460.694903212463
GNQ,national,national,1982,443.126779908143
GNQ,national,national,1983,436.571815905833
GNQ,national,national,1984,415.030661056574
GNQ,national,national,1985,443.495676350693
GNQ,national,national,1986,412.631312540002
GNQ,national,national,1987,412.790221907507
GNQ,national,national,1988,407.241360186669
GNQ,national,national,1989,387.128291910418
GNQ,national,national,1990,366.314404747023
GNQ,national,national,1991,349.352882285968
GNQ,national,national,1992,453.637813917068
GNQ,national,national,1993,485.392231712925
GNQ,national,national,1994,545.595470854948
GNQ,national,national,1995,617.294826128754
GNQ,national,national,1996,989.777266733629
GNQ,national,national,1997,2380.32106827232
GNQ,national,national,1998,2833.33184629343
GNQ,national,national,1999,3423.12126162912
GNQ,national,national,2000,3839.08642737128
GNQ,national,national,2001,5882.85050306586
GNQ,national,national,2002,6604.0054631081
GNQ,national,national,2003,7082.65489186921
GNQ,national,national,2004,9208.60566707162
GNQ,national,national,2005,10212.4545051498
GNQ,national,national,2006,10521.9996774827
GNQ,national,national,2007,11594.9172068456
GNQ,national,national,2008,13048.0703050168
GNQ,national,national,2009,12627.862381545
GNQ,national,national,2010,10984.3243932426
GNQ,national,national,2011,11203.9073679091
GNQ,national,national,2012,11650.7196270884
GNQ,national,national,2013,10731.6455729191
GNQ,national,national,2014,10363.4872473549
GNQ,national,national,2015,9068.91003238645
GNQ,national,national,2016,7971.83401904573
GNQ,national,national,2017,7259.10936454803
GNQ,national,national,2018,6578.90039765711
GNQ,national,national,2019,6018.12066321865
GNQ,national,national,2020,5575.26241511492
GNQ,national,national,2021,5487.92479201992
GNQ,national,national,2022,5524.24312418579
GNQ,national,national,2023,5118.21986148331
GNQ,national,national,2024,5258.68329638664
GNQ,national,national,2025,4975.95084103314
GNQ,national,national,2026,4890.878223636
GNQ,national,national,2027,4726.18562215177
GNQ,national,national,2028,4632.93821140981
GNQ,national,national,2029,4576.1444349223
GNQ,national,national,2030,4578.3703525732
GRC,national,national,1960,4985.76046412208
GRC,national,national,1961,5599.49735345747
GRC,national,national,1962,5586.54224177281
GRC,national,national,1963,6225.12932247335
GRC,national,national,1964,6786.24147046987
GRC,national,national,1965,7481.90329910213
GRC,national,national,1966,7909.24505859412
GRC,national,national,1967,8289.86923382455
GRC,national,national,1968,8829.42261528176
GRC,national,national,1969,9814.49791560477
GRC,national,national,1970,10666.6208545318
GRC,national,national,1971,11453.2123981944
GRC,national,national,1972,12535.1277054371
GRC,national,national,1973,13488.1243597837
GRC,national,national,1974,12573.3481690975
GRC,national,national,1975,13248.9212914021
GRC,national,national,1976,13938.538571607
GRC,national,national,1977,14162.9911170986
GRC,national,national,1978,14993.6890693604
GRC,national,national,1979,15293.9314251108
GRC,national,national,1980,15246.9944097628
GRC,national,national,1981,14876.1172496983
GRC,national,national,1982,14617.235187448
GRC,national,national,1983,14375.6996946493
GRC,national,national,1984,14591.8630688987
GRC,national,national,1985,14900.0862237733
GRC,national,national,1986,14927.7613768104
GRC,national,national,1987,14541.860282436
GRC,national,national,1988,15110.4146618094
GRC,national,national,1989,15602.9732915736
GRC,national,national,1990,15438.7936734794
GRC,national,national,1991,15727.4735693885
GRC,national,national,1992,15717.0463428435
GRC,national,national,1993,15374.862548745
GRC,national,national,1994,15604.0339409517
GRC,national,national,1995,15857.4162600482
GRC,national,national,1996,16005.9511612222
GRC,national,national,1997,16501.0316432034
GRC,national,national,1998,16973.8293536875
GRC,national,national,1999,17358.4347248482
GRC,national,national,2000,18002.9065076414
GRC,national,national,2001,18742.4235416567
GRC,national,national,2002,19548.3677232687
GRC,national,national,2003,20632.2557384172
GRC,national,national,2004,21688.105121913
GRC,national,national,2005,21880.5265550864
GRC,national,national,2006,23220.5324390846
GRC,national,national,2007,23973.6937033513
GRC,national,national,2008,23923.8800608727
GRC,national,national,2009,22878.1346733291
GRC,national,national,2010,21547.7241895964
GRC,national,national,2011,19448.2557511168
GRC,national,national,2012,17924.6620516477
GRC,national,national,2013,17644.8766792834
GRC,national,national,2014,17903.5252559978
GRC,national,national,2015,17980.7298238137
GRC,national,national,2016,18049.9289175756
GRC,national,national,2017,18352.0884111283
GRC,national,national,2018,18769.0390099773
GRC,national,national,2019,19216.6760037219
GRC,national,national,2020,17486.9513800415
GRC,national,national,2021,19232.968382872
GRC,national,national,2022,20595.4953496212
GRC,national,national,2023,21139.1916750925
GRC,national,national,2024,21686.2044888713
GRC,national,national,2025,22102.3973425089
GRC,national,national,2026,22509.8182149241
GRC,national,national,2027,22858.3083100133
GRC,national,national,2028,23232.9736526868
GRC,national,national,2029,23597.2068778867
GRC,national,national,2030,23970.4053412382
GRD,national,national,1977,3040.04156420967
GRD,national,national,1978,3226.0984894223
GRD,national,national,1979,3435.90423536845
GRD,national,national,1980,3451.94417701718
GRD,national,national,1981,3523.01454992859
GRD,national,national,1982,3655.44815778464
GRD,national,national,1983,3765.69268144747
GRD,national,national,1984,3877.60851229182
GRD,national,national,1985,4083.26775949669
GRD,national,national,1986,4346.32354009777
GRD,national,national,1987,4705.94265134243
GRD,national,national,1988,4807.01372985656
GRD,national,national,1989,4947.21594941974
GRD,national,national,1990,5102.69172981553
GRD,national,national,1991,5130.48257478522
GRD,national,national,1992,5046.3110720505
GRD,national,national,1993,4909.77076444883
GRD,national,national,1994,4956.32245138997
GRD,national,national,1995,5026.24215573734
GRD,national,national,1996,5213.43103712383
GRD,national,national,1997,5438.0445822801
GRD,national,national,1998,6036.15899808614
GRD,national,national,1999,6409.14591451052
GRD,national,national,2000,6677.1265230922
GRD,national,national,2001,6509.51660313374
GRD,national,national,2002,6707.36873532777
GRD,national,national,2003,7309.78547094579
GRD,national,national,2004,7233.29494434962
GRD,national,national,2005,8162.91232124727
GRD,national,national,2006,7808.24358323434
GRD,national,national,2007,8257.36225682689
GRD,national,national,2008,8307.49221491819
GRD,national,national,2009,7733.12990600058
GRD,national,national,2010,7670.71165827663
GRD,national,national,2011,7695.37616017287
GRD,national,national,2012,7559.5628483956
GRD,national,national,2013,7688.75297701343
GRD,national,national,2014,8206.62862112333
GRD,national,national,2015,8694.12438005692
GRD,national,national,2016,8983.68397337899
GRD,national,national,2017,9357.40728883583
GRD,national,national,2018,9744.16919577204
GRD,national,national,2019,9785.56040240592
GRD,national,national,2020,8413.28335500372
GRD,national,national,2021,8781.46248494156
GRD,national,national,2022,9406.19337643226
GRD,national,national,2023,9727.65202554404
GRD,national,national,2024,9965.62255831321
GRD,national,national,2025,10335.8697126111
GRD,national,national,2026,10681.9391886158
GRD,national,national,2027,10967.1199930553
GRD,national,national,2028,11203.591882798
GRD,national,national,2029,11448.1143537475
GRD,national,national,2030,11697.9554942667
GRL,national,national,1970,15375.1866638299
GRL,national,national,1971,17088.6844499834
GRL,national,national,1972,17731.0750292335
GRL,national,national,1973,18667.3128228197
GRL,national,national,1974,19533.1987515075
GRL,national,national,1975,19619.7941752242
GRL,national,national,1976,20747.1496877618
GRL,national,national,1977,22714.6391462067
GRL,national,national,1978,24179.2062679611
GRL,national,national,1979,25149.988701843
GRL,national,national,1980,27005.3259668971
GRL,national,national,1981,26758.5557170795
GRL,national,national,1982,25327.608421672
GRL,national,national,1983,25901.4739745512
GRL,national,national,1984,24280.2581215331
GRL,national,national,1985,24931.4968474838
GRL,national,national,1986,26551.2406001603
GRL,national,national,1987,27705.0620966198
GRL,national,national,1988,28883.818146464
GRL,national,national,1989,30528.8015621406
GRL,national,national,1990,26805.5496974442
GRL,national,national,1991,26823.378375534
GRL,national,national,1992,25544.2992633194
GRL,national,national,1993,24303.8982888635
GRL,national,national,1994,25604.5956883247
GRL,national,national,1995,26416.5165028368
GRL,national,national,1996,26772.6138141762
GRL,national,national,1997,27117.3732945796
GRL,national,national,1998,29169.0465812684
GRL,national,national,1999,29570.9623369365
GRL,national,national,2000,31614.6188319158
GRL,national,national,2001,31930.59542585
GRL,national,national,2002,31475.8212513547
GRL,national,national,2003,32779.8815112106
GRL,national,national,2004,34953.9493651873
GRL,national,national,2005,36681.8055890619
GRL,national,national,2006,38829.536413942
GRL,national,national,2007,39896.875364094
GRL,national,national,2008,42527.6668469766
GRL,national,national,2009,42899.7441985862
GRL,national,national,2010,43198.032364358
GRL,national,national,2011,42994.8790874739
GRL,national,national,2012,43655.7004664255
GRL,national,national,2013,43338.3839246907
GRL,national,national,2014,45545.1429414917
GRL,national,national,2015,44536.3549705377
GRL,national,national,2016,46561.7831434013
GRL,national,national,2017,46597.9452470348
GRL,national,national,2018,47012.9860350276
GRL,national,national,2019,48170.7896955512
GRL,national,national,2020,48139.5825957628
GRL,national,national,2021,48514.5271286311
GTM,national,national,1960,1884.56056282974
GTM,national,national,1961,1908.02908319279
GTM,national,national,1962,1917.85323142831
GTM,national,national,1963,2040.17130794273
GTM,national,national,1964,2073.58812214271
GTM,national,national,1965,2102.46662347002
GTM,national,national,1966,2156.0383215271
GTM,national,national,1967,2182.52498158594
GTM,national,national,1968,2309.26040454155
GTM,national,national,1969,2354.7114405248
GTM,national,national,1970,2424.59976179755
GTM,national,national,1971,2494.6294885289
GTM,national,national,1972,2609.48872692718
GTM,national,national,1973,2715.38695317009
GTM,national,national,1974,2816.2639196631
GTM,national,national,1975,2802.06424999288
GTM,national,national,1976,2944.83083503014
GTM,national,national,1977,3105.80777279063
GTM,national,national,1978,3181.46803337847
GTM,national,national,1979,3249.09614148732
GTM,national,national,1980,3287.02402884148
GTM,national,national,1981,3226.25965871051
GTM,national,national,1982,3041.61605943464
GTM,national,national,1983,2891.73068800409
GTM,national,national,1984,2825.72068663505
GTM,national,national,1985,2730.14361741442
GTM,national,national,1986,2659.14135344671
GTM,national,national,1987,2678.48805367257
GTM,national,national,1988,2705.89964004598
GTM,national,national,1989,2734.55684669895
GTM,national,national,1990,2741.53805312076
GTM,national,national,1991,2765.88205348329
GTM,national,national,1992,2823.67204686853
GTM,national,national,1993,2857.29620540529
GTM,national,national,1994,2894.43108305437
GTM,national,national,1995,2958.34831787015
GTM,national,national,1996,2967.99349123569
GTM,national,national,1997,3019.28714461763
GTM,national,national,1998,3089.97586132319
GTM,national,national,1999,3129.12068042003
GTM,national,national,2000,3165.93228157771
GTM,national,national,2001,3166.20341985536
GTM,national,national,2002,3213.26827919246
GTM,national,national,2003,3222.15458817212
GTM,national,national,2004,3250.20396478728
GTM,national,national,2005,3284.80961952091
GTM,national,national,2006,3388.14993375257
GTM,national,national,2007,3527.77816838319
GTM,national,national,2008,3569.92850622252
GTM,national,national,2009,3516.19217384009
GTM,national,national,2010,3546.62571191838
GTM,national,national,2011,3621.37399118594
GTM,national,national,2012,3655.57305040072
GTM,national,national,2013,3717.30452588449
GTM,national,national,2014,3809.61576365876
GTM,national,national,2015,3893.50521848131
GTM,national,national,2016,3924.77882449793
GTM,national,national,2017,3972.74046152097
GTM,national,national,2018,4040.21201503384
GTM,national,national,2019,4139.12191663003
GTM,national,national,2020,4005.83899021249
GTM,national,national,2021,4268.29515043474
GTM,national,national,2022,4385.46451827029
GTM,national,national,2023,4470.75416315328
GTM,national,national,2024,4561.65811001105
GTM,national,national,2025,4650.49067682259
GTM,national,national,2026,4756.04226380113
GTM,national,national,2027,4867.38260196106
GTM,national,national,2028,4986.14606575011
GTM,national,national,2029,5112.73308057242
GTM,national,national,2030,5242.53368578033
GUM,national,national,2002,29576.221681311
GUM,national,national,2003,29685.9531745657
GUM,national,national,2004,31483.8141949558
GUM,national,national,2005,32520.3729565352
GUM,national,national,2006,31242.462900947
GUM,national,national,2007,31385.0475162113
GUM,national,national,2008,31941.2706025874
GUM,national,national,2009,31988.7229358255
GUM,national,national,2010,32644.1484056205
GUM,national,national,2011,32665.3787483379
GUM,national,national,2012,33404.9317636913
GUM,national,national,2013,34044.3190415455
GUM,national,national,2014,34755.2691107298
GUM,national,national,2015,35165.7014644795
GUM,national,national,2016,35373.8483143417
GUM,national,national,2017,35850.9025520506
GUM,national,national,2018,35731.2203743081
GUM,national,national,2019,36830.1264410973
GUM,national,national,2020,32884.8852646787
GUM,national,national,2021,33239.4846327875
GUM,national,national,2022,34627.9862781837
GUY,national,national,1960,2733.67017377019
GUY,national,national,1961,2795.91596559797
GUY,national,national,1962,2765.60232706682
GUY,national,national,1963,2373.894072225
GUY,national,national,1964,2587.3374565389
GUY,national,national,1965,2799.88924384382
GUY,national,national,1966,2885.01083833356
GUY,national,national,1967,2947.36722517736
GUY,national,national,1968,2916.5864939663
GUY,national,national,1969,3057.0032625233
GUY,national,national,1970,3130.48106601695
GUY,national,national,1971,3182.82907828322
GUY,national,national,1972,3039.04595646039
GUY,national,national,1973,3040.96521513223
GUY,national,national,1974,3240.06449958436
GUY,national,national,1975,3480.32677141053
GUY,national,national,1976,3501.59054165487
GUY,national,national,1977,3380.43034639294
GUY,national,national,1978,3293.62021029982
GUY,national,national,1979,3210.16797697625
GUY,national,national,1980,3247.67276846022
GUY,national,national,1981,3287.40767961686
GUY,national,national,1982,2852.84256803946
GUY,national,national,1983,2661.88012930901
GUY,national,national,1984,2533.83411714106
GUY,national,national,1985,2603.49640007679
GUY,national,national,1986,2591.39934975717
GUY,national,national,1987,2628.31843844379
GUY,national,national,1988,2546.09160620841
GUY,national,national,1989,2436.29631542227
GUY,national,national,1990,2377.21795364949
GUY,national,national,1991,2528.08038811696
GUY,national,national,1992,2716.75893023455
GUY,national,national,1993,2926.93693707006
GUY,national,national,1994,3164.66777875426
GUY,national,national,1995,3312.64996890674
GUY,national,national,1996,3566.13499360957
GUY,national,national,1997,3778.00652865741
GUY,national,national,1998,3708.04637110615
GUY,national,national,1999,3813.33057565798
GUY,national,national,2000,3759.60789699989
GUY,national,national,2001,3847.09461851367
GUY,national,national,2002,3894.87107415198
GUY,national,national,2003,3873.04123684261
GUY,national,national,2004,3937.11435304522
GUY,national,national,2005,3867.93308158647
GUY,national,national,2006,4076.77981715707
GUY,national,national,2007,4382.10449666813
GUY,national,national,2008,4472.34517889699
GUY,national,national,2009,4649.34144792756
GUY,national,national,2010,4860.09110980566
GUY,national,national,2011,5133.89539813637
GUY,national,national,2012,5403.79899428921
GUY,national,national,2013,5573.3421790463
GUY,national,national,2014,5635.71704117947
GUY,national,national,2015,5640.41560569466
GUY,national,national,2016,5818.61682204646
GUY,national,national,2017,5997.18271426826
GUY,national,national,2018,6080.90612132746
GUY,national,national,2019,6278.63054079553
GUY,national,national,2020,9010.61000469878
GUY,national,national,2021,10712.0000592312
GUY,national,national,2022,17365.3330363732
GUY,national,national,2023,23102.6662867381
GUY,national,national,2024,33125.3242640536
GUY,national,national,2025,36208.3895198281
GUY,national,national,2026,44287.4497961214
GUY,national,national,2027,54700.8229692347
GUY,national,national,2028,61764.3150768734
GUY,national,national,2029,68815.6776367863
GUY,national,national,2030,69342.2260792682
HKG,national,national,1960,3894.04244550997
HKG,national,national,1961,3956.0348665175
HKG,national,national,1962,4333.85400121341
HKG,national,national,1963,4847.35268964371
HKG,national,national,1964,5139.82984909026
HKG,national,national,1965,5739.60358013556
HKG,national,national,1966,5791.09844762546
HKG,national,national,1967,5737.13123041917
HKG,national,national,1968,5807.41630828616
HKG,national,national,1969,6363.75168314681
HKG,national,national,1970,6782.70458686445
HKG,national,national,1971,7122.10498405031
HKG,national,national,1972,7728.31101312105
HKG,national,national,1973,8435.92710515865
HKG,national,national,1974,8370.88137713153
HKG,national,national,1975,8254.06991655716
HKG,national,national,1976,9468.5905945716
HKG,national,national,1977,10427.2271104239
HKG,national,national,1978,11085.9151499691
HKG,national,national,1979,11709.3147365995
HKG,national,national,1980,12553.2178743534
HKG,national,national,1981,13397.4126017557
HKG,national,national,1982,13580.1258695587
HKG,national,national,1983,14174.7881084928
HKG,national,national,1984,15436.0613477834
HKG,national,national,1985,15386.7400452607
HKG,national,national,1986,16876.3438935514
HKG,national,national,1987,18945.8271230605
HKG,national,national,1988,20386.3331230439
HKG,national,national,1989,20635.6369175109
HKG,national,national,1990,21357.3625408812
HKG,national,national,1991,22388.7288514218
HKG,national,national,1992,23585.7790070791
HKG,national,national,1993,24621.7597107363
HKG,national,national,1994,25526.5342396812
HKG,national,national,1995,25620.0892481415
HKG,national,national,1996,25551.4361801136
HKG,national,national,1997,26631.8652426178
HKG,national,national,1998,24856.8323960471
HKG,national,national,1999,25237.7083727094
HKG,national,national,2000,26933.2785287204
HKG,national,national,2001,26885.4740776153
HKG,national,national,2002,27210.1196148928
HKG,national,national,2003,28097.1484393683
HKG,national,national,2004,30304.3331882473
HKG,national,national,2005,32401.4024779329
HKG,national,national,2006,34458.0396412134
HKG,national,national,2007,36371.6888698119
HKG,national,national,2008,36924.0916159598
HKG,national,national,2009,35938.5997765398
HKG,national,national,2010,38090.0341362458
HKG,national,national,2011,39656.3542113178
HKG,national,national,2012,39887.8422338754
HKG,national,national,2013,40959.983629493
HKG,national,national,2014,41796.8691228601
HKG,national,national,2015,42432.1619740441
HKG,national,national,2016,43087.546608434
HKG,national,national,2017,44380.8080889187
HKG,national,national,2018,45280.4955422841
HKG,national,national,2019,44195.2893264289
HKG,national,national,2020,41451.3260144604
HKG,national,national,2021,44530.9411868182
HKG,national,national,2022,43281.7955087576
HKG,national,national,2023,43572.9610527354
HKG,national,national,2024,44801.9980952311
HKG,national,national,2025,45799.2111836903
HKG,national,national,2026,46882.9266828679
HKG,national,national,2027,48146.6515646096
HKG,national,national,2028,49051.8310985105
HKG,national,national,2029,49910.1400390722
HKG,national,national,2030,50762.0826717734
HND,national,national,1960,1206.66787324876
HND,national,national,1961,1194.76913521135
HND,national,national,1962,1228.42336850094
HND,national,national,1963,1236.80305038923
HND,national,national,1964,1267.1200588381
HND,national,national,1965,1342.51496538223
HND,national,national,1966,1374.4218253951
HND,national,national,1967,1414.99917821739
HND,national,national,1968,1465.08021353283
HND,national,national,1969,1432.03108888235
HND,national,national,1970,1440.57831629318
HND,national,national,1971,1453.78676002125
HND,national,national,1972,1491.54419629368
HND,national,national,1973,1561.16562638578
HND,national,national,1974,1498.0373465559
HND,national,national,1975,1485.20651103663
HND,national,national,1976,1590.73833699798
HND,national,national,1977,1702.08483039056
HND,national,national,1978,1748.67984266409
HND,national,national,1979,1790.8302162948
HND,national,national,1980,1747.33458626941
HND,national,national,1981,1674.49337660917
HND,national,national,1982,1591.31120399188
HND,national,national,1983,1558.69343094145
HND,national,national,1984,1609.30160914558
HND,national,national,1985,1651.29030993836
HND,national,national,1986,1690.2298031877
HND,national,national,1987,1752.0212527863
HND,national,national,1988,1733.09581607166
HND,national,national,1989,1731.04027011921
HND,national,national,1990,1729.83142779417
HND,national,national,1991,1625.63835833364
HND,national,national,1992,1676.07933528015
HND,national,national,1993,1734.98490158891
HND,national,national,1994,1690.04923489234
HND,national,national,1995,1744.49972831904
HND,national,national,1996,1727.67473897426
HND,national,national,1997,1757.25976292315
HND,national,national,1998,1772.76292776239
HND,national,national,1999,1714.07330337091
HND,national,national,2000,1789.47798512637
HND,national,national,2001,1789.18816032117
HND,national,national,2002,1807.97305547292
HND,national,national,2003,1842.29750018813
HND,national,national,2004,1908.90950050464
HND,national,national,2005,1975.85647913236
HND,national,national,2006,2056.53491469231
HND,national,national,2007,2134.19540639485
HND,national,national,2008,2175.14709403064
HND,national,national,2009,2076.30859895638
HND,national,national,2010,2108.47314459603
HND,national,national,2011,2144.56265540491
HND,national,national,2012,2188.39378817891
HND,national,national,2013,2205.40126728067
HND,national,national,2014,2229.24772232218
HND,national,national,2015,2271.20265980349
HND,national,national,2016,2315.72983058198
HND,national,national,2017,2383.37398439714
HND,national,national,2018,2430.13503657762
HND,national,national,2019,2447.61649282181
HND,national,national,2020,2189.43168668222
HND,national,national,2021,2423.76634916911
HND,national,national,2022,2482.22384904714
HND,national,national,2023,2527.43851176243
HND,national,national,2024,2573.22275250235
HND,national,national,2025,2602.36034184647
HND,national,national,2026,2648.9217132285
HND,national,national,2027,2705.22023974539
HND,national,national,2028,2759.54043184316
HND,national,national,2029,2814.95138833706
HND,national,national,2030,2871.47504640964
HRV,national,national,1960,3816.92276171508
HRV,national,national,1961,4070.78164679461
HRV,national,national,1962,4149.87714511316
HRV,national,national,1963,4564.18689821032
HRV,national,national,1964,4964.93742302429
HRV,national,national,1965,5077.93099205079
HRV,national,national,1966,5411.63866590905
HRV,national,national,1967,5560.79017702402
HRV,national,national,1968,5775.47795817437
HRV,national,national,1969,6183.76138759011
HRV,national,national,1970,6592.04481700585
HRV,national,national,1971,7091.47639210297
HRV,national,national,1972,7254.94042196131
HRV,national,national,1973,7509.55259750101
HRV,national,national,1974,8124.99090346534
HRV,national,national,1975,8326.1194563325
HRV,national,national,1976,8639.48828776599
HRV,national,national,1977,9329.5023492878
HRV,national,national,1978,9992.39795424325
HRV,national,national,1979,10541.546699712
HRV,national,national,1980,10691.4515012872
HRV,national,national,1981,10683.1653062252
HRV,national,national,1982,10638.7211690748
HRV,national,national,1983,10426.293259305
HRV,national,national,1984,10624.4086503315
HRV,national,national,1985,10596.5369033049
HRV,national,national,1986,10859.4352739066
HRV,national,national,1987,10818.757589057
HRV,national,national,1988,10701.9975677297
HRV,national,national,1989,10515.1815336058
HRV,national,national,1990,9753.60487836725
HRV,national,national,1991,7841.71300282964
HRV,national,national,1992,7094.46748343981
HRV,national,national,1993,6490.13978561787
HRV,national,national,1994,6794.98507074117
HRV,national,national,1995,7304.45852898653
HRV,national,national,1996,7857.72262122232
HRV,national,national,1997,8383.1827782947
HRV,national,national,1998,8577.21251426078
HRV,national,national,1999,8541.23941776512
HRV,national,national,2000,8879.96498049361
HRV,national,national,2001,9515.40905552687
HRV,national,national,2002,10061.694309434
HRV,national,national,2003,10618.9433102196
HRV,national,national,2004,11058.7184484755
HRV,national,national,2005,11522.3950059819
HRV,national,national,2006,12105.053757832
HRV,national,national,2007,12719.0032844824
HRV,national,national,2008,12970.9291075827
HRV,national,national,2009,12099.7971276004
HRV,national,national,2010,11965.4854792127
HRV,national,national,2011,11995.1325319122
HRV,national,national,2012,11780.5330067439
HRV,national,national,2013,11839.2458156921
HRV,national,national,2014,11863.8584044911
HRV,national,national,2015,12285.3032582105
HRV,national,national,2016,12849.34640034
HRV,national,national,2017,13485.8816667037
HRV,national,national,2018,14060.7189510749
HRV,national,national,2019,14641.2298817935
HRV,national,national,2020,13544.9715102628
HRV,national,national,2021,15394.4707328085
HRV,national,national,2022,16616.3915356348
HRV,national,national,2023,17147.1660226623
HRV,national,national,2024,17768.4687806712
HRV,national,national,2025,18280.4318493334
HRV,national,national,2026,18803.597225095
HRV,national,national,2027,19346.2976788899
HRV,national,national,2028,19859.2316796766
HRV,national,national,2029,20365.8946969353
HRV,national,national,2030,20885.4854304027
HTI,national,national,1960,1714.74473485129
HTI,national,national,1961,1678.42518671237
HTI,national,national,1962,1736.17008334456
HTI,national,national,1963,1674.38852131326
HTI,national,national,1964,1632.70507050666
HTI,national,national,1965,1626.39275870579
HTI,national,national,1966,1581.35693902798
HTI,national,national,1967,1539.40535580369
HTI,national,national,1968,1561.49020011806
HTI,national,national,1969,1578.78089544254
HTI,national,national,1970,1581.96412403116
HTI,national,national,1971,1630.91412818792
HTI,national,national,1972,1630.8134002965
HTI,national,national,1973,1680.17727969726
HTI,national,national,1974,1723.75344681643
HTI,national,national,1975,1740.57968341675
HTI,national,national,1976,1830.28605495181
HTI,national,national,1977,1873.30471230459
HTI,national,national,1978,1958.05626370364
HTI,national,national,1979,2065.02385681992
HTI,national,national,1980,2121.2338369728
HTI,national,national,1981,2017.75677553615
HTI,national,national,1982,1929.58769007375
HTI,national,national,1983,1906.52882990301
HTI,national,national,1984,1876.35544788517
HTI,national,national,1985,1845.49754067941
HTI,national,national,1986,1798.50198055724
HTI,national,national,1987,1752.71347416163
HTI,national,national,1988,1707.4778435391
HTI,national,national,1989,1639.90597012774
HTI,national,national,1990,1626.60848110469
HTI,national,national,1991,1595.32667371188
HTI,national,national,1992,1480.42770826911
HTI,national,national,1993,1350.60612091139
HTI,national,national,1994,1231.27913629661
HTI,national,national,1995,1309.23628347732
HTI,national,national,1996,1333.15455438154
HTI,national,national,1997,1341.98252561973
HTI,national,national,1998,1347.73264107117
HTI,national,national,1999,1352.80881029675
HTI,national,national,2000,1335.69972761384
HTI,national,national,2001,1311.71799296439
HTI,national,national,2002,1310.01493838441
HTI,national,national,2003,1316.57941313714
HTI,national,national,2004,1291.26037528973
HTI,national,national,2005,1304.50931252326
HTI,national,national,2006,1314.6813821722
HTI,national,national,2007,1346.84183601548
HTI,national,national,2008,1370.62463485893
HTI,national,national,2009,1389.06837477508
HTI,national,national,2010,1330.48022318773
HTI,national,national,2011,1365.59827473014
HTI,national,national,2012,1364.25960777589
HTI,national,national,2013,1397.22862253183
HTI,national,national,2014,1411.60797288315
HTI,national,national,2015,1412.53234030022
HTI,national,national,2016,1420.72968562159
HTI,national,national,2017,1433.84234439243
HTI,national,national,2018,1426.6196746404
HTI,national,national,2019,1378.74030180067
HTI,national,national,2020,1321.95322621087
HTI,national,national,2021,1283.72002120775
HTI,national,national,2022,1247.32075605798
HTI,national,national,2023,1207.88654857055
HTI,national,national,2024,1144.23812882494
HTI,national,national,2025,1118.16239390721
HTI,national,national,2026,1129.69358001019
HTI,national,national,2027,1131.47719220021
HTI,national,national,2028,1133.26361478182
HTI,national,national,2029,1135.05287325303
HTI,national,national,2030,1136.84494217454
HUN,national,national,1960,2075.77985761695
HUN,national,national,1961,2163.51335497237
HUN,national,national,1962,2288.09295596742
HUN,national,national,1963,2412.22987229813
HUN,national,national,1964,2517.64639615445
HUN,national,national,1965,3575.46258578804
HUN,national,national,1966,3828.45799903552
HUN,national,national,1967,4100.30440736971
HUN,national,national,1968,4284.77449560262
HUN,national,national,1969,4561.34032414782
HUN,national,national,1970,4757.62040789326
HUN,national,national,1971,5038.15422984296
HUN,national,national,1972,5329.57035040081
HUN,national,national,1973,5678.97913605148
HUN,national,national,1974,5987.25651891823
HUN,national,national,1975,6321.18317417528
HUN,national,national,1976,6512.814617423
HUN,national,national,1977,6975.30718085409
HUN,national,national,1978,7257.14585872296
HUN,national,national,1979,7439.6297011815
HUN,national,national,1980,7449.65812166571
HUN,national,national,1981,7662.70144236149
HUN,national,national,1982,7885.05261050813
HUN,national,national,1983,7954.00002686898
HUN,national,national,1984,8181.77633009897
HUN,national,national,1985,8175.92509236057
HUN,national,national,1986,8315.59393637145
HUN,national,national,1987,8667.00868003896
HUN,national,national,1988,8674.6380057812
HUN,national,national,1989,8834.20130102688
HUN,national,national,1990,8613.83221773283
HUN,national,national,1991,7589.9019679997
HUN,national,national,1992,7360.21365612239
HUN,national,national,1993,7326.16050730217
HUN,national,national,1994,7552.40467422539
HUN,national,national,1995,7675.57817108924
HUN,national,national,1996,7695.11053742504
HUN,national,national,1997,7952.98313173573
HUN,national,national,1998,8282.39885965651
HUN,national,national,1999,8560.96909441129
HUN,national,national,2000,8967.69626924063
HUN,national,national,2001,9354.48075090137
HUN,national,national,2002,9825.94319858403
HUN,national,national,2003,10255.6101131603
HUN,national,national,2004,10792.7374278506
HUN,national,national,2005,11278.6160255559
HUN,national,national,2006,11741.9476769178
HUN,national,national,2007,11792.7712897392
HUN,national,national,2008,11932.0383995535
HUN,national,national,2009,11162.0559722742
HUN,national,national,2010,11307.7161991209
HUN,national,national,2011,11551.4989289342
HUN,national,national,2012,11466.1419094704
HUN,national,national,2013,11705.0092523564
HUN,national,national,2014,12233.299367172
HUN,national,national,2015,12717.038597002
HUN,national,national,2016,13035.3528590909
HUN,national,national,2017,13628.4044885706
HUN,national,national,2018,14377.4241602939
HUN,national,national,2019,15083.5991718742
HUN,national,national,2020,14437.8088480852
HUN,national,national,2021,15521.3815852251
HUN,national,national,2022,16343.0586949566
HUN,national,national,2023,16282.830349083
HUN,national,national,2024,16555.909771913
HUN,national,national,2025,16993.4584114477
HUN,national,national,2026,17442.7487982572
HUN,national,national,2027,17922.7161201829
HUN,national,national,2028,18499.1373575323
HUN,national,national,2029,19100.639306096
HUN,national,national,2030,19721.704997415
IDN,national,national,1960,597.734506719811
IDN,national,national,1961,614.678000375415
IDN,national,national,1962,608.672830771216
IDN,national,national,1963,578.480952879993
IDN,national,national,1964,582.039622031283
IDN,national,national,1965,573.64247409656
IDN,national,national,1966,575.863301591243
IDN,national,national,1967,568.830963825424
IDN,national,national,1968,614.066837177306
IDN,national,national,1969,638.076485720282
IDN,national,national,1970,667.649761244456
IDN,national,national,1971,695.446971525808
IDN,national,national,1972,724.833992085434
IDN,national,national,1973,763.256635981651
IDN,national,national,1974,800.654080305011
IDN,national,national,1975,819.538910891991
IDN,national,national,1976,854.398567409728
IDN,national,national,1977,906.717766424116
IDN,national,national,1978,944.755242986209
IDN,national,national,1979,989.678300392173
IDN,national,national,1980,1061.79178943986
IDN,national,national,1981,1119.39911024884
IDN,national,national,1982,1118.38320743427
IDN,national,national,1983,1139.00630127417
IDN,national,national,1984,1191.59058776125
IDN,national,national,1985,1195.12311552225
IDN,national,national,1986,1240.06475653881
IDN,national,national,1987,1276.13232000562
IDN,national,national,1988,1324.37572957225
IDN,national,national,1989,1396.69970912512
IDN,national,national,1990,1470.91822263911
IDN,national,national,1991,1544.99580900182
IDN,national,national,1992,1617.10954878136
IDN,national,national,1993,1693.10742608086
IDN,national,national,1994,1790.32729969007
IDN,national,national,1995,1905.54236118211
IDN,national,national,1996,2020.99148139905
IDN,national,national,1997,2081.84166947239
IDN,national,national,1998,1780.20049551406
IDN,national,national,1999,1767.51466736224
IDN,national,national,2000,1828.10265975051
IDN,national,national,2001,1868.59172314131
IDN,national,national,2002,1926.37435875198
IDN,national,national,2003,1991.91820513763
IDN,national,national,2004,2065.70617478401
IDN,national,national,2005,2155.44780167098
IDN,national,national,2006,2244.08022270233
IDN,national,national,2007,2355.15285661899
IDN,national,national,2008,2464.60193427292
IDN,national,national,2009,2546.21969717085
IDN,national,national,2010,2670.81290999304
IDN,national,national,2011,2799.62468800564
IDN,national,national,2012,2930.51844543024
IDN,national,national,2013,3055.2424601765
IDN,national,national,2014,3170.72103023033
IDN,national,national,2015,3288.22269737572
IDN,national,national,2016,3416.81005183476
IDN,national,national,2017,3553.51999275326
IDN,national,national,2018,3701.32155475457
IDN,national,national,2019,3850.90321753072
IDN,national,national,2020,3739.44906576846
IDN,national,national,2021,3850.68877267995
IDN,national,national,2022,4024.92074265014
IDN,national,national,2023,4192.62390181339
IDN,national,national,2024,4355.04635125628
IDN,national,national,2025,4513.21284625037
IDN,national,national,2026,4684.79968351871
IDN,national,national,2027,4874.5254506698
IDN,national,national,2028,5070.38263539919
IDN,national,national,2029,5283.84374661874
IDN,national,national,2030,5509.68813149566
IDN,rural,urban/rural,1960,597.734506719811
IDN,rural,urban/rural,1961,614.678000375415
IDN,rural,urban/rural,1962,608.672830771216
IDN,rural,urban/rural,1963,578.480952879993
IDN,rural,urban/rural,1964,582.039622031283
IDN,rural,urban/rural,1965,573.64247409656
IDN,rural,urban/rural,1966,575.863301591243
IDN,rural,urban/rural,1967,568.830963825424
IDN,rural,urban/rural,1968,614.066837177306
IDN,rural,urban/rural,1969,638.076485720282
IDN,rural,urban/rural,1970,667.649761244456
IDN,rural,urban/rural,1971,695.446971525808
IDN,rural,urban/rural,1972,724.833992085434
IDN,rural,urban/rural,1973,763.256635981651
IDN,rural,urban/rural,1974,800.654080305011
IDN,rural,urban/rural,1975,819.538910891991
IDN,rural,urban/rural,1976,854.398567409728
IDN,rural,urban/rural,1977,906.717766424116
IDN,rural,urban/rural,1978,944.755242986209
IDN,rural,urban/rural,1979,989.678300392173
IDN,rural,urban/rural,1980,1061.79178943986
IDN,rural,urban/rural,1981,1119.39911024884
IDN,rural,urban/rural,1982,1118.38320743427
IDN,rural,urban/rural,1983,1139.00630127417
IDN,rural,urban/rural,1984,1191.59058776125
IDN,rural,urban/rural,1985,1195.12311552225
IDN,rural,urban/rural,1986,1240.06475653881
IDN,rural,urban/rural,1987,1276.13232000562
IDN,rural,urban/rural,1988,1324.37572957225
IDN,rural,urban/rural,1989,1396.69970912512
IDN,rural,urban/rural,1990,1470.91822263911
IDN,rural,urban/rural,1991,1544.99580900182
IDN,rural,urban/rural,1992,1617.10954878136
IDN,rural,urban/rural,1993,1693.10742608086
IDN,rural,urban/rural,1994,1790.32729969007
IDN,rural,urban/rural,1995,1905.54236118211
IDN,rural,urban/rural,1996,2020.99148139905
IDN,rural,urban/rural,1997,2081.84166947239
IDN,rural,urban/rural,1998,1780.20049551406
IDN,rural,urban/rural,1999,1767.51466736224
IDN,rural,urban/rural,2000,1828.10265975051
IDN,rural,urban/rural,2001,1868.59172314131
IDN,rural,urban/rural,2002,1926.37435875198
IDN,rural,urban/rural,2003,1991.91820513763
IDN,rural,urban/rural,2004,2065.70617478401
IDN,rural,urban/rural,2005,2155.44780167098
IDN,rural,urban/rural,2006,2244.08022270233
IDN,rural,urban/rural,2007,2355.15285661899
IDN,rural,urban/rural,2008,2464.60193427292
IDN,rural,urban/rural,2009,2546.21969717085
IDN,rural,urban/rural,2010,2670.81290999304
IDN,rural,urban/rural,2011,2799.62468800564
IDN,rural,urban/rural,2012,2930.51844543024
IDN,rural,urban/rural,2013,3055.2424601765
IDN,rural,urban/rural,2014,3170.72103023033
IDN,rural,urban/rural,2015,3288.22269737572
IDN,rural,urban/rural,2016,3416.81005183476
IDN,rural,urban/rural,2017,3553.51999275326
IDN,rural,urban/rural,2018,3701.32155475457
IDN,rural,urban/rural,2019,3850.90321753072
IDN,rural,urban/rural,2020,3739.44906576846
IDN,rural,urban/rural,2021,3850.68877267995
IDN,rural,urban/rural,2022,4024.92074265014
IDN,rural,urban/rural,2023,4192.62390181339
IDN,rural,urban/rural,2024,4355.04635125628
IDN,rural,urban/rural,2025,4513.21284625037
IDN,rural,urban/rural,2026,4684.79968351871
IDN,rural,urban/rural,2027,4874.5254506698
IDN,rural,urban/rural,2028,5070.38263539919
IDN,rural,urban/rural,2029,5283.84374661874
IDN,rural,urban/rural,2030,5509.68813149566
IDN,urban,urban/rural,1960,597.734506719811
IDN,urban,urban/rural,1961,614.678000375415
IDN,urban,urban/rural,1962,608.672830771216
IDN,urban,urban/rural,1963,578.480952879993
IDN,urban,urban/rural,1964,582.039622031283
IDN,urban,urban/rural,1965,573.64247409656
IDN,urban,urban/rural,1966,575.863301591243
IDN,urban,urban/rural,1967,568.830963825424
IDN,urban,urban/rural,1968,614.066837177306
IDN,urban,urban/rural,1969,638.076485720282
IDN,urban,urban/rural,1970,667.649761244456
IDN,urban,urban/rural,1971,695.446971525808
IDN,urban,urban/rural,1972,724.833992085434
IDN,urban,urban/rural,1973,763.256635981651
IDN,urban,urban/rural,1974,800.654080305011
IDN,urban,urban/rural,1975,819.538910891991
IDN,urban,urban/rural,1976,854.398567409728
IDN,urban,urban/rural,1977,906.717766424116
IDN,urban,urban/rural,1978,944.755242986209
IDN,urban,urban/rural,1979,989.678300392173
IDN,urban,urban/rural,1980,1061.79178943986
IDN,urban,urban/rural,1981,1119.39911024884
IDN,urban,urban/rural,1982,1118.38320743427
IDN,urban,urban/rural,1983,1139.00630127417
IDN,urban,urban/rural,1984,1191.59058776125
IDN,urban,urban/rural,1985,1195.12311552225
IDN,urban,urban/rural,1986,1240.06475653881
IDN,urban,urban/rural,1987,1276.13232000562
IDN,urban,urban/rural,1988,1324.37572957225
IDN,urban,urban/rural,1989,1396.69970912512
IDN,urban,urban/rural,1990,1470.91822263911
IDN,urban,urban/rural,1991,1544.99580900182
IDN,urban,urban/rural,1992,1617.10954878136
IDN,urban,urban/rural,1993,1693.10742608086
IDN,urban,urban/rural,1994,1790.32729969007
IDN,urban,urban/rural,1995,1905.54236118211
IDN,urban,urban/rural,1996,2020.99148139905
IDN,urban,urban/rural,1997,2081.84166947239
IDN,urban,urban/rural,1998,1780.20049551406
IDN,urban,urban/rural,1999,1767.51466736224
IDN,urban,urban/rural,2000,1828.10265975051
IDN,urban,urban/rural,2001,1868.59172314131
IDN,urban,urban/rural,2002,1926.37435875198
IDN,urban,urban/rural,2003,1991.91820513763
IDN,urban,urban/rural,2004,2065.70617478401
IDN,urban,urban/rural,2005,2155.44780167098
IDN,urban,urban/rural,2006,2244.08022270233
IDN,urban,urban/rural,2007,2355.15285661899
IDN,urban,urban/rural,2008,2464.60193427292
IDN,urban,urban/rural,2009,2546.21969717085
IDN,urban,urban/rural,2010,2670.81290999304
IDN,urban,urban/rural,2011,2799.62468800564
IDN,urban,urban/rural,2012,2930.51844543024
IDN,urban,urban/rural,2013,3055.2424601765
IDN,urban,urban/rural,2014,3170.72103023033
IDN,urban,urban/rural,2015,3288.22269737572
IDN,urban,urban/rural,2016,3416.81005183476
IDN,urban,urban/rural,2017,3553.51999275326
IDN,urban,urban/rural,2018,3701.32155475457
IDN,urban,urban/rural,2019,3850.90321753072
IDN,urban,urban/rural,2020,3739.44906576846
IDN,urban,urban/rural,2021,3850.68877267995
IDN,urban,urban/rural,2022,4024.92074265014
IDN,urban,urban/rural,2023,4192.62390181339
IDN,urban,urban/rural,2024,4355.04635125628
IDN,urban,urban/rural,2025,4513.21284625037
IDN,urban,urban/rural,2026,4684.79968351871
IDN,urban,urban/rural,2027,4874.5254506698
IDN,urban,urban/rural,2028,5070.38263539919
IDN,urban,urban/rural,2029,5283.84374661874
IDN,urban,urban/rural,2030,5509.68813149566
IMN,national,national,1984,18303.4356649234
IMN,national,national,1985,18416.3589164412
IMN,national,national,1986,21835.2224329301
IMN,national,national,1987,23666.1501333527
IMN,national,national,1988,26035.8540320139
IMN,national,national,1989,27362.5680646573
IMN,national,national,1990,28042.4441205102
IMN,national,national,1991,28128.4485818915
IMN,national,national,1992,28133.8324364624
IMN,national,national,1993,28694.4160940259
IMN,national,national,1994,29676.1422111499
IMN,national,national,1995,30802.8930909929
IMN,national,national,1996,32928.8324560471
IMN,national,national,1997,35337.9128286621
IMN,national,national,1998,39591.5712572814
IMN,national,national,1999,44456.4562710624
IMN,national,national,2000,46274.9709691403
IMN,national,national,2001,48252.7638498277
IMN,national,national,2002,50714.5824703383
IMN,national,national,2003,53224.3527757804
IMN,national,national,2004,55464.0220993356
IMN,national,national,2005,58201.5990838178
IMN,national,national,2006,62075.7601604994
IMN,national,national,2007,66029.9755907183
IMN,national,national,2008,68520.6825624937
IMN,national,national,2009,69192.0258221691
IMN,national,national,2010,70747.8417587183
IMN,national,national,2011,71727.5055082703
IMN,national,national,2012,77009.2973015086
IMN,national,national,2013,80383.8276154987
IMN,national,national,2014,84778.5809973472
IMN,national,national,2015,84753.5187422732
IMN,national,national,2016,90783.7654107394
IMN,national,national,2017,93200.3109184264
IMN,national,national,2018,95040.4055536796
IMN,national,national,2019,95110.1388679513
IMN,national,national,2020,86595.0674507157
IMN,national,national,2021,89873.5421403346
IND,national,national,1960,313.658141183203
IND,national,national,1961,315.749195457758
IND,national,national,1962,317.971370535225
IND,national,national,1963,326.826607596498
IND,national,national,1964,341.919286214287
IND,national,national,1965,333.547401677479
IND,national,national,1966,324.029131940775
IND,national,national,1967,335.620348750771
IND,national,national,1968,343.116222495425
IND,national,national,1969,355.257171585194
IND,national,national,1970,366.636060345964
IND,national,national,1971,367.573102480715
IND,national,national,1972,359.566774309428
IND,national,national,1973,359.747865337007
IND,national,national,1974,357.620763248287
IND,national,national,1975,374.273723441907
IND,national,national,1976,378.162004402872
IND,national,national,1977,390.956486469543
IND,national,national,1978,405.248535009454
IND,national,national,1979,385.79393069062
IND,national,national,1980,390.191578135157
IND,national,national,1981,404.660722328792
IND,national,national,1982,411.485940280355
IND,national,national,1983,427.471110823484
IND,national,national,1984,437.013587992134
IND,national,national,1985,447.860454281181
IND,national,national,1986,459.035884575731
IND,national,national,1987,467.338870096817
IND,national,national,1988,494.505495708233
IND,national,national,1989,516.539373428544
IND,national,national,1990,533.671048111799
IND,national,national,1991,533.391365764634
IND,national,national,1992,544.900901935497
IND,national,national,1993,559.838421738423
IND,national,national,1994,582.389137223254
IND,national,national,1995,612.706938794788
IND,national,national,1996,645.941934904826
IND,national,national,1997,664.28779942869
IND,national,national,1998,688.369887782359
IND,national,national,1999,730.727833632037
IND,national,national,2000,753.162884244199
IND,national,national,2001,773.056560528136
IND,national,national,2002,789.838779061877
IND,national,national,2003,829.363149155351
IND,national,national,2004,879.767184579128
IND,national,national,2005,933.948577880407
IND,national,national,2006,993.10770649004
IND,national,national,2007,1053.99341445715
IND,national,national,2008,1082.19128141891
IND,national,national,2009,1137.95273768507
IND,national,national,2010,1215.14495169006
IND,national,national,2011,1269.99775549688
IND,national,national,2012,1320.22483506984
IND,national,national,2013,1382.86441491569
IND,national,national,2014,1463.10075462902
IND,national,national,2015,1559.07772101717
IND,national,national,2016,1666.84855207365
IND,national,national,2017,1765.13961482291
IND,national,national,2018,1859.69272108408
IND,national,national,2019,1922.86243982066
IND,national,national,2020,1838.88349873175
IND,national,national,2021,1925.60735224099
IND,national,national,2022,2055.88502281461
IND,national,national,2023,2198.75381578507
IND,national,national,2024,2331.75068862175
IND,national,national,2025,2460.81363253487
IND,national,national,2026,2601.97509117517
IND,national,national,2027,2747.22619008186
IND,national,national,2028,2901.54190162344
IND,national,national,2029,3065.59324696675
IND,national,national,2030,3239.98922755427
IND,rural,urban/rural,1960,313.658141183203
IND,rural,urban/rural,1961,315.749195457758
IND,rural,urban/rural,1962,317.971370535225
IND,rural,urban/rural,1963,326.826607596498
IND,rural,urban/rural,1964,341.919286214287
IND,rural,urban/rural,1965,333.547401677479
IND,rural,urban/rural,1966,324.029131940775
IND,rural,urban/rural,1967,335.620348750771
IND,rural,urban/rural,1968,343.116222495425
IND,rural,urban/rural,1969,355.257171585194
IND,rural,urban/rural,1970,366.636060345964
IND,rural,urban/rural,1971,367.573102480715
IND,rural,urban/rural,1972,359.566774309428
IND,rural,urban/rural,1973,359.747865337007
IND,rural,urban/rural,1974,357.620763248287
IND,rural,urban/rural,1975,374.273723441907
IND,rural,urban/rural,1976,378.162004402872
IND,rural,urban/rural,1977,390.956486469543
IND,rural,urban/rural,1978,405.248535009454
IND,rural,urban/rural,1979,385.79393069062
IND,rural,urban/rural,1980,390.191578135157
IND,rural,urban/rural,1981,404.660722328792
IND,rural,urban/rural,1982,411.485940280355
IND,rural,urban/rural,1983,427.471110823484
IND,rural,urban/rural,1984,437.013587992134
IND,rural,urban/rural,1985,447.860454281181
IND,rural,urban/rural,1986,459.035884575731
IND,rural,urban/rural,1987,467.338870096817
IND,rural,urban/rural,1988,494.505495708233
IND,rural,urban/rural,1989,516.539373428544
IND,rural,urban/rural,1990,533.671048111799
IND,rural,urban/rural,1991,533.391365764634
IND,rural,urban/rural,1992,544.900901935497
IND,rural,urban/rural,1993,559.838421738423
IND,rural,urban/rural,1994,582.389137223254
IND,rural,urban/rural,1995,612.706938794788
IND,rural,urban/rural,1996,645.941934904826
IND,rural,urban/rural,1997,664.28779942869
IND,rural,urban/rural,1998,688.369887782359
IND,rural,urban/rural,1999,730.727833632037
IND,rural,urban/rural,2000,753.162884244199
IND,rural,urban/rural,2001,773.056560528136
IND,rural,urban/rural,2002,789.838779061877
IND,rural,urban/rural,2003,829.363149155351
IND,rural,urban/rural,2004,879.767184579128
IND,rural,urban/rural,2005,933.948577880407
IND,rural,urban/rural,2006,993.10770649004
IND,rural,urban/rural,2007,1053.99341445715
IND,rural,urban/rural,2008,1082.19128141891
IND,rural,urban/rural,2009,1137.95273768507
IND,rural,urban/rural,2010,1215.14495169006
IND,rural,urban/rural,2011,1269.99775549688
IND,rural,urban/rural,2012,1320.22483506984
IND,rural,urban/rural,2013,1382.86441491569
IND,rural,urban/rural,2014,1463.10075462902
IND,rural,urban/rural,2015,1559.07772101717
IND,rural,urban/rural,2016,1666.84855207365
IND,rural,urban/rural,2017,1765.13961482291
IND,rural,urban/rural,2018,1859.69272108408
IND,rural,urban/rural,2019,1922.86243982066
IND,rural,urban/rural,2020,1838.88349873175
IND,rural,urban/rural,2021,1925.60735224099
IND,rural,urban/rural,2022,2055.88502281461
IND,rural,urban/rural,2023,2198.75381578507
IND,rural,urban/rural,2024,2331.75068862175
IND,rural,urban/rural,2025,2460.81363253487
IND,rural,urban/rural,2026,2601.97509117517
IND,rural,urban/rural,2027,2747.22619008186
IND,rural,urban/rural,2028,2901.54190162344
IND,rural,urban/rural,2029,3065.59324696675
IND,rural,urban/rural,2030,3239.98922755427
IND,urban,urban/rural,1960,313.658141183203
IND,urban,urban/rural,1961,315.749195457758
IND,urban,urban/rural,1962,317.971370535225
IND,urban,urban/rural,1963,326.826607596498
IND,urban,urban/rural,1964,341.919286214287
IND,urban,urban/rural,1965,333.547401677479
IND,urban,urban/rural,1966,324.029131940775
IND,urban,urban/rural,1967,335.620348750771
IND,urban,urban/rural,1968,343.116222495425
IND,urban,urban/rural,1969,355.257171585194
IND,urban,urban/rural,1970,366.636060345964
IND,urban,urban/rural,1971,367.573102480715
IND,urban,urban/rural,1972,359.566774309428
IND,urban,urban/rural,1973,359.747865337007
IND,urban,urban/rural,1974,357.620763248287
IND,urban,urban/rural,1975,374.273723441907
IND,urban,urban/rural,1976,378.162004402872
IND,urban,urban/rural,1977,390.956486469543
IND,urban,urban/rural,1978,405.248535009454
IND,urban,urban/rural,1979,385.79393069062
IND,urban,urban/rural,1980,390.191578135157
IND,urban,urban/rural,1981,404.660722328792
IND,urban,urban/rural,1982,411.485940280355
IND,urban,urban/rural,1983,427.471110823484
IND,urban,urban/rural,1984,437.013587992134
IND,urban,urban/rural,1985,447.860454281181
IND,urban,urban/rural,1986,459.035884575731
IND,urban,urban/rural,1987,467.338870096817
IND,urban,urban/rural,1988,494.505495708233
IND,urban,urban/rural,1989,516.539373428544
IND,urban,urban/rural,1990,533.671048111799
IND,urban,urban/rural,1991,533.391365764634
IND,urban,urban/rural,1992,544.900901935497
IND,urban,urban/rural,1993,559.838421738423
IND,urban,urban/rural,1994,582.389137223254
IND,urban,urban/rural,1995,612.706938794788
IND,urban,urban/rural,1996,645.941934904826
IND,urban,urban/rural,1997,664.28779942869
IND,urban,urban/rural,1998,688.369887782359
IND,urban,urban/rural,1999,730.727833632037
IND,urban,urban/rural,2000,753.162884244199
IND,urban,urban/rural,2001,773.056560528136
IND,urban,urban/rural,2002,789.838779061877
IND,urban,urban/rural,2003,829.363149155351
IND,urban,urban/rural,2004,879.767184579128
IND,urban,urban/rural,2005,933.948577880407
IND,urban,urban/rural,2006,993.10770649004
IND,urban,urban/rural,2007,1053.99341445715
IND,urban,urban/rural,2008,1082.19128141891
IND,urban,urban/rural,2009,1137.95273768507
IND,urban,urban/rural,2010,1215.14495169006
IND,urban,urban/rural,2011,1269.99775549688
IND,urban,urban/rural,2012,1320.22483506984
IND,urban,urban/rural,2013,1382.86441491569
IND,urban,urban/rural,2014,1463.10075462902
IND,urban,urban/rural,2015,1559.07772101717
IND,urban,urban/rural,2016,1666.84855207365
IND,urban,urban/rural,2017,1765.13961482291
IND,urban,urban/rural,2018,1859.69272108408
IND,urban,urban/rural,2019,1922.86243982066
IND,urban,urban/rural,2020,1838.88349873175
IND,urban,urban/rural,2021,1925.60735224099
IND,urban,urban/rural,2022,2055.88502281461
IND,urban,urban/rural,2023,2198.75381578507
IND,urban,urban/rural,2024,2331.75068862175
IND,urban,urban/rural,2025,2460.81363253487
IND,urban,urban/rural,2026,2601.97509117517
IND,urban,urban/rural,2027,2747.22619008186
IND,urban,urban/rural,2028,2901.54190162344
IND,urban,urban/rural,2029,3065.59324696675
IND,urban,urban/rural,2030,3239.98922755427
IRL,national,national,1960,8532.59719329719
IRL,national,national,1961,8973.93149242252
IRL,national,national,1962,9224.52397334831
IRL,national,national,1963,9605.96813284565
IRL,national,national,1964,9921.30323312328
IRL,national,national,1965,10075.342598068
IRL,national,national,1966,10124.8576702506
IRL,national,national,1967,10660.2806162666
IRL,national,national,1968,11487.2596376639
IRL,national,national,1969,12089.9471139118
IRL,national,national,1970,12308.3572872703
IRL,national,national,1971,12587.3198217504
IRL,national,national,1972,13206.4718187808
IRL,national,national,1973,13609.9593559512
IRL,national,national,1974,13956.6328466488
IRL,national,national,1975,14505.4696949899
IRL,national,national,1976,14487.4975064205
IRL,national,national,1977,15466.2310911941
IRL,national,national,1978,16344.2016973105
IRL,national,national,1979,16623.5099267152
IRL,national,national,1980,16939.3355841216
IRL,national,national,1981,17298.8386542409
IRL,national,national,1982,17527.3600792384
IRL,national,national,1983,17361.0241024495
IRL,national,national,1984,18005.0626039506
IRL,national,national,1985,18530.9426925293
IRL,national,national,1986,18443.1867640097
IRL,national,national,1987,19301.208298541
IRL,national,national,1988,20395.2738487724
IRL,national,national,1989,21666.7232832664
IRL,national,national,1990,23481.3128567371
IRL,national,national,1991,23797.2065983241
IRL,national,national,1992,24425.5975112538
IRL,national,national,1993,24958.2197097899
IRL,national,national,1994,26290.9316540796
IRL,national,national,1995,28676.510604152
IRL,national,national,1996,30550.0360829405
IRL,national,national,1997,33578.7616121473
IRL,national,national,1998,36143.3422357798
IRL,national,national,1999,39501.3763778575
IRL,national,national,2000,42643.6343965079
IRL,national,national,2001,44196.9159835327
IRL,national,national,2002,46022.1410834443
IRL,national,national,2003,46643.1579569282
IRL,national,national,2004,48906.963231587
IRL,national,national,2005,50599.6045007359
IRL,national,national,2006,51710.362231689
IRL,national,national,2007,52904.4732788865
IRL,national,national,2008,49512.4261970583
IRL,national,national,2009,46514.5426215055
IRL,national,national,2010,47040.3543858023
IRL,national,national,2011,47607.8852921203
IRL,national,national,2012,47217.4433846332
IRL,national,national,2013,47999.1237980737
IRL,national,national,2014,52098.1049579337
IRL,national,national,2015,64311.8234684057
IRL,national,national,2016,64367.4069016353
IRL,national,national,2017,70069.0995778991
IRL,national,national,2018,74427.5520727589
IRL,national,national,2019,77117.1897861686
IRL,national,national,2020,81791.0934649925
IRL,national,national,2021,94184.0378160321
IRL,national,national,2022,99677.473101993
IRL,national,national,2023,91647.7688541174
IRL,national,national,2024,90043.8299362445
IRL,national,national,2025,91074.7341815028
IRL,national,national,2026,92285.2228633172
IRL,national,national,2027,93282.1731122327
IRL,national,national,2028,94800.9508248929
IRL,national,national,2029,96273.7733724581
IRL,national,national,2030,97877.340245631
IRN,national,national,1960,2348.87401218539
IRN,national,national,1961,2475.3045307348
IRN,national,national,1962,2603.80334600661
IRN,national,national,1963,2707.74626804985
IRN,national,national,1964,2839.39347763927
IRN,national,national,1965,3170.60904317386
IRN,national,national,1966,3460.61778120388
IRN,national,national,1967,3735.69583401824
IRN,national,national,1968,4123.60742918187
IRN,national,national,1969,4613.63882609749
IRN,national,national,1970,5006.47597750464
IRN,national,national,1971,5496.283154184
IRN,national,national,1972,6102.19621403064
IRN,national,national,1973,6451.92817414903
IRN,national,national,1974,6649.47522667432
IRN,national,national,1975,6516.68817742354
IRN,national,national,1976,7211.83691633915
IRN,national,national,1977,7090.07526071533
IRN,national,national,1978,6143.0453555314
IRN,national,national,1979,5211.9730495705
IRN,national,national,1980,4063.0638851171
IRN,national,national,1981,3482.29755656809
IRN,national,national,1982,3839.4249195306
IRN,national,national,1983,4176.88297458344
IRN,national,national,1984,3887.67282468304
IRN,national,national,1985,3735.61996273095
IRN,national,national,1986,3341.93669394146
IRN,national,national,1987,3141.90815747695
IRN,national,national,1988,2895.44375322753
IRN,national,national,1989,2901.15183245394
IRN,national,national,1990,3155.6682294933
IRN,national,national,1991,3465.77992966053
IRN,national,national,1992,3569.79561356134
IRN,national,national,1993,3528.8944756118
IRN,national,national,1994,3462.86528909474
IRN,national,national,1995,3482.49241680255
IRN,national,national,1996,3633.94512641865
IRN,national,national,1997,3678.119708341
IRN,national,national,1998,3698.99089100317
IRN,national,national,1999,3720.74313065656
IRN,national,national,2000,3850.0364605747
IRN,national,national,2001,3910.2461378482
IRN,national,national,2002,4136.86849390961
IRN,national,national,2003,4442.5518297448
IRN,national,national,2004,4586.28591477855
IRN,national,national,2005,4640.90048104335
IRN,national,national,2006,4750.48250814226
IRN,national,national,2007,5017.28298960247
IRN,national,national,2008,5046.6921975297
IRN,national,national,2009,5026.54865240678
IRN,national,national,2010,5199.42748530719
IRN,national,national,2011,5305.73401750971
IRN,national,national,2012,5116.64425716335
IRN,national,national,2013,4948.20201520505
IRN,national,national,2014,5054.35673799486
IRN,national,national,2015,4983.69729354599
IRN,national,national,2016,5233.2880481278
IRN,national,national,2017,5366.07224042674
IRN,national,national,2018,5251.90242572752
IRN,national,national,2019,5048.23740540973
IRN,national,national,2020,5099.97091586457
IRN,national,national,2021,5281.99267039346
IRN,national,national,2022,5430.9039341147
IRN,national,national,2023,5621.93449867326
IRN,national,national,2024,5769.93461710894
IRN,national,national,2025,5726.02679195613
IRN,national,national,2026,5752.33251920547
IRN,national,national,2027,5785.9268014854
IRN,national,national,2028,5842.78142952148
IRN,national,national,2029,5899.10262546662
IRN,national,national,2030,5954.77078926683
IRQ,national,national,1960,997.925581506414
IRQ,national,national,1961,1045.35159413524
IRQ,national,national,1962,1061.12493114338
IRQ,national,national,1963,1051.08048848022
IRQ,national,national,1964,1167.09649202161
IRQ,national,national,1965,1249.76156739787
IRQ,national,national,1966,1268.03983724558
IRQ,national,national,1967,1117.05793442321
IRQ,national,national,1968,1290.03189560145
IRQ,national,national,1969,1286.79354274415
IRQ,national,national,1970,1299.35892720761
IRQ,national,national,1971,1322.70187022675
IRQ,national,national,1972,1325.75580274961
IRQ,national,national,1973,1337.44392023958
IRQ,national,national,1974,1501.23712514077
IRQ,national,national,1975,1633.76336398088
IRQ,national,national,1976,1852.73076542326
IRQ,national,national,1977,1826.17052819415
IRQ,national,national,1978,2066.87426184461
IRQ,national,national,1979,2419.11515236455
IRQ,national,national,1980,2924.31916822628
IRQ,national,national,1981,2817.12121531585
IRQ,national,national,1982,2833.0144210139
IRQ,national,national,1983,2390.54919750291
IRQ,national,national,1984,2282.72261735824
IRQ,national,national,1985,2260.8763214908
IRQ,national,national,1986,2308.44327504947
IRQ,national,national,1987,2454.9950238006
IRQ,national,national,1988,2398.23797711999
IRQ,national,national,1989,2262.47044477723
IRQ,national,national,1990,3526.57925126853
IRQ,national,national,1991,1254.63057385597
IRQ,national,national,1992,1615.03903542774
IRQ,national,national,1993,2005.56353164115
IRQ,national,national,1994,1985.79691950682
IRQ,national,national,1995,1961.09255088499
IRQ,national,national,1996,2108.82328338114
IRQ,national,national,1997,2478.84310444349
IRQ,national,national,1998,3242.95733892317
IRQ,national,national,1999,3691.74051342189
IRQ,national,national,2000,4172.78025105244
IRQ,national,national,2001,4116.09405320279
IRQ,national,national,2002,3660.92527507177
IRQ,national,national,2003,2250.06990123369
IRQ,national,national,2004,3354.26588756715
IRQ,national,national,2005,3310.86344473993
IRQ,national,national,2006,3471.98744698568
IRQ,national,national,2007,3565.58054079041
IRQ,national,national,2008,3781.78001712762
IRQ,national,national,2009,3768.17284328983
IRQ,national,national,2010,3881.94327045302
IRQ,national,national,2011,4030.01686860986
IRQ,national,national,2012,4387.90469058707
IRQ,national,national,2013,4504.82687537354
IRQ,national,national,2014,4446.97343234862
IRQ,national,national,2015,4440.14189252367
IRQ,national,national,2016,4932.9272911439
IRQ,national,national,2017,4736.32710809857
IRQ,national,national,2018,4749.00921836896
IRQ,national,national,2019,4898.14897652181
IRQ,national,national,2020,4213.99843766061
IRQ,national,national,2021,4182.50064045825
IRQ,national,national,2022,4399.948027123
IRQ,national,national,2023,4175.70315667132
IRQ,national,national,2024,4075.47606236728
IRQ,national,national,2025,4043.7844293659
IRQ,national,national,2026,4168.64258192628
IRQ,national,national,2027,4213.22143707559
IRQ,national,national,2028,4275.54646315835
IRQ,national,national,2029,4350.37010394027
IRQ,national,national,2030,4428.98831321581
ISL,national,national,1960,13502.2659194414
ISL,national,national,1961,13231.8685601414
ISL,national,national,1962,14068.8892637073
ISL,national,national,1963,15241.6168825956
ISL,national,national,1964,16452.6739063868
ISL,national,national,1965,17349.8863359957
ISL,national,national,1966,18551.2834195154
ISL,national,national,1967,18024.3111033747
ISL,national,national,1968,16801.9046614388
ISL,national,national,1969,17044.2870368683
ISL,national,national,1970,18219.7032993357
ISL,national,national,1971,20433.4333427239
ISL,national,national,1972,21380.4118679382
ISL,national,national,1973,22493.5427152219
ISL,national,national,1974,23457.5710769044
ISL,national,national,1975,23309.1267111711
ISL,national,national,1976,24454.198609719
ISL,national,national,1977,26414.2474392372
ISL,national,national,1978,27785.7899973431
ISL,national,national,1979,28852.6382864911
ISL,national,national,1980,30189.6890090305
ISL,national,national,1981,31120.2965196462
ISL,national,national,1982,31368.7118801277
ISL,national,national,1983,30290.1976549156
ISL,national,national,1984,31207.2163168676
ISL,national,national,1985,31981.9145307433
ISL,national,national,1986,33739.276129427
ISL,national,national,1987,36223.5564297017
ISL,national,national,1988,35628.6396325007
ISL,national,national,1989,35281.0820917833
ISL,national,national,1990,35417.1490966556
ISL,national,national,1991,34930.7276057715
ISL,national,national,1992,33330.7146821937
ISL,national,national,1993,33426.874442296
ISL,national,national,1994,34334.2872064646
ISL,national,national,1995,34188.3505876665
ISL,national,national,1996,35557.277250986
ISL,national,national,1997,37302.6680254519
ISL,national,national,1998,39622.6069816837
ISL,national,national,1999,40725.886035875
ISL,national,national,2000,42174.6650584696
ISL,national,national,2001,43288.0763046335
ISL,national,national,2002,43143.4605797013
ISL,national,national,2003,43763.7756121132
ISL,national,national,2004,46766.0168708212
ISL,national,national,2005,48850.7658634924
ISL,national,national,2006,50731.6906881712
ISL,national,national,2007,53646.3690202759
ISL,national,national,2008,53821.47082221
ISL,national,national,2009,49527.3988280929
ISL,national,national,2010,48193.7014041013
ISL,national,national,2011,48933.5456614347
ISL,national,national,2012,49191.574417162
ISL,national,national,2013,50946.8162625339
ISL,national,national,2014,51233.2440468041
ISL,national,national,2015,52951.6815110898
ISL,national,national,2016,55513.6423015865
ISL,national,national,2017,56501.4576788793
ISL,national,national,2018,57697.8044237427
ISL,national,national,2019,57493.4195335925
ISL,national,national,2020,52641.7234828803
ISL,national,national,2021,54506.7280464878
ISL,national,national,2022,57933.4748261586
ISL,national,national,2023,59096.4444709589
ISL,national,national,2024,58128.9232358608
ISL,national,national,2025,58192.8405617049
ISL,national,national,2026,58716.2742863155
ISL,national,national,2027,59358.938411299
ISL,national,national,2028,59583.4250362733
ISL,national,national,2029,59871.2708287459
ISL,national,national,2030,60162.5494707719
ISR,national,national,1960,8756.37329946438
ISR,national,national,1961,9421.10621894085
ISR,national,national,1962,9889.12590902548
ISR,national,national,1963,10551.1151037208
ISR,national,national,1964,10946.8380435048
ISR,national,national,1965,11522.1522590068
ISR,national,national,1966,11223.9465413277
ISR,national,national,1967,11071.5921828256
ISR,national,national,1968,12603.5307469767
ISR,national,national,1969,13945.1327057611
ISR,national,national,1970,14476.0795346139
ISR,national,national,1971,15564.1903908628
ISR,national,national,1972,17016.6723343038
ISR,national,national,1973,17254.9127649999
ISR,national,national,1974,17833.7651151939
ISR,national,national,1975,17996.4112059125
ISR,national,national,1976,17655.852090343
ISR,national,national,1977,17443.6550447601
ISR,national,national,1978,18028.4443796853
ISR,national,national,1979,18662.0989670399
ISR,national,national,1980,18523.7112731595
ISR,national,national,1981,19128.1309869297
ISR,national,national,1982,19163.1685346299
ISR,national,national,1983,19449.824255435
ISR,national,national,1984,19376.4416042604
ISR,national,national,1985,19806.2495677505
ISR,national,national,1986,20319.3453143863
ISR,national,national,1987,21421.2882107987
ISR,national,national,1988,21682.3685123779
ISR,national,national,1989,21440.1587510678
ISR,national,national,1990,22307.4301634161
ISR,national,national,1991,22627.626632006
ISR,national,national,1992,23555.1962722555
ISR,national,national,1993,23881.5994936481
ISR,national,national,1994,24999.7260557082
ISR,national,national,1995,25948.7323912948
ISR,national,national,1996,26762.0191453672
ISR,national,national,1997,27081.6170854316
ISR,national,national,1998,27545.1108182352
ISR,national,national,1999,27744.9220453844
ISR,national,national,2000,29352.2758538156
ISR,national,national,2001,28717.1277542377
ISR,national,national,2002,28110.3463494109
ISR,national,national,2003,28011.8266813741
ISR,national,national,2004,28808.8298448048
ISR,national,national,2005,29498.6336701064
ISR,national,national,2006,30599.2172149639
ISR,national,national,2007,31871.0466312068
ISR,national,national,2008,32338.6662012343
ISR,national,national,2009,31924.7910234896
ISR,national,national,2010,33112.7068111258
ISR,national,national,2011,34314.6503871244
ISR,national,national,2012,34542.8817579662
ISR,national,national,2013,35338.6242052342
ISR,national,national,2014,36013.6686508041
ISR,national,national,2015,36123.9907881129
ISR,national,national,2016,36969.741657336
ISR,national,national,2017,37809.4415224874
ISR,national,national,2018,38599.1089040283
ISR,national,national,2019,39302.6518220125
ISR,national,national,2020,38049.9903345588
ISR,national,national,2021,40911.4355330311
ISR,national,national,2022,42710.4017586756
ISR,national,national,2023,42852.5810267712
ISR,national,national,2024,42347.2016704664
ISR,national,national,2025,43073.8115991785
ISR,national,national,2026,43944.4100891302
ISR,national,national,2027,44624.9651274122
ISR,national,national,2028,45543.2831406592
ISR,national,national,2029,46488.5961032818
ISR,national,national,2030,47453.6875037939
ITA,national,national,1960,9731.19625389748
ITA,national,national,1961,10459.714363523
ITA,national,national,1962,11033.68886401
ITA,national,national,1963,11567.9458703087
ITA,national,national,1964,11794.1608356407
ITA,national,national,1965,12077.4620215465
ITA,national,national,1966,12701.1618805091
ITA,national,national,1967,13514.7573625089
ITA,national,national,1968,14308.5594206087
ITA,national,national,1969,15095.4127878086
ITA,national,national,1970,15813.2011151821
ITA,national,national,1971,16025.774880121
ITA,national,national,1972,16523.1331630299
ITA,national,national,1973,17580.9120721826
ITA,national,national,1974,18426.9080079986
ITA,national,national,1975,17934.3228585104
ITA,national,national,1976,19116.6107654729
ITA,national,national,1977,19522.9969341739
ITA,national,national,1978,20083.8802098074
ITA,national,national,1979,21219.2669568741
ITA,national,national,1980,21901.9268726405
ITA,national,national,1981,22060.3287109607
ITA,national,national,1982,22135.1628478985
ITA,national,national,1983,22385.8416078726
ITA,national,national,1984,23102.8115432379
ITA,national,national,1985,23742.3854885964
ITA,national,national,1986,24420.0802796796
ITA,national,national,1987,25196.9881135514
ITA,national,national,1988,26241.1619178713
ITA,national,national,1989,27109.9705713608
ITA,national,national,1990,27625.1792401549
ITA,national,national,1991,28030.7653844433
ITA,national,national,1992,28245.4271224971
ITA,national,national,1993,27987.4328992052
ITA,national,national,1994,28583.6255334144
ITA,national,national,1995,29408.3209648256
ITA,national,national,1996,29795.659782462
ITA,national,national,1997,30353.3778330306
ITA,national,national,1998,30892.1758716425
ITA,national,national,1999,31405.2609086396
ITA,national,national,2000,32609.6674684471
ITA,national,national,2001,33245.2803732961
ITA,national,national,2002,33285.4148556776
ITA,national,national,2003,33159.8415780158
ITA,national,national,2004,33431.5599098693
ITA,national,national,2005,33521.3202180455
ITA,national,national,2006,34022.1190389231
ITA,national,national,2007,34345.7598862545
ITA,national,national,2008,33769.8973537384
ITA,national,national,2009,31832.9860141479
ITA,national,national,2010,32220.4860698495
ITA,national,national,2011,32388.8180099136
ITA,national,national,2012,31292.1311312137
ITA,national,national,2013,30369.1293679326
ITA,national,national,2014,30091.3481539205
ITA,national,national,2015,30387.1293187854
ITA,national,national,2016,30815.0869082281
ITA,national,national,2017,31356.224035187
ITA,national,national,2018,31675.5758014951
ITA,national,national,2019,32180.4341021496
ITA,national,national,2020,29469.7989279182
ITA,national,national,2021,32267.7090970216
ITA,national,national,2022,33840.3432155508
ITA,national,national,2023,34088.088128227
ITA,national,national,2024,34321.5371313432
ITA,national,national,2025,34487.5886921222
ITA,national,national,2026,34770.9952563208
ITA,national,national,2027,34993.3340599756
ITA,national,national,2028,35280.4685207413
ITA,national,national,2029,35586.542870623
ITA,national,national,2030,35904.1947970091
JAM,national,national,1960,3325.15429247567
JAM,national,national,1961,3385.68310583752
JAM,national,national,1962,3410.83793736453
JAM,national,national,1963,3454.85889253678
JAM,national,national,1964,3638.80359807799
JAM,national,national,1965,3847.11704666098
JAM,national,national,1966,3921.00936427155
JAM,national,national,1967,3944.82549922615
JAM,national,national,1968,4123.87848079124
JAM,national,national,1969,4303.6370819599
JAM,national,national,1970,4763.60871569935
JAM,national,national,1971,4815.24379630176
JAM,national,national,1972,5600.57368551674
JAM,national,national,1973,5213.25512633628
JAM,national,national,1974,4918.32420065763
JAM,national,national,1975,4837.51199696179
JAM,national,national,1976,4454.98938664447
JAM,national,national,1977,4286.7133147414
JAM,national,national,1978,4234.9598365577
JAM,national,national,1979,4141.3362804261
JAM,national,national,1980,3857.06561622744
JAM,national,national,1981,3907.58698559803
JAM,national,national,1982,3934.02362080234
JAM,national,national,1983,3953.61770868909
JAM,national,national,1984,3841.53525709487
JAM,national,national,1985,3685.98178241151
JAM,national,national,1986,3720.50350246099
JAM,national,national,1987,3982.11264719632
JAM,national,national,1988,4112.19684347709
JAM,national,national,1989,4377.0629440887
JAM,national,national,1990,4526.50159323362
JAM,national,national,1991,4704.01222472021
JAM,national,national,1992,4748.86205122046
JAM,national,national,1993,5142.58835187444
JAM,national,national,1994,5160.4307955405
JAM,national,national,1995,5229.03067140027
JAM,national,national,1996,5172.78239570246
JAM,national,national,1997,5066.85282562384
JAM,national,national,1998,4906.41450897104
JAM,national,national,1999,4919.4174468527
JAM,national,national,2000,4928.33188369804
JAM,national,national,2001,4963.06607294795
JAM,national,national,2002,5031.19564397903
JAM,national,national,2003,5184.14288666889
JAM,national,national,2004,5222.09798764334
JAM,national,national,2005,5239.67290258786
JAM,national,national,2006,5363.82690314058
JAM,national,national,2007,5414.90880663073
JAM,national,national,2008,5347.63274507982
JAM,national,national,2009,5094.03087418339
JAM,national,national,2010,4998.66718141268
JAM,national,national,2011,5063.19380143837
JAM,national,national,2012,5010.45967443592
JAM,national,national,2013,5016.0313458778
JAM,national,national,2014,5032.44263080999
JAM,national,national,2015,5062.89556466908
JAM,national,national,2016,5119.03971902628
JAM,national,national,2017,5159.34337408318
JAM,national,national,2018,5248.77402203987
JAM,national,national,2019,5289.65492391338
JAM,national,national,2020,4752.33342267359
JAM,national,national,2021,4958.84581479999
JAM,national,national,2022,5215.08607266374
JAM,national,national,2023,5328.61624140582
JAM,national,national,2024,5391.74520483673
JAM,national,national,2025,5487.45987548563
JAM,national,national,2026,5587.98258417228
JAM,national,national,2027,5687.17149347042
JAM,national,national,2028,5771.59363014266
JAM,national,national,2029,5857.26896672571
JAM,national,national,2030,5944.21609473571
JOR,national,national,1960,2202.39918243902
JOR,national,national,1961,2538.03675305305
JOR,national,national,1962,2476.36483195082
JOR,national,national,1963,2503.64279705373
JOR,national,national,1964,2817.93239497852
JOR,national,national,1965,3008.87815069887
JOR,national,national,1966,2964.99620683767
JOR,national,national,1967,2891.4643009081
JOR,national,national,1968,2527.36276670843
JOR,national,national,1969,2621.0566468445
JOR,national,national,1970,2264.07110354124
JOR,national,national,1971,2236.20013919697
JOR,national,national,1972,2226.11915209372
JOR,national,national,1973,2256.95511264483
JOR,national,national,1974,2369.0319692633
JOR,national,national,1975,2441.37787671014
JOR,national,national,1976,2926.45125614878
JOR,national,national,1977,3073.82095340642
JOR,national,national,1978,3415.76551832763
JOR,national,national,1979,3991.69034157644
JOR,national,national,1980,4278.6328839702
JOR,national,national,1981,4816.74408026333
JOR,national,national,1982,4939.75537300451
JOR,national,national,1983,4619.9825173175
JOR,national,national,1984,4605.21127002269
JOR,national,national,1985,4280.41643791534
JOR,national,national,1986,4312.61101897606
JOR,national,national,1987,4213.3547984474
JOR,national,national,1988,4080.28749525417
JOR,national,national,1989,3472.2250968608
JOR,national,national,1990,3202.33686003165
JOR,national,national,1991,3010.13731183677
JOR,national,national,1992,3264.84472634328
JOR,national,national,1993,3238.47541692105
JOR,national,national,1994,3240.44545104214
JOR,national,national,1995,3303.28717864788
JOR,national,national,1996,3262.10615178904
JOR,national,national,1997,3280.69793184873
JOR,national,national,1998,3302.29942733776
JOR,national,national,1999,3341.65644275163
JOR,national,national,2000,3412.07673213708
JOR,national,national,2001,3518.76635312228
JOR,national,national,2002,3644.62434644332
JOR,national,national,2003,3713.15193593268
JOR,national,national,2004,3935.15704743447
JOR,national,national,2005,4151.61313015439
JOR,national,national,2006,4209.86864014361
JOR,national,national,2007,4287.35229821209
JOR,national,national,2008,4489.95545537311
JOR,national,national,2009,4615.23067817324
JOR,national,national,2010,4621.5742854131
JOR,national,national,2011,4631.67703841605
JOR,national,national,2012,4677.47613977192
JOR,national,national,2013,4556.52023716712
JOR,national,national,2014,4282.11872849239
JOR,national,national,2015,4042.75678097555
JOR,national,national,2016,3933.14704611068
JOR,national,national,2017,3940.70199181145
JOR,national,national,2018,3928.77026821205
JOR,national,national,2019,3919.06426916073
JOR,national,national,2020,3806.87949354914
JOR,national,national,2021,3874.32707806481
JOR,national,national,2022,3909.80226400152
JOR,national,national,2023,3950.31227288316
JOR,national,national,2024,4028.11082517328
JOR,national,national,2025,4136.31154948936
JOR,national,national,2026,4214.73708363606
JOR,national,national,2027,4248.79570386573
JOR,national,national,2028,4339.07584849012
JOR,national,national,2029,4427.96574844915
JOR,national,national,2030,4514.87210823221
JPN,national,national,1960,6388.87810064976
JPN,national,national,1961,7094.47046454383
JPN,national,national,1962,7655.05526031226
JPN,national,national,1963,8219.98739660426
JPN,national,national,1964,9084.79518054167
JPN,national,national,1965,9510.54956577863
JPN,national,national,1966,10426.6399027996
JPN,national,national,1967,11462.9263865587
JPN,national,national,1968,12794.6236237767
JPN,national,national,1969,14221.0523672392
JPN,national,national,1970,14114.3158179076
JPN,national,national,1971,14456.8211953459
JPN,national,national,1972,15455.1369428391
JPN,national,national,1973,16463.2791725065
JPN,national,national,1974,16046.7846823822
JPN,national,national,1975,16333.6748183256
JPN,national,national,1976,16801.9250306258
JPN,national,national,1977,17370.6165468412
JPN,national,national,1978,18120.7284269821
JPN,national,national,1979,18953.3339137399
JPN,national,national,1980,19334.3747442401
JPN,national,national,1981,20011.8292508853
JPN,national,national,1982,20525.2958514713
JPN,national,national,1983,21122.9648423051
JPN,national,national,1984,21912.1518618524
JPN,national,national,1985,22898.9942415023
JPN,national,national,1986,23527.7125188459
JPN,national,national,1987,24503.0845657802
JPN,national,national,1988,26026.8648821107
JPN,national,national,1989,27199.939969537
JPN,national,national,1990,28422.2131195125
JPN,national,national,1991,29308.274088137
JPN,national,national,1992,29462.6539670948
JPN,national,national,1993,29232.4397928178
JPN,national,national,1994,29466.7552451756
JPN,national,national,1995,30171.1637924347
JPN,national,national,1996,31046.1701544648
JPN,national,national,1997,31276.1930771932
JPN,national,national,1998,30795.0888900928
JPN,national,national,1999,30636.266116943
JPN,national,national,2000,31430.6311303282
JPN,national,national,2001,31476.052066579
JPN,national,national,2002,31416.1241772435
JPN,national,national,2003,31830.2175849262
JPN,national,national,2004,32515.1158024317
JPN,national,national,2005,33098.5474664872
JPN,national,national,2006,33531.5185630775
JPN,national,national,2007,33990.0360341685
JPN,national,national,2008,33557.6454041531
JPN,national,national,2009,31651.0837739853
JPN,national,national,2010,32942.2020783725
JPN,national,national,2011,33011.13423011
JPN,national,national,2012,33518.444936892
JPN,national,national,2013,34239.8862473683
JPN,national,national,2014,34386.905855287
JPN,national,national,2015,34960.6393843385
JPN,national,national,2016,35242.1993771881
JPN,national,national,2017,35861.9728545838
JPN,national,national,2018,36138.5290824719
JPN,national,national,2019,36043.7844013365
JPN,national,national,2020,34650.7967802766
JPN,national,national,2021,35701.4542716142
JPN,national,national,2022,36202.639274898
JPN,national,national,2023,36990.3301140205
JPN,national,national,2024,37294.2280305111
JPN,national,national,2025,37750.1139419598
JPN,national,national,2026,38256.9685648097
JPN,national,national,2027,38774.9236558646
JPN,national,national,2028,39220.0955299135
JPN,national,national,2029,39652.9722738083
JPN,national,national,2030,40103.5390845125
KAZ,national,national,1973,5681.42467535937
KAZ,national,national,1980,5562.22414119641
KAZ,national,national,1981,5424.32548402749
KAZ,national,national,1982,5292.50371683551
KAZ,national,national,1983,5485.56183687199
KAZ,national,national,1984,5400.4853771949
KAZ,national,national,1985,5396.74575259371
KAZ,national,national,1986,5411.23679792332
KAZ,national,national,1987,5323.82307287048
KAZ,national,national,1988,5729.10488902455
KAZ,national,national,1989,5680.95722228422
KAZ,national,national,1990,5557.08215736977
KAZ,national,national,1991,4910.15324119135
KAZ,national,national,1992,4635.42154654073
KAZ,national,national,1993,4223.1282023154
KAZ,national,national,1994,3740.97810892024
KAZ,national,national,1995,3498.51454364229
KAZ,national,national,1996,3583.36908423331
KAZ,national,national,1997,3728.96386519689
KAZ,national,national,1998,3750.56494562659
KAZ,national,national,1999,3899.65723139778
KAZ,national,national,2000,4269.33016782791
KAZ,national,national,2001,4822.52862802669
KAZ,national,national,2002,5267.6990320263
KAZ,national,national,2003,5724.43199248054
KAZ,national,national,2004,6233.29439373307
KAZ,national,national,2005,6787.4115548789
KAZ,national,national,2006,7450.39687062615
KAZ,national,national,2007,8036.87599811505
KAZ,national,national,2008,8216.52181589585
KAZ,national,national,2009,8218.39912556048
KAZ,national,national,2010,8704.70655484556
KAZ,national,national,2011,9223.3021336315
KAZ,national,national,2012,9531.91477617058
KAZ,national,national,2013,9959.72586930534
KAZ,national,national,2014,10226.7100539683
KAZ,national,national,2015,10196.1226255982
KAZ,national,national,2016,10151.423313302
KAZ,national,national,2017,10404.2718646317
KAZ,national,national,2018,10670.2120148279
KAZ,national,national,2019,10989.6840718388
KAZ,national,national,2020,10565.0359816235
KAZ,national,national,2021,10873.3915275276
KAZ,national,national,2022,11058.3482413407
KAZ,national,national,2023,11453.3952725363
KAZ,national,national,2024,11725.5680509549
KAZ,national,national,2025,12101.6727518835
KAZ,national,national,2026,12399.9303606963
KAZ,national,national,2027,12698.4313050838
KAZ,national,national,2028,12900.4500010964
KAZ,national,national,2029,13163.2561624557
KAZ,national,national,2030,13436.3960182333
KEN,national,national,1960,792.958020207348
KEN,national,national,1961,704.532413221054
KEN,national,national,1962,742.214802683441
KEN,national,national,1963,776.61405320386
KEN,national,national,1964,783.777273902912
KEN,national,national,1965,768.312009345226
KEN,national,national,1966,847.028481793247
KEN,national,national,1967,841.449011083599
KEN,national,national,1968,873.396320093881
KEN,national,national,1969,906.636182608442
KEN,national,national,1970,831.801819281121
KEN,national,national,1971,980.029449369286
KEN,national,national,1972,1108.22714085008
KEN,national,national,1973,1133.74828467608
KEN,national,national,1974,1140.55255920466
KEN,national,national,1975,1113.00977634208
KEN,national,national,1976,1100.6565011535
KEN,national,national,1977,1165.36861222478
KEN,national,national,1978,1203.76787713531
KEN,national,national,1979,1251.31913330141
KEN,national,national,1980,1275.28269729355
KEN,national,national,1981,1276.92778781689
KEN,national,national,1982,1250.61396929068
KEN,national,national,1983,1221.53485890834
KEN,national,national,1984,1198.09437242046
KEN,national,national,1985,1204.91932367736
KEN,national,national,1986,1245.98851025394
KEN,national,national,1987,1274.22087961614
KEN,national,national,1988,1306.36433683504
KEN,national,national,1989,1320.50774519897
KEN,national,national,1990,1329.33312766232
KEN,national,national,1991,1305.46415701447
KEN,national,national,1992,1255.93870622359
KEN,national,national,1993,1223.50616725762
KEN,national,national,1994,1219.7841113305
KEN,national,national,1995,1237.88250467675
KEN,national,national,1996,1254.21025248674
KEN,national,national,1997,1226.19542113337
KEN,national,national,1998,1232.06658106635
KEN,national,national,1999,1224.63404639886
KEN,national,national,2000,1195.41296851656
KEN,national,national,2001,1202.29348759987
KEN,national,national,2002,1171.4262517349
KEN,national,national,2003,1169.14433674051
KEN,national,national,2004,1191.25443604556
KEN,national,national,2005,1223.44738472019
KEN,national,national,2006,1263.54164666211
KEN,national,national,2007,1309.91092948216
KEN,national,national,2008,1273.77226103073
KEN,national,national,2009,1276.73503486074
KEN,national,national,2010,1340.16467408856
KEN,national,national,2011,1370.58000874482
KEN,national,national,2012,1396.30178709756
KEN,national,national,2013,1413.94142522583
KEN,national,national,2014,1450.59338202277
KEN,national,national,2015,1489.11959777284
KEN,national,national,2016,1517.97796057742
KEN,national,national,2017,1542.33773973372
KEN,national,national,2018,1596.69045914945
KEN,national,national,2019,1645.70961777862
KEN,national,national,2020,1609.33414078281
KEN,national,national,2021,1698.89578271444
KEN,national,national,2022,1747.53198804428
KEN,national,national,2023,1808.40479129677
KEN,national,national,2024,1866.62513529002
KEN,national,national,2025,1912.84806925531
KEN,national,national,2026,1967.75611867449
KEN,national,national,2027,2026.83203580441
KEN,national,national,2028,2093.72692383542
KEN,national,national,2029,2162.74003454611
KEN,national,national,2030,2235.0483106002
KGZ,national,national,1973,1122.640032751
KGZ,national,national,1980,1105.06630390975
KGZ,national,national,1981,1093.917379161
KGZ,national,national,1982,1082.01259510726
KGZ,national,national,1983,1132.27723888975
KGZ,national,national,1984,1124.71864583975
KGZ,national,national,1985,1061.22646421976
KGZ,national,national,1986,1022.86660449102
KGZ,national,national,1987,1036.71012984427
KGZ,national,national,1988,1153.02506583629
KGZ,national,national,1989,1160.67608073008
KGZ,national,national,1990,1203.47208279448
KGZ,national,national,1991,1089.90005451003
KGZ,national,national,1992,928.315623345335
KGZ,national,national,1993,784.564919201316
KGZ,national,national,1994,627.221059388758
KGZ,national,national,1995,587.298180667228
KGZ,national,national,1996,619.667835556358
KGZ,national,national,1997,671.250079627062
KGZ,national,national,1998,675.05831892302
KGZ,national,national,1999,689.414278205464
KGZ,national,national,2000,718.34290572247
KGZ,national,national,2001,749.423855336367
KGZ,national,national,2002,742.44300111832
KGZ,national,national,2003,786.350474964134
KGZ,national,national,2004,831.48218538698
KGZ,national,national,2005,820.709598923049
KGZ,national,national,2006,837.138026647346
KGZ,national,national,2007,900.028050315122
KGZ,national,national,2008,966.409971184817
KGZ,national,national,2009,981.220904665529
KGZ,national,national,2010,962.764789828724
KGZ,national,national,2011,1005.48326882132
KGZ,national,national,2012,985.8472865972
KGZ,national,national,2013,1069.78404438716
KGZ,national,national,2014,1088.58223445646
KGZ,national,national,2015,1105.65202996955
KGZ,national,national,2016,1128.31625263844
KGZ,national,national,2017,1157.18284932307
KGZ,national,national,2018,1175.0713690492
KGZ,national,national,2019,1201.87701429721
KGZ,national,national,2020,1093.32864588331
KGZ,national,national,2021,1132.5546781282
KGZ,national,national,2022,1212.17821410944
KGZ,national,national,2023,1264.17439486467
KGZ,national,national,2024,1318.34715721343
KGZ,national,national,2025,1386.57972252416
KGZ,national,national,2026,1442.68426278314
KGZ,national,national,2027,1504.99589087029
KGZ,national,national,2028,1551.48754517791
KGZ,national,national,2029,1603.59989714291
KGZ,national,national,2030,1653.58733398345
KHM,national,national,1960,897.195593535906
KHM,national,national,1961,864.494071902354
KHM,national,national,1962,908.934601301796
KHM,national,national,1963,951.698129591825
KHM,national,national,1964,900.549595754732
KHM,national,national,1965,918.158107403567
KHM,national,national,1966,935.766619052403
KHM,national,national,1967,958.406134029477
KHM,national,national,1968,976.014645678313
KHM,national,national,1969,965.114138467129
KHM,national,national,1970,864.494071902354
KHM,national,national,1971,821.730543612325
KHM,national,national,1972,771.420510329938
KHM,national,national,1973,1038.9021872813
KHM,national,national,1974,879.58708188707
KHM,national,national,1975,775.61301310347
KHM,national,national,1976,832.046370021047
KHM,national,national,1977,768.349009368511
KHM,national,national,1978,835.709043830217
KHM,national,national,1979,746.08572413472
KHM,national,national,1980,688.762215998489
KHM,national,national,1981,678.011250962987
KHM,national,national,1982,659.062242599126
KHM,national,national,1983,663.885539072704
KHM,national,national,1984,671.730248753369
KHM,national,national,1985,679.989551081934
KHM,national,national,1986,678.670094090388
KHM,national,national,1987,790.553706971779
KHM,national,national,1988,852.223975284838
KHM,national,national,1989,849.279049748096
KHM,national,national,1990,824.051655825488
KHM,national,national,1991,850.610221172946
KHM,national,national,1992,862.478030888085
KHM,national,national,1993,845.382004292362
KHM,national,national,1994,513.967147968351
KHM,national,national,1995,520.926883186259
KHM,national,national,1996,511.670349596777
KHM,national,national,1997,496.770551311204
KHM,national,national,1998,499.016649050995
KHM,national,national,1999,552.901492232515
KHM,national,national,2000,598.561915252147
KHM,national,national,2001,632.833573980849
KHM,national,national,2002,662.188341283454
KHM,national,national,2003,719.333494240509
KHM,national,national,2004,775.847139030978
KHM,national,national,2005,866.340290123209
KHM,national,national,2006,947.065220050691
KHM,national,national,2007,1030.23117620792
KHM,national,national,2008,1090.57475806147
KHM,national,national,2009,1117.25834194514
KHM,national,national,2010,1155.85236856699
KHM,national,national,2011,1221.38839852454
KHM,national,national,2012,1295.25271477893
KHM,national,national,2013,1376.29557595926
KHM,national,national,2014,1464.53115866927
KHM,national,national,2015,1547.32010444393
KHM,national,national,2016,1645.46671578126
KHM,national,national,2017,1753.93530504662
KHM,national,national,2018,1884.28374817086
KHM,national,national,2019,2008.32094006706
KHM,national,national,2020,1908.63427518336
KHM,national,national,2021,1938.76436741728
KHM,national,national,2022,2010.76673658328
KHM,national,national,2023,2083.59301849948
KHM,national,national,2024,2176.30252048014
KHM,national,national,2025,2236.94882246222
KHM,national,national,2026,2310.90454050572
KHM,national,national,2027,2401.823301323
KHM,national,national,2028,2497.56378740549
KHM,national,national,2029,2598.54035127182
KHM,national,national,2030,2706.5403968258
KIR,national,national,1970,1473.59705796086
KIR,national,national,1971,1411.81578729325
KIR,national,national,1972,1552.54646406197
KIR,national,national,1973,1844.89991222101
KIR,national,national,1974,2663.39389676594
KIR,national,national,1975,2816.41012049413
KIR,national,national,1976,2073.59109217369
KIR,national,national,1977,1990.87497135555
KIR,national,national,1978,2025.51458714859
KIR,national,national,1979,1781.69204330242
KIR,national,national,1980,1734.32994559361
KIR,national,national,1981,1811.68113801607
KIR,national,national,1982,1763.17910219659
KIR,national,national,1983,1565.11839160727
KIR,national,national,1984,1754.01221606002
KIR,national,national,1985,1492.76032624447
KIR,national,national,1986,1422.51648576931
KIR,national,national,1987,1406.31566848507
KIR,national,national,1988,1675.63809024261
KIR,national,national,1989,1516.91504310773
KIR,national,national,1990,1387.65291745794
KIR,national,national,1991,1283.34636341684
KIR,national,national,1992,1564.72311281185
KIR,national,national,1993,1539.30445964374
KIR,national,national,1994,1547.62397647288
KIR,national,national,1995,1566.47246119761
KIR,national,national,1996,1539.33665080748
KIR,national,national,1997,1529.24949484426
KIR,national,national,1998,1569.02701626793
KIR,national,national,1999,1482.19199839683
KIR,national,national,2000,1555.58163876136
KIR,national,national,2001,1477.95152090297
KIR,national,national,2002,1467.99249991305
KIR,national,national,2003,1415.54587814327
KIR,national,national,2004,1378.95845078454
KIR,national,national,2005,1368.99725739118
KIR,national,national,2006,1419.38693237616
KIR,national,national,2007,1433.35742787716
KIR,national,national,2008,1361.83585343997
KIR,national,national,2009,1340.27572148771
KIR,national,national,2010,1328.78757544885
KIR,national,national,2011,1348.060276659
KIR,national,national,2012,1405.5027269033
KIR,national,national,2013,1493.49114108782
KIR,national,national,2014,1492.85058580954
KIR,national,national,2015,1639.85274301496
KIR,national,national,2016,1731.43693361219
KIR,national,national,2017,1769.51190858639
KIR,national,national,2018,1803.94864497849
KIR,national,national,2019,1835.21962590991
KIR,national,national,2020,1793.38536230105
KIR,national,national,2021,1911.69443416476
KIR,national,national,2022,1954.50275057384
KIR,national,national,2023,2003.46946759298
KIR,national,national,2024,2086.8272649554
KIR,national,national,2025,2136.9184190361
KIR,national,national,2026,2169.91324504426
KIR,national,national,2027,2186.78725251126
KIR,national,national,2028,2199.46996560115
KIR,national,national,2029,2212.14282524013
KIR,national,national,2030,2223.826179483
KNA,national,national,1977,4474.44162151065
KNA,national,national,1978,4664.55711811818
KNA,national,national,1979,5040.41499881822
KNA,national,national,1980,5489.17511917791
KNA,national,national,1981,5593.93046876973
KNA,national,national,1982,5646.52293616151
KNA,national,national,1983,5740.25408985267
KNA,national,national,1984,6281.96829091358
KNA,national,national,1985,6858.00144737872
KNA,national,national,1986,7649.33908016446
KNA,national,national,1987,8203.61881033902
KNA,national,national,1988,9022.84351759517
KNA,national,national,1989,9588.26287871082
KNA,national,national,1990,10136.986550185
KNA,national,national,1991,9966.20374372867
KNA,national,national,1992,10300.5415354294
KNA,national,national,1993,10860.6034990877
KNA,national,national,1994,11290.2168438156
KNA,national,national,1995,11743.3784162332
KNA,national,national,1996,12269.7967435843
KNA,national,national,1997,12940.7852855874
KNA,national,national,1998,12710.9629751883
KNA,national,national,1999,12942.857504219
KNA,national,national,2000,14039.0281125333
KNA,national,national,2001,14610.9099610508
KNA,national,national,2002,14727.3908829316
KNA,national,national,2003,14100.3067967234
KNA,national,national,2004,14619.795111247
KNA,national,national,2005,16000.5658929826
KNA,national,national,2006,16457.8622372067
KNA,national,national,2007,16508.1437081315
KNA,national,national,2008,18325.7612670282
KNA,national,national,2009,17671.2547069735
KNA,national,national,2010,17688.0690103409
KNA,national,national,2011,17958.6813977053
KNA,national,national,2012,17770.4963640576
KNA,national,national,2013,18773.8926898397
KNA,national,national,2014,20187.8061975481
KNA,national,national,2015,20328.8003530109
KNA,national,national,2016,21133.6575914414
KNA,national,national,2017,21191.6047083703
KNA,national,national,2018,21635.4972146482
KNA,national,national,2019,22274.591411543
KNA,national,national,2020,18887.4362551531
KNA,national,national,2021,19021.4594824501
KNA,national,national,2022,21047.3636286568
KNA,national,national,2023,21505.7244171915
KNA,national,national,2024,22417.3423076077
KNA,national,national,2025,23922.6924890031
KNA,national,national,2026,25534.0915154475
KNA,national,national,2027,27259.3037875297
KNA,national,national,2028,27939.978716306
KNA,national,national,2029,28690.5530518248
KNA,national,national,2030,29412.2902804618
KOR,national,national,1960,1027.65478060417
KOR,national,national,1961,1066.80385223795
KOR,national,national,1962,1077.11603032602
KOR,national,national,1963,1142.0276294736
KOR,national,national,1964,1217.94699410879
KOR,national,national,1965,1274.2724441705
KOR,national,national,1966,1391.67246263597
KOR,national,national,1967,1482.99525342715
KOR,national,national,1968,1639.75015442225
KOR,national,national,1969,1836.47870739596
KOR,national,national,1970,1977.42941286358
KOR,national,national,1971,2143.28913020771
KOR,national,national,1972,2255.20673616978
KOR,national,national,1973,2545.77754274699
KOR,national,national,1974,2740.58529939811
KOR,national,national,1975,2906.15049933566
KOR,national,national,1976,3238.2698721178
KOR,national,national,1977,3581.46823922047
KOR,national,national,1978,3913.83317387391
KOR,national,national,1979,4189.18148771045
KOR,national,national,1980,4056.5260070304
KOR,national,national,1981,4283.11960147149
KOR,national,national,1982,4569.08717491563
KOR,national,national,1983,5104.44809742942
KOR,national,national,1984,5573.84271916316
KOR,national,national,1985,5951.87908924407
KOR,national,national,1986,6560.47967201762
KOR,national,national,1987,7322.71986885993
KOR,national,national,1988,8120.63968724428
KOR,national,national,1989,8609.42611390093
KOR,national,national,1990,9367.09258686755
KOR,national,national,1991,10274.4827454694
KOR,national,national,1992,10798.561680692
KOR,national,national,1993,11424.5851330612
KOR,national,national,1994,12358.5180229628
KOR,national,national,1995,13411.1119170158
KOR,national,national,1996,14332.1367231987
KOR,national,national,1997,15074.4883429924
KOR,national,national,1998,14198.386270755
KOR,national,national,1999,15714.4119484746
KOR,national,national,2000,16995.5591864626
KOR,national,national,2001,17684.0503773277
KOR,national,national,2002,18940.3842233935
KOR,national,national,2003,19435.4934104303
KOR,national,national,2004,20364.7599656771
KOR,national,national,2005,21197.1990880347
KOR,national,national,2006,22196.2077459266
KOR,national,national,2007,23365.1402064812
KOR,national,national,2008,23887.0595538423
KOR,national,national,2009,23952.8132191069
KOR,national,national,2010,25455.6174843658
KOR,national,national,2011,26191.6442615421
KOR,national,national,2012,26680.2754448705
KOR,national,national,2013,27399.6159477521
KOR,national,national,2014,28100.0102759544
KOR,national,national,2015,28737.4391706499
KOR,national,national,2016,29467.124342556
KOR,national,national,2017,30312.8888500809
KOR,national,national,2018,31059.2668087927
KOR,national,national,2019,31645.9498343307
KOR,national,national,2020,31378.1579340648
KOR,national,national,2021,32771.0724243229
KOR,national,national,2022,33690.3788793046
KOR,national,national,2023,34121.0211756766
KOR,national,national,2024,34942.1584365906
KOR,national,national,2025,35601.0043648248
KOR,national,national,2026,36599.4133140377
KOR,national,national,2027,37457.3903393277
KOR,national,national,2028,38300.1805356983
KOR,national,national,2029,39105.8277057802
KOR,national,national,2030,39879.789834491
KWT,national,national,1960,64388.7530781088
KWT,national,national,1961,58350.6865078065
KWT,national,national,1962,59090.899916007
KWT,national,national,1963,56605.2969373337
KWT,national,national,1964,56543.6124866503
KWT,national,national,1965,52587.396126912
KWT,national,national,1966,53742.5776578916
KWT,national,national,1967,50076.5586002318
KWT,national,national,1968,49832.6246361657
KWT,national,national,1969,46845.1345360231
KWT,national,national,1970,68591.7072405807
KWT,national,national,1971,68673.3288572346
KWT,national,national,1972,67066.7398498353
KWT,national,national,1973,58987.7696963038
KWT,national,national,1974,48324.5307174264
KWT,national,national,1975,39840.7599309817
KWT,national,national,1976,39811.7352388742
KWT,national,national,1977,35866.60554377
KWT,national,national,1978,36140.3244544664
KWT,national,national,1979,38757.8066581846
KWT,national,national,1980,29547.7548248932
KWT,national,national,1981,22766.1031819434
KWT,national,national,1982,19135.9122832081
KWT,national,national,1983,19686.2017923291
KWT,national,national,1984,19848.7792766845
KWT,national,national,1985,18264.4443904523
KWT,national,national,1986,19042.3787729438
KWT,national,national,1987,19786.3644452903
KWT,national,national,1988,17116.0655926444
KWT,national,national,1989,20743.6867254266
KWT,national,national,1990,20140.7833621894
KWT,national,national,1991,14812.92001334
KWT,national,national,1992,22382.8419489494
KWT,national,national,1993,29323.8531051883
KWT,national,national,1994,31946.4900872792
KWT,national,national,1995,33156.8471720356
KWT,national,national,1996,32417.9626222646
KWT,national,national,1997,32152.4365708657
KWT,national,national,1998,32306.6685512895
KWT,national,national,1999,30798.0945469691
KWT,national,national,2000,31341.9779145225
KWT,national,national,2001,30573.4282591058
KWT,national,national,2002,30702.21604281
KWT,national,national,2003,35169.6333859206
KWT,national,national,2004,37918.5403803743
KWT,national,national,2005,40451.2549496189
KWT,national,national,2006,41137.9697079252
KWT,national,national,2007,41113.8691746555
KWT,national,national,2008,39852.5126986897
KWT,national,national,2009,35124.0852064802
KWT,national,national,2010,32568.5149842886
KWT,national,national,2011,33545.3460715444
KWT,national,national,2012,33578.3308233506
KWT,national,national,2013,32311.1795193025
KWT,national,national,2014,31073.1534776392
KWT,national,national,2015,29882.2126867068
KWT,national,national,2016,29454.4421199637
KWT,national,national,2017,27048.3705363937
KWT,national,national,2018,26706.0190338255
KWT,national,national,2019,26580.226300826
KWT,national,national,2020,25541.50749746
KWT,national,national,2021,26354.9456744811
KWT,national,national,2022,26508.4604683157
KWT,national,national,2023,24155.1872264077
KWT,national,national,2024,23037.1328122995
KWT,national,national,2025,23153.4363762679
KWT,national,national,2026,23435.8101989484
KWT,national,national,2027,23781.6033285961
KWT,national,national,2028,23838.0348734966
KWT,national,national,2029,23901.0793696188
KWT,national,national,2030,23957.5976879386
LAO,national,national,1960,351.929508136634
LAO,national,national,1961,355.581176184744
LAO,national,national,1962,359.232844232855
LAO,national,national,1963,362.428053774951
LAO,national,national,1964,366.079721823061
LAO,national,national,1965,369.731389871172
LAO,national,national,1966,373.383057919282
LAO,national,national,1967,377.034725967392
LAO,national,national,1968,380.686394015503
LAO,national,national,1969,384.338062063613
LAO,national,national,1970,387.989730111723
LAO,national,national,1971,399.401192762068
LAO,national,national,1972,404.42223632822
LAO,national,national,1973,430.89682967702
LAO,national,national,1974,437.287248761213
LAO,national,national,1975,456.002047507779
LAO,national,national,1976,466.957051652109
LAO,national,national,1977,453.263296471696
LAO,national,national,1978,452.350379459668
LAO,national,national,1979,440.938916809323
LAO,national,national,1980,481.107265338537
LAO,national,national,1981,544.445619969504
LAO,national,national,1982,557.279202666257
LAO,national,national,1983,559.580460372713
LAO,national,national,1984,579.867782983835
LAO,national,national,1985,592.627301998099
LAO,national,national,1986,604.331788271833
LAO,national,national,1987,579.022620522311
LAO,national,national,1988,551.363163716143
LAO,national,national,1989,611.822069881845
LAO,national,national,1990,634.525297009385
LAO,national,national,1991,643.410259077746
LAO,national,national,1992,660.633861954064
LAO,national,national,1993,680.964153708638
LAO,national,national,1994,717.509245108717
LAO,national,national,1995,749.234741728538
LAO,national,national,1996,782.683156535545
LAO,national,national,1997,819.205851313643
LAO,national,national,1998,836.088098507116
LAO,national,national,1999,881.634129609675
LAO,national,national,2000,917.228038617529
LAO,national,national,2001,954.123505414634
LAO,national,national,2002,994.492241963795
LAO,national,national,2003,1038.71192767783
LAO,national,national,2004,1088.76034728831
LAO,national,national,2005,1148.68153852071
LAO,national,national,2006,1228.08927619923
LAO,national,national,2007,1301.08597549864
LAO,national,national,2008,1381.73754223953
LAO,national,national,2009,1463.3379666846
LAO,national,national,2010,1564.91068311647
LAO,national,national,2011,1666.40086189871
LAO,national,national,2012,1774.63585203672
LAO,national,national,2013,1890.27861294875
LAO,national,national,2014,2006.31195444447
LAO,national,national,2015,2121.01339097363
LAO,national,national,2016,2234.76098741846
LAO,national,national,2017,2351.57441747595
LAO,national,national,2018,2459.97874636195
LAO,national,national,2019,2554.95638019245
LAO,national,national,2020,2529.74622698761
LAO,national,national,2021,2556.58912640405
LAO,national,national,2022,2589.05015191628
LAO,national,national,2023,2648.88726608035
LAO,national,national,2024,2720.51669407423
LAO,national,national,2025,2779.7526042932
LAO,national,national,2026,2839.15826633789
LAO,national,national,2027,2900.2038400958
LAO,national,national,2028,2922.41536935753
LAO,national,national,2029,2944.95212781484
LAO,national,national,2030,2968.6012183729
LBN,national,national,1960,5289.49142742842
LBN,national,national,1961,5485.16256591725
LBN,national,national,1962,5541.58866166752
LBN,national,national,1963,5436.01725671541
LBN,national,national,1964,5602.56524901056
LBN,national,national,1965,5981.16614952849
LBN,national,national,1966,6198.67964766259
LBN,national,national,1967,5729.06891528938
LBN,national,national,1968,6257.83603836851
LBN,national,national,1969,6210.51092580377
LBN,national,national,1970,6447.13648862748
LBN,national,national,1971,6855.77063365765
LBN,national,national,1972,7488.28896505179
LBN,national,national,1973,7642.0955808872
LBN,national,national,1974,7629.35420442747
LBN,national,national,1975,5225.78454512973
LBN,national,national,1976,2222.46009390575
LBN,national,national,1977,4019.90427304737
LBN,national,national,1978,3838.79470765538
LBN,national,national,1979,4128.20597295515
LBN,national,national,1980,4193.73305189094
LBN,national,national,1981,4128.30577462091
LBN,national,national,1982,2573.07516158722
LBN,national,national,1983,3119.96029743399
LBN,national,national,1984,4427.09535440521
LBN,national,national,1985,5395.10821576491
LBN,national,national,1986,4906.12998049046
LBN,national,national,1987,5586.93464218034
LBN,national,national,1988,3934.02937659685
LBN,national,national,1989,2218.62643641084
LBN,national,national,1990,2752.72442253257
LBN,national,national,1991,4031.19474543924
LBN,national,national,1992,4595.5808332577
LBN,national,national,1993,4992.69878232449
LBN,national,national,1994,5301.41584672248
LBN,national,national,1995,5542.2265103529
LBN,national,national,1996,6054.52911921482
LBN,national,national,1997,6008.75855385657
LBN,national,national,1998,6120.45672717024
LBN,national,national,1999,5982.41788354308
LBN,national,national,2000,5958.97836750301
LBN,national,national,2001,6085.76041420146
LBN,national,national,2002,6207.24133893746
LBN,national,national,2003,6319.76518298647
LBN,national,national,2004,6633.75258002393
LBN,national,national,2005,6707.18024635316
LBN,national,national,2006,6696.37428200596
LBN,national,national,2007,7179.34520092306
LBN,national,national,2008,7701.29823027979
LBN,national,national,2009,8375.48851252821
LBN,national,national,2010,8955.54336184707
LBN,national,national,2011,8936.20027462737
LBN,national,national,2012,8920.8056984673
LBN,national,national,2013,8443.53856528784
LBN,national,national,2014,7830.4151113336
LBN,national,national,2015,7714.1099998804
LBN,national,national,2016,8019.1416913426
LBN,national,national,2017,8305.57405425721
LBN,national,national,2018,8388.7235123835
LBN,national,national,2019,8064.04873416236
LBN,national,national,2020,6440.82843092922
LBN,national,national,2021,5973.41933892988
LBN,national,national,2022,5909.03651555028
LBN,national,national,2023,6016.51653394328
LBN,national,national,2024,5559.28912781862
LBN,national,national,2025,5779.87733413135
LBN,national,national,2026,5230.40021549974
LBN,national,national,2027,5019.03669869847
LBN,national,national,2028,NA
LBN,national,national,2029,NA
LBN,national,national,2030,NA
LBR,national,national,1960,2444.31469526757
LBR,national,national,1961,2443.49659480131
LBR,national,national,1962,2415.69266041905
LBR,national,national,1963,2409.4954202823
LBR,national,national,1964,2470.56791446524
LBR,national,national,1965,2524.01173421628
LBR,national,national,1966,2650.22595716575
LBR,national,national,1967,2758.08976875735
LBR,national,national,1968,2816.84664683349
LBR,national,national,1969,2945.89004216618
LBR,national,national,1970,3062.76012670052
LBR,national,national,1971,3133.08794246405
LBR,national,national,1972,3181.18745918364
LBR,national,national,1973,3029.07698774212
LBR,national,national,1974,3089.60241101354
LBR,national,national,1975,2902.91706211827
LBR,national,national,1976,2974.92235227576
LBR,national,national,1977,2938.3808063932
LBR,national,national,1978,2991.43152973263
LBR,national,national,1979,2999.25307157856
LBR,national,national,1980,2792.03699789523
LBR,national,national,1981,2653.14625045204
LBR,national,national,1982,2514.92132162384
LBR,national,national,1983,2394.57437804073
LBR,national,national,1984,2272.71154024111
LBR,national,national,1985,2185.92809767452
LBR,national,national,1986,2085.95288219421
LBR,national,national,1987,2005.365759545
LBR,national,national,1988,1908.45304051582
LBR,national,national,1989,1360.08049123405
LBR,national,national,1990,754.134009462384
LBR,national,national,1991,735.180658658157
LBR,national,national,1992,450.538677691808
LBR,national,national,1993,290.388920233659
LBR,national,national,1994,227.742776021788
LBR,national,national,1995,216.093554614513
LBR,national,national,1996,235.435058248512
LBR,national,national,1997,449.286058616964
LBR,national,national,1998,528.670341826706
LBR,national,national,1999,609.040903258705
LBR,national,national,2000,754.850917360951
LBR,national,national,2001,754.422355762017
LBR,national,national,2002,762.716393927064
LBR,national,national,2003,528.567395543421
LBR,national,national,2004,535.995882066218
LBR,national,national,2005,539.665378841936
LBR,national,national,2006,551.377446611852
LBR,national,national,2007,574.609394348543
LBR,national,national,2008,591.185378141907
LBR,national,national,2009,603.256211077605
LBR,national,national,2010,621.783295071575
LBR,national,national,2011,646.908727016597
LBR,national,national,2012,674.360011422232
LBR,national,national,2013,717.007280358975
LBR,national,national,2014,707.157694930142
LBR,national,national,2015,692.590082351257
LBR,national,national,2016,668.031513175601
LBR,national,national,2017,671.260899835355
LBR,national,national,2018,665.875439637137
LBR,national,national,2019,636.699384824869
LBR,national,national,2020,605.025475431411
LBR,national,national,2021,621.927983063426
LBR,national,national,2022,638.005183858289
LBR,national,national,2023,653.329188343162
LBR,national,national,2024,670.425735426804
LBR,national,national,2025,690.062192799062
LBR,national,national,2026,712.750924292024
LBR,national,national,2027,736.659738513611
LBR,national,national,2028,762.049740358519
LBR,national,national,2029,788.072010662951
LBR,national,national,2030,813.671432933098
LBY,national,national,1960,2818.01054981575
LBY,national,national,1961,2971.84367839673
LBY,national,national,1962,3777.5309453831
LBY,national,national,1963,4893.76778426124
LBY,national,national,1964,6843.4814499726
LBY,national,national,1965,8525.2050717474
LBY,national,national,1966,9863.91368888797
LBY,national,national,1967,10676.1021152589
LBY,national,national,1968,13891.9893383714
LBY,national,national,1969,15230.4046797114
LBY,national,national,1970,15460.2338332372
LBY,national,national,1971,14161.8807376114
LBY,national,national,1972,14950.5563277566
LBY,national,national,1973,14659.8970274195
LBY,national,national,1974,17044.2198549165
LBY,national,national,1975,16770.0269191519
LBY,national,national,1976,19473.6763289922
LBY,national,national,1977,20018.4295248634
LBY,national,national,1978,19521.5919192401
LBY,national,national,1979,20077.740120192
LBY,national,national,1980,19090.5503735732
LBY,national,national,1981,14587.3858912799
LBY,national,national,1982,14580.8924435817
LBY,national,national,1983,14242.6127542805
LBY,national,national,1984,13328.5893545722
LBY,national,national,1985,13975.0974777952
LBY,national,national,1986,12022.664788855
LBY,national,national,1987,9976.13024516634
LBY,national,national,1988,10458.6701898418
LBY,national,national,1989,10940.1407021471
LBY,national,national,1990,11085.9439949716
LBY,national,national,1991,12541.6926152482
LBY,national,national,1992,11949.2275026865
LBY,national,national,1993,11274.3452230872
LBY,national,national,1994,11280.3829303475
LBY,national,national,1995,10839.2802241884
LBY,national,national,1996,10891.8055687803
LBY,national,national,1997,11284.7780739062
LBY,national,national,1998,10722.8700734717
LBY,national,national,1999,10643.1452796026
LBY,national,national,2000,10853.8059516526
LBY,national,national,2001,10467.8776146012
LBY,national,national,2002,10170.3095776338
LBY,national,national,2003,11267.0627623548
LBY,national,national,2004,11529.1086646221
LBY,national,national,2005,12628.896152656
LBY,national,national,2006,13176.7758911904
LBY,national,national,2007,13712.9602583972
LBY,national,national,2008,13403.0004645911
LBY,national,national,2009,12549.0854345521
LBY,national,national,2010,12913.9334939386
LBY,national,national,2011,6569.59477578957
LBY,national,national,2012,12599.258882136
LBY,national,national,2013,10126.314927806
LBY,national,national,2014,7644.24843947404
LBY,national,national,2015,7458.48917756374
LBY,national,national,2016,7236.16409923502
LBY,national,national,2017,9435.60060040046
LBY,national,national,2018,10020.9165751361
LBY,national,national,2019,8768.4104874586
LBY,national,national,2020,6102.79864032512
LBY,national,national,2021,7733.39007562927
LBY,national,national,2022,7008.20648391963
LBY,national,national,2023,7633.45142779936
LBY,national,national,2024,7742.64844349982
LBY,national,national,2025,8602.42936880505
LBY,national,national,2026,9057.37076431605
LBY,national,national,2027,9450.77273625443
LBY,national,national,2028,9531.21942626544
LBY,national,national,2029,9626.92470707968
LBY,national,national,2030,9744.29696251622
LCA,national,national,1960,2364.42027006651
LCA,national,national,1961,2442.72159184281
LCA,national,national,1962,2514.0317241748
LCA,national,national,1963,2585.34185650679
LCA,national,national,1964,2656.65198883878
LCA,national,national,1965,2720.97093172645
LCA,national,national,1966,2781.09516094754
LCA,national,national,1967,2846.81234172408
LCA,national,national,1968,2923.71542561152
LCA,national,national,1969,3006.21146105441
LCA,national,national,1970,3080.31806916412
LCA,national,national,1971,3167.00881827359
LCA,national,national,1972,3186.58414871767
LCA,national,national,1973,3171.20353194018
LCA,national,national,1974,3294.24846616008
LCA,national,national,1975,3394.92159415818
LCA,national,national,1976,3943.03084659229
LCA,national,national,1977,4232.46608958683
LCA,national,national,1978,4600.43397394654
LCA,national,national,1979,4706.09254781427
LCA,national,national,1980,4533.62357512215
LCA,national,national,1981,4745.08370520503
LCA,national,national,1982,4768.48153100327
LCA,national,national,1983,4926.92025160174
LCA,national,national,1984,5200.7499510728
LCA,national,national,1985,5540.55750653423
LCA,national,national,1986,6238.05096078739
LCA,national,national,1987,6386.07940049669
LCA,national,national,1988,7178.19474081266
LCA,national,national,1989,7736.22301526997
LCA,national,national,1990,8418.44604587137
LCA,national,national,1991,8349.35218508229
LCA,national,national,1992,8879.91639652586
LCA,national,national,1993,8800.64241746154
LCA,national,national,1994,8808.69845751702
LCA,national,national,1995,8822.51623633759
LCA,national,national,1996,8945.87928585249
LCA,national,national,1997,8759.58298004024
LCA,national,national,1998,9183.36781077142
LCA,national,national,1999,9306.77671554942
LCA,national,national,2000,9198.95514428292
LCA,national,national,2001,8795.56131122949
LCA,national,national,2002,8755.47481325578
LCA,national,national,2003,9054.08372936543
LCA,national,national,2004,9637.39498682298
LCA,national,national,2005,9527.60147386254
LCA,national,national,2006,10045.6680952106
LCA,national,national,2007,10147.461117218
LCA,national,national,2008,10583.4496563264
LCA,national,national,2009,10219.8203998162
LCA,national,national,2010,10191.3326312581
LCA,national,national,2011,10576.9166019205
LCA,national,national,2012,10517.2962861137
LCA,national,national,2013,10259.9336790247
LCA,national,national,2014,10369.9770417343
LCA,national,national,2015,10334.9225558425
LCA,national,national,2016,10644.1189999038
LCA,national,national,2017,10960.6049819498
LCA,national,national,2018,11233.9485189504
LCA,national,national,2019,11114.7780538251
LCA,national,national,2020,8379.30975677286
LCA,national,national,2021,9337.0177901296
LCA,national,national,2022,11224.2497461512
LCA,national,national,2023,11440.0632358822
LCA,national,national,2024,11807.7191120827
LCA,national,national,2025,12113.6494274516
LCA,national,national,2026,12375.0188332767
LCA,national,national,2027,12594.5504422522
LCA,national,national,2028,12736.016903885
LCA,national,national,2029,12846.1265188344
LCA,national,national,2030,12957.1881013137
LIE,national,national,2015,167187.15730982
LKA,national,national,1960,664.198528878875
LKA,national,national,1961,659.69330629927
LKA,national,national,1962,668.380473346022
LKA,national,national,1963,668.638101759368
LKA,national,national,1964,677.909334565534
LKA,national,national,1965,678.325615318281
LKA,national,national,1966,695.398031901797
LKA,national,national,1967,722.512489513696
LKA,national,national,1968,746.26918114991
LKA,national,national,1969,785.271601767386
LKA,national,national,1970,797.342745308048
LKA,national,national,1971,790.722371167036
LKA,national,national,1972,771.658787144285
LKA,national,national,1973,810.196818472345
LKA,national,national,1974,825.877693629096
LKA,national,national,1975,860.734587486044
LKA,national,national,1976,873.466901047582
LKA,national,national,1977,901.513326678551
LKA,national,national,1978,935.127409816324
LKA,national,national,1979,976.617327373137
LKA,national,national,1980,1015.02750814793
LKA,national,national,1981,1055.01334318152
LKA,national,national,1982,1085.25524122931
LKA,national,national,1983,1129.94297855549
LKA,national,national,1984,1183.47937194525
LKA,national,national,1985,1234.46862571907
LKA,national,national,1986,1272.91465633627
LKA,national,national,1987,1279.80364857171
LKA,national,national,1988,1298.2319973552
LKA,national,national,1989,1314.19247750419
LKA,national,national,1990,1389.41614689913
LKA,national,national,1991,1442.48817179149
LKA,national,national,1992,1482.2129390932
LKA,national,national,1993,1557.81148949391
LKA,national,national,1994,1621.25577136014
LKA,national,national,1995,1682.35144165772
LKA,national,national,1996,1713.0273181187
LKA,national,national,1997,1788.4742268416
LKA,national,national,1998,1837.4826670222
LKA,national,national,1999,1881.22600963848
LKA,national,national,2000,1958.09806795553
LKA,national,national,2001,1897.61149519367
LKA,national,national,2002,1952.38679401121
LKA,national,national,2003,2053.25202647413
LKA,national,national,2004,2150.38565090357
LKA,national,national,2005,2270.03856484018
LKA,national,national,2006,2427.79314044729
LKA,national,national,2007,2575.07565490193
LKA,national,national,2008,2710.19836602213
LKA,national,national,2009,2788.93277634451
LKA,national,national,2010,2994.79585926731
LKA,national,national,2011,3234.29773884142
LKA,national,national,2012,3486.86498954517
LKA,national,national,2013,3731.15570563116
LKA,national,national,2014,3932.2601057325
LKA,national,national,2015,4060.13139670248
LKA,national,national,2016,4217.25021944232
LKA,national,national,2017,4440.51155042957
LKA,national,national,2018,4495.71046284418
LKA,national,national,2019,4458.43442725849
LKA,national,national,2020,4229.74962899734
LKA,national,national,2021,4360.56656284016
LKA,national,national,2022,4035.65116324423
LKA,national,national,2023,3968.6762893616
LKA,national,national,2024,4142.98078614226
LKA,national,national,2025,4266.27133291601
LKA,national,national,2026,4375.97930656723
LKA,national,national,2027,4489.59546976328
LKA,national,national,2028,NA
LKA,national,national,2029,NA
LKA,national,national,2030,NA
LSO,national,national,1960,262.740430477896
LSO,national,national,1961,259.766244822179
LSO,national,national,1962,290.783296423173
LSO,national,national,1963,312.241145215823
LSO,national,national,1964,328.198191287611
LSO,national,national,1965,325.590538885237
LSO,national,national,1966,314.05528569707
LSO,national,national,1967,336.08707480963
LSO,national,national,1968,322.801616409112
LSO,national,national,1969,316.095837742896
LSO,national,national,1970,311.547635974626
LSO,national,national,1971,316.016165909906
LSO,national,national,1972,304.474412653521
LSO,national,national,1973,371.74336550207
LSO,national,national,1974,398.583050725907
LSO,national,national,1975,333.011647916614
LSO,national,national,1976,358.129667050375
LSO,national,national,1977,423.805354129932
LSO,national,national,1978,487.351455588325
LSO,national,national,1979,487.16604508229
LSO,national,national,1980,460.201617282317
LSO,national,national,1981,450.102526288964
LSO,national,national,1982,456.70895712652
LSO,national,national,1983,452.520331729117
LSO,national,national,1984,464.085693764499
LSO,national,national,1985,462.892172294155
LSO,national,national,1986,472.432855957162
LSO,national,national,1987,465.473147313833
LSO,national,national,1988,494.921891483579
LSO,national,national,1989,513.106302889949
LSO,national,national,1990,533.824964193999
LSO,national,national,1991,560.884905718596
LSO,national,national,1992,590.008212092485
LSO,national,national,1993,601.55791413154
LSO,national,national,1994,628.960051227201
LSO,national,national,1995,641.758711944969
LSO,national,national,1996,670.469581774155
LSO,national,national,1997,689.806218455005
LSO,national,national,1998,696.935973937753
LSO,national,national,1999,698.441087182066
LSO,national,national,2000,725.263668707773
LSO,national,national,2001,752.243212493971
LSO,national,national,2002,760.033443180306
LSO,national,national,2003,798.540500554454
LSO,national,national,2004,817.793597897186
LSO,national,national,2005,853.960500629797
LSO,national,national,2006,893.750686627156
LSO,national,national,2007,927.26863327342
LSO,national,national,2008,971.881366821351
LSO,national,national,2009,952.747929746529
LSO,national,national,2010,995.233432451681
LSO,national,national,2011,1031.99721564343
LSO,national,national,2012,1086.39034816283
LSO,national,national,2013,1093.95323489272
LSO,national,national,2014,1100.04993684215
LSO,national,national,2015,1121.19851342518
LSO,national,national,2016,1147.58748801671
LSO,national,national,2017,1097.82166812752
LSO,national,national,2018,1068.44462913373
LSO,national,national,2019,1040.99351014117
LSO,national,national,2020,944.834118658555
LSO,national,national,2021,955.221236301503
LSO,national,national,2022,967.51928598325
LSO,national,national,2023,974.382482849023
LSO,national,national,2024,989.63830586055
LSO,national,national,2025,993.473754016573
LSO,national,national,2026,991.502449249533
LSO,national,national,2027,986.700948426422
LSO,national,national,2028,988.590882132604
LSO,national,national,2029,991.229076095171
LSO,national,national,2030,995.705418032592
LTU,national,national,1973,7303.82660037977
LTU,national,national,1980,7684.61769224457
LTU,national,national,1981,7959.80111203909
LTU,national,national,1982,8239.81231112826
LTU,national,national,1983,8278.43454548539
LTU,national,national,1984,8325.50539360814
LTU,national,national,1985,8018.33793598661
LTU,national,national,1986,8247.65745248206
LTU,national,national,1987,8346.62692802219
LTU,national,national,1988,8962.1687880889
LTU,national,national,1989,8866.82014701974
LTU,national,national,1990,8333.35053496193
LTU,national,national,1991,7847.01718127491
LTU,national,national,1992,6185.53510851476
LTU,national,national,1993,5206.44255362131
LTU,national,national,1994,4730.69622192068
LTU,national,national,1995,4924.09657364995
LTU,national,national,1996,5211.10009196454
LTU,national,national,1997,5685.44881050537
LTU,national,national,1998,6154.17226900569
LTU,national,national,1999,6129.99860515858
LTU,national,national,2000,6384.30864873307
LTU,national,national,2001,6854.52505220435
LTU,national,national,2002,7374.09777788834
LTU,national,national,2003,8218.69324974821
LTU,national,national,2004,8851.92600601146
LTU,national,national,2005,9692.86837221713
LTU,national,national,2006,10577.214234025
LTU,national,national,2007,11889.354545844
LTU,national,national,2008,12324.5195097128
LTU,national,national,2009,10612.9203246688
LTU,national,national,2010,10884.1160456797
LTU,national,national,2011,11836.7199700848
LTU,national,national,2012,12522.3408614335
LTU,national,national,2013,13161.6342669635
LTU,national,national,2014,13776.1052981213
LTU,national,national,2015,14300.2553666736
LTU,national,national,2016,14870.1049461514
LTU,national,national,2017,15775.00059445
LTU,national,national,2018,16709.5561779447
LTU,national,national,2019,17537.4819556631
LTU,national,national,2020,17540.2948595021
LTU,national,national,2021,18619.7026827218
LTU,national,national,2022,18884.5148575051
LTU,national,national,2023,18685.551945873
LTU,national,national,2024,19139.886315024
LTU,national,national,2025,19724.8444395346
LTU,national,national,2026,20248.8185604499
LTU,national,national,2027,20787.2716608126
LTU,national,national,2028,21459.2981903044
LTU,national,national,2029,22144.092893505
LTU,national,national,2030,22848.3157483612
LUX,national,national,1960,27861.1688948029
LUX,national,national,1961,28665.756752807
LUX,national,national,1962,28701.496428869
LUX,national,national,1963,29381.7015829684
LUX,national,national,1964,31339.8677164892
LUX,national,national,1965,30757.6226181151
LUX,national,national,1966,30874.710795449
LUX,national,national,1967,30840.0249219752
LUX,national,national,1968,32048.5354843166
LUX,national,national,1969,35072.3830257911
LUX,national,national,1970,35513.8009854427
LUX,national,national,1971,36114.9765484434
LUX,national,national,1972,38033.7401625331
LUX,national,national,1973,40742.7918500131
LUX,national,national,1974,41908.9752721689
LUX,national,national,1975,38729.5604581864
LUX,national,national,1976,39515.0353486263
LUX,national,national,1977,40065.6914169583
LUX,national,national,1978,41623.6010396531
LUX,national,national,1979,42500.2548997291
LUX,national,national,1980,42705.3385418472
LUX,national,national,1981,42345.0451531547
LUX,national,national,1982,42788.9485611364
LUX,national,national,1983,44056.251468465
LUX,national,national,1984,46733.9235529516
LUX,national,national,1985,47945.8483699444
LUX,national,national,1986,52496.6662006102
LUX,national,national,1987,54218.2753941324
LUX,national,national,1988,58381.7542558669
LUX,national,national,1989,63481.5847355331
LUX,national,national,1990,66027.0758007817
LUX,national,national,1991,70779.9729147771
LUX,national,national,1992,71116.9400892209
LUX,national,national,1993,73116.1946629406
LUX,national,national,1994,74883.1418537888
LUX,national,national,1995,74896.0965788046
LUX,national,national,1996,74916.5067672272
LUX,national,national,1997,77993.0585335828
LUX,national,national,1998,82170.2399212578
LUX,national,national,1999,87695.33957586
LUX,national,national,2000,92527.7118069642
LUX,national,national,2001,94243.7073233917
LUX,national,national,2002,96269.5793851216
LUX,national,national,2003,97597.9969176553
LUX,national,national,2004,100292.568479162
LUX,national,national,2005,101222.045664401
LUX,national,national,2006,105614.179863952
LUX,national,national,2007,112417.878458001
LUX,national,national,2008,110094.792338745
LUX,national,national,2009,104574.349887682
LUX,national,national,2010,106544.057241723
LUX,national,national,2011,105290.249048827
LUX,national,national,2012,104487.744238704
LUX,national,national,2013,105338.956059283
LUX,national,national,2014,105583.937014123
LUX,national,national,2015,105462.012584423
LUX,national,national,2016,108351.452158933
LUX,national,national,2017,107142.127556443
LUX,national,national,2018,106376.783565763
LUX,national,national,2019,107350.626687276
LUX,national,national,2020,104616.03467801
LUX,national,national,2021,110425.88843286
LUX,national,national,2022,109714.924316129
LUX,national,national,2023,106342.757463856
LUX,national,national,2024,105574.179564483
LUX,national,national,2025,105826.896774976
LUX,national,national,2026,106292.809402937
LUX,national,national,2027,107249.778446985
LUX,national,national,2028,107427.006936247
LUX,national,national,2029,107564.809455787
LUX,national,national,2030,107650.480483051
LVA,national,national,1973,6031.22021289487
LVA,national,national,1980,6625.85435030886
LVA,national,national,1981,6737.25782617474
LVA,national,national,1982,6843.35637461844
LVA,national,national,1983,6933.05787466629
LVA,national,national,1984,7080.63131022889
LVA,national,national,1985,6883.38446334947
LVA,national,national,1986,7011.66725374048
LVA,national,national,1987,6925.34161659766
LVA,national,national,1988,7173.70867318177
LVA,national,national,1989,7552.76985080334
LVA,national,national,1990,7622.69843955032
LVA,national,national,1991,6694.19910155276
LVA,national,national,1992,4607.11390600301
LVA,national,national,1993,4464.72124061395
LVA,national,national,1994,4639.50576165125
LVA,national,national,1995,4661.66851148723
LVA,national,national,1996,4822.90396636409
LVA,national,national,1997,5317.98018252187
LVA,national,national,1998,5719.98922340219
LVA,national,national,1999,5929.26760970467
LVA,national,national,2000,6336.38310612599
LVA,national,national,2001,6833.4352857494
LVA,national,national,2002,7443.22938820575
LVA,national,national,2003,8149.00194474603
LVA,national,national,2004,8957.23390372866
LVA,national,national,2005,10106.2624634001
LVA,national,national,2006,11507.4646780972
LVA,national,national,2007,12810.0407808465
LVA,national,national,2008,12506.694495072
LVA,national,national,2009,10675.4252448647
LVA,national,national,2010,10500.8666389182
LVA,national,national,2011,11018.5153747356
LVA,national,national,2012,11971.0108776675
LVA,national,national,2013,12353.5388527084
LVA,national,national,2014,12731.6774205863
LVA,national,national,2015,13321.9753140616
LVA,national,national,2016,13787.3367216588
LVA,national,national,2017,14382.8613400359
LVA,national,national,2018,15120.0696016293
LVA,national,national,2019,15328.3861531528
LVA,national,national,2020,14900.7294732334
LVA,national,national,2021,16070.8728743971
LVA,national,national,2022,16406.6490572974
LVA,national,national,2023,16703.9018520982
LVA,national,national,2024,16932.2166104321
LVA,national,national,2025,17329.0787459613
LVA,national,national,2026,17800.815797055
LVA,national,national,2027,18352.8278529231
LVA,national,national,2028,18841.5012223261
LVA,national,national,2029,19343.3829309962
LVA,national,national,2030,19858.8330776065
MAC,national,national,1982,23023.3397720712
MAC,national,national,1983,23952.6741351334
MAC,national,national,1984,24734.5912110263
MAC,national,national,1985,24326.5998239214
MAC,national,national,1986,25398.4380620598
MAC,national,national,1987,28006.9104457978
MAC,national,national,1988,29320.4814876996
MAC,national,national,1989,29931.5886177004
MAC,national,national,1990,31369.8635643468
MAC,national,national,1991,30973.3657720283
MAC,national,national,1992,33271.1922725489
MAC,national,national,1993,33802.9807094517
MAC,national,national,1994,34103.7623025662
MAC,national,national,1995,34151.9035982021
MAC,national,national,1996,33533.6096691965
MAC,national,national,1997,33263.7045307135
MAC,national,national,1998,31367.2423992605
MAC,national,national,1999,30262.1351696049
MAC,national,national,2000,31763.2544886623
MAC,national,national,2001,32432.2785674008
MAC,national,national,2002,34959.4789553457
MAC,national,national,2003,38571.5853069907
MAC,national,national,2004,47650.9371115089
MAC,national,national,2005,49454.3054456136
MAC,national,national,2006,53221.6129284219
MAC,national,national,2007,58352.9615581923
MAC,national,national,2008,58122.7746636858
MAC,national,national,2009,59490.4023246461
MAC,national,national,2010,74158.8329148087
MAC,national,national,2011,88121.854021015
MAC,national,national,2012,93164.193587976
MAC,national,national,2013,98998.2586741496
MAC,national,national,2014,92322.2273232045
MAC,national,national,2015,70070.2918001631
MAC,national,national,2016,68570.512855482
MAC,national,national,2017,75807.990437175
MAC,national,national,2018,79378.3395479546
MAC,national,national,2019,75835.7636508166
MAC,national,national,2020,33952.4969134127
MAC,national,national,2021,42121.7745037138
MAC,national,national,2022,34121.9508226626
MAC,national,national,2023,59602.3570393926
MAC,national,national,2024,64868.6429847729
MAC,national,national,2025,66159.5030975813
MAC,national,national,2026,67502.0213937249
MAC,national,national,2027,69296.508765864
MAC,national,national,2028,70985.3956548897
MAC,national,national,2029,72713.1766358599
MAC,national,national,2030,74430.7282551292
MAR,national,national,1960,781.175465755038
MAR,national,national,1961,788.55200461958
MAR,national,national,1962,795.928543484122
MAR,national,national,1963,803.673909291892
MAR,national,national,1964,811.788102042889
MAR,national,national,1965,819.533467850658
MAR,national,national,1966,844.244873046875
MAR,national,national,1967,904.050476074219
MAR,national,national,1968,966.91650390625
MAR,national,national,1969,1020.01104736328
MAR,national,national,1970,1039.61254882813
MAR,national,national,1971,1069.3251953125
MAR,national,national,1972,1068.21313476563
MAR,national,national,1973,1079.19360351563
MAR,national,national,1974,1112.03527832031
MAR,national,national,1975,1167.787109375
MAR,national,national,1976,1263.17102050781
MAR,national,national,1977,1306.12939453125
MAR,national,national,1978,1301.05102539063
MAR,national,national,1979,1328.20642089844
MAR,national,national,1980,1340.24670410156
MAR,national,national,1981,1281.85180664063
MAR,national,national,1982,1359.98828125
MAR,national,national,1983,1343.30456542969
MAR,national,national,1984,1394.10388183594
MAR,national,national,1985,1442.95849609375
MAR,national,national,1986,1542.61840820313
MAR,national,national,1987,1507.19995117188
MAR,national,national,1988,1654.0068359375
MAR,national,national,1989,1669.73254394531
MAR,national,national,1990,1695.63647460938
MAR,national,national,1991,1786.76281738281
MAR,national,national,1992,1720.42248535156
MAR,national,national,1993,1680.71044921875
MAR,national,national,1994,1830.88061523438
MAR,national,national,1995,1705.4482421875
MAR,national,national,1996,1886.67224121094
MAR,national,national,1997,1828.96862792969
MAR,national,national,1998,1931.74047851563
MAR,national,national,1999,1935.47875976563
MAR,national,national,2000,1957.14135742188
MAR,national,national,2001,2078.96606445313
MAR,national,national,2002,2127.50708007813
MAR,national,national,2003,2229.576171875
MAR,national,national,2004,2301.08178710938
MAR,national,national,2005,2342.15478515625
MAR,national,national,2006,2489.99291992188
MAR,national,national,2007,2540.615234375
MAR,national,national,2008,2648.58569335938
MAR,national,national,2009,2710.66650390625
MAR,national,national,2010,2767.04223632813
MAR,national,national,2011,2879.53930664063
MAR,national,national,2012,2927.45043945313
MAR,national,national,2013,3008.185546875
MAR,national,national,2014,3051.458984375
MAR,national,national,2015,3146.24780273438
MAR,national,national,2016,3124.42504882813
MAR,national,national,2017,3242.64428710938
MAR,national,national,2018,3304.7119140625
MAR,national,national,2019,3364.73950195313
MAR,national,national,2020,3090.89428710938
MAR,national,national,2021,3309.130859375
MAR,national,national,2022,3325.560546875
MAR,national,national,2023,3403.31982421875
MAR,national,national,2024,3465.75421427866
MAR,national,national,2025,3549.45299993724
MAR,national,national,2026,3636.55700603951
MAR,national,national,2027,3733.6034245514
MAR,national,national,2028,3835.41208065357
MAR,national,national,2029,3940.08107465889
MAR,national,national,2030,4048.68702573281
MCO,national,national,1970,72837.7236189989
MCO,national,national,1971,75563.5268306393
MCO,national,national,1972,78166.3033413738
MCO,national,national,1973,82591.5137380706
MCO,national,national,1974,85729.8095579345
MCO,national,national,1975,84013.7170561646
MCO,national,national,1976,86382.0160151437
MCO,national,national,1977,88164.4008364715
MCO,national,national,1978,90506.3380580042
MCO,national,national,1979,92704.9676890985
MCO,national,national,1980,93468.0634012794
MCO,national,national,1981,93739.1816077361
MCO,national,national,1982,95085.6031046345
MCO,national,national,1983,94848.727743484
MCO,national,national,1984,94912.5173943415
MCO,national,national,1985,95274.3117216542
MCO,national,national,1986,96396.2283814114
MCO,national,national,1987,97606.9499621531
MCO,national,national,1988,100947.054448965
MCO,national,national,1989,104091.09474987
MCO,national,national,1990,105878.37276656
MCO,national,national,1991,106020.717884683
MCO,national,national,1992,106558.024151992
MCO,national,national,1993,104739.794413175
MCO,national,national,1994,106244.898612952
MCO,national,national,1995,107691.087543628
MCO,national,national,1996,108107.452988927
MCO,national,national,1997,109747.029483889
MCO,national,national,1998,112873.604489635
MCO,national,national,1999,116084.581378187
MCO,national,national,2000,120456.506337384
MCO,national,national,2001,123122.12291461
MCO,national,national,2002,124481.880220824
MCO,national,national,2003,126022.239091348
MCO,national,national,2004,129403.404955341
MCO,national,national,2005,132253.218402608
MCO,national,national,2006,140615.178788026
MCO,national,national,2007,162028.480643444
MCO,national,national,2008,163243.752211148
MCO,national,national,2009,142375.532007071
MCO,national,national,2010,141814.78664157
MCO,national,national,2011,148272.711991792
MCO,national,national,2012,146472.677860476
MCO,national,national,2013,157167.975027858
MCO,national,national,2014,165288.200345355
MCO,national,national,2015,170437.101188261
MCO,national,national,2016,173120.189785092
MCO,national,national,2017,165781.779121526
MCO,national,national,2018,173041.761057866
MCO,national,national,2019,185582.7556905
MCO,national,national,2020,161262.925884403
MCO,national,national,2021,194674.777609089
MCO,national,national,2022,213937.006283651
MCO,national,national,2023,224582.449752101
MDA,national,national,1973,3252.19603580774
MDA,national,national,1980,3452.22586682211
MDA,national,national,1981,3627.15689774722
MDA,national,national,1982,3812.73590446778
MDA,national,national,1983,3946.59617161047
MDA,national,national,1984,3996.03320208931
MDA,national,national,1985,3573.91701877001
MDA,national,national,1986,3778.89055283227
MDA,national,national,1987,3746.5663405961
MDA,national,national,1988,3700.5518737658
MDA,national,national,1989,3912.37053512512
MDA,national,national,1990,3740.10149814887
MDA,national,national,1991,3137.8350172715
MDA,national,national,1992,2225.17356234959
MDA,national,national,1993,2202.16445303219
MDA,national,national,1994,1526.42524496526
MDA,national,national,1995,1511.95831765054
MDA,national,national,1996,1425.9518091471
MDA,national,national,1997,1454.80861555923
MDA,national,national,1998,1360.18161095544
MDA,national,national,1999,1316.43254916007
MDA,national,national,2000,1346.91567176561
MDA,national,national,2001,1432.2768928234
MDA,national,national,2002,1547.57421231612
MDA,national,national,2003,1654.36629303195
MDA,national,national,2004,1781.19145323724
MDA,national,national,2005,1919.44550763748
MDA,national,national,2006,2017.17730062908
MDA,national,national,2007,2082.51260097669
MDA,national,national,2008,2249.22589719372
MDA,national,national,2009,2116.94357544097
MDA,national,national,2010,2269.51116145996
MDA,national,national,2011,2402.94446306051
MDA,national,national,2012,2389.08666147529
MDA,national,national,2013,2605.85029986142
MDA,national,national,2014,2737.80185056647
MDA,national,national,2015,2749.55137054338
MDA,national,national,2016,2910.95486872376
MDA,national,national,2017,3085.33305844263
MDA,national,national,2018,3267.9961042872
MDA,national,national,2019,3438.67732670712
MDA,national,national,2020,3188.91691602699
MDA,national,national,2021,3688.16729442144
MDA,national,national,2022,3596.22420493094
MDA,national,national,2023,3728.90191379122
MDA,national,national,2024,3894.99604063786
MDA,national,national,2025,4014.23845043993
MDA,national,national,2026,4173.46019184084
MDA,national,national,2027,4403.18422228319
MDA,national,national,2028,4756.67886592055
MDA,national,national,2029,5137.95414684453
MDA,national,national,2030,5549.7916860238
MDG,national,national,1960,812.250361890455
MDG,national,national,1961,807.540073151815
MDG,national,national,1962,804.713147422012
MDG,national,national,1963,776.884057825641
MDG,national,national,1964,787.058949603953
MDG,national,national,1965,763.403670639472
MDG,national,national,1966,758.928205137102
MDG,national,national,1967,779.716062786951
MDG,national,national,1968,810.5066908574
MDG,national,national,1969,817.562921868275
MDG,national,national,1970,836.540881714049
MDG,national,national,1971,844.493878879637
MDG,national,national,1972,809.524118883836
MDG,national,national,1973,765.217007612961
MDG,national,national,1974,757.532392832002
MDG,national,national,1975,744.310095866488
MDG,national,national,1976,699.987924820762
MDG,national,national,1977,695.149219761086
MDG,national,national,1978,656.398369596654
MDG,national,national,1979,699.485480907614
MDG,national,national,1980,685.100689761521
MDG,national,national,1981,599.781047690351
MDG,national,national,1982,571.230461402833
MDG,national,national,1983,559.661168899672
MDG,national,national,1984,553.131009938747
MDG,national,national,1985,543.513684745557
MDG,national,national,1986,538.491952606661
MDG,national,national,1987,529.509105998087
MDG,national,national,1988,532.03346958824
MDG,national,national,1989,537.840431033529
MDG,national,national,1990,538.536275056569
MDG,national,national,1991,489.716098120013
MDG,national,national,1992,480.810932444988
MDG,national,national,1993,476.159733326381
MDG,national,national,1994,461.397665709464
MDG,national,national,1995,454.537946632781
MDG,national,national,1996,449.6280870806
MDG,national,national,1997,451.303199370831
MDG,national,national,1998,453.886174768872
MDG,national,national,1999,460.034389996571
MDG,national,national,2000,465.529509827021
MDG,national,national,2001,478.40561494987
MDG,national,national,2002,406.70122213637
MDG,national,national,2003,433.601040301214
MDG,national,national,2004,443.278654985967
MDG,national,national,2005,450.955230911228
MDG,national,national,2006,461.540337897729
MDG,national,national,2007,473.785462328449
MDG,national,national,2008,490.963935389518
MDG,national,national,2009,457.789754866068
MDG,national,national,2010,447.417143030687
MDG,national,national,2011,441.755158414121
MDG,national,national,2012,442.641500123543
MDG,national,national,2013,440.674658903628
MDG,national,national,2014,443.343869908205
MDG,national,national,2015,445.320069480568
MDG,national,national,2016,451.15659433146
MDG,national,national,2017,456.851859574031
MDG,national,national,2018,459.330367799543
MDG,national,national,2019,467.27741349648
MDG,national,national,2020,422.924255422319
MDG,national,national,2021,436.090064737198
MDG,national,national,2022,442.415162117323
MDG,national,national,2023,448.058746204617
MDG,national,national,2024,455.556614123314
MDG,national,national,2025,460.997001498366
MDG,national,national,2026,467.991470205654
MDG,national,national,2027,477.197822275104
MDG,national,national,2028,486.673623418838
MDG,national,national,2029,496.869838795223
MDG,national,national,2030,507.684278907769
MDV,national,national,1970,1528.11685803258
MDV,national,national,1971,1559.3960364857
MDV,national,national,1972,1549.23529580511
MDV,national,national,1973,1527.22323552036
MDV,national,national,1974,1567.92919032705
MDV,national,national,1975,1400.54388779647
MDV,national,national,1976,1367.223555703
MDV,national,national,1977,1476.96711852393
MDV,national,national,1978,1647.98371121547
MDV,national,national,1979,1775.95133607457
MDV,national,national,1980,2048.62733329064
MDV,national,national,1981,2226.20620766043
MDV,national,national,1982,2099.68684439656
MDV,national,national,1983,2375.67558202004
MDV,national,national,1984,2933.0342628068
MDV,national,national,1985,3278.90252893366
MDV,national,national,1986,3462.63060332896
MDV,national,national,1987,3638.84366439382
MDV,national,national,1988,3826.30331095103
MDV,national,national,1989,4051.51567663513
MDV,national,national,1990,4590.26356695948
MDV,national,national,1991,4515.06612430301
MDV,national,national,1992,4680.15538526464
MDV,national,national,1993,4812.29925947695
MDV,national,national,1994,5062.47182108124
MDV,national,national,1995,5590.00858122666
MDV,national,national,1996,5898.35513531258
MDV,national,national,1997,6265.68163671991
MDV,national,national,1998,6611.39751143758
MDV,national,national,1999,6901.04317295071
MDV,national,national,2000,7049.37475025832
MDV,national,national,2001,6659.25959328415
MDV,national,national,2002,7024.50162334981
MDV,national,national,2003,7858.99379450401
MDV,national,national,2004,8180.30181956038
MDV,national,national,2005,7143.33627610066
MDV,national,national,2006,8620.77452138445
MDV,national,national,2007,8932.38983152591
MDV,national,national,2008,9395.96484110418
MDV,national,national,2009,8329.52984333565
MDV,national,national,2010,8590.16212928659
MDV,national,national,2011,9005.04761398753
MDV,national,national,2012,8904.68161856579
MDV,national,national,2013,9209.23725155412
MDV,national,national,2014,9602.5027218867
MDV,national,national,2015,9644.90655028145
MDV,national,national,2016,9927.42327472035
MDV,national,national,2017,10280.3915425959
MDV,national,national,2018,10821.7341975778
MDV,national,national,2019,11263.1928054734
MDV,national,national,2020,7340.09129737358
MDV,national,national,2021,9818.73434768401
MDV,national,national,2022,11006.7091828435
MDV,national,national,2023,11485.5546954096
MDV,national,national,2024,11831.5038165563
MDV,national,national,2025,12460.0682518684
MDV,national,national,2026,13077.5482408065
MDV,national,national,2027,13638.0912956725
MDV,national,national,2028,13949.6231056548
MDV,national,national,2029,14266.0481817043
MDV,national,national,2030,14593.9797341481
MEX,national,national,1960,4145.79302184391
MEX,national,national,1961,4219.18150869443
MEX,national,national,1962,4276.14326508853
MEX,national,national,1963,4474.72750864397
MEX,national,national,1964,4845.87442780417
MEX,national,national,1965,5021.3479928949
MEX,national,national,1966,5153.81469089099
MEX,national,national,1967,5278.10822022788
MEX,national,national,1968,5589.05119200198
MEX,national,national,1969,5596.39687793608
MEX,national,national,1970,5774.7704592642
MEX,national,national,1971,5809.39879118197
MEX,national,national,1972,6099.20317390896
MEX,national,national,1973,6385.19714673421
MEX,national,national,1974,6559.30112736973
MEX,national,national,1975,6740.62499353237
MEX,national,national,1976,6845.37111751372
MEX,national,national,1977,6888.5789464534
MEX,national,national,1978,7309.60711423978
MEX,national,national,1979,7814.54966733746
MEX,national,national,1980,8290.28898927734
MEX,national,national,1981,8875.07151189312
MEX,national,national,1982,8676.57130971348
MEX,national,national,1983,8098.51642174164
MEX,national,national,1984,8207.92337537128
MEX,national,national,1985,8194.16249388144
MEX,national,national,1986,7713.61215366042
MEX,national,national,1987,7716.49731737025
MEX,national,national,1988,7657.7274754579
MEX,national,national,1989,7783.80581012845
MEX,national,national,1990,8036.86114412537
MEX,national,national,1991,8197.01179494896
MEX,national,national,1992,8330.26426802488
MEX,national,national,1993,8411.79621338297
MEX,national,national,1994,8623.48043007968
MEX,national,national,1995,7970.64038496182
MEX,national,national,1996,8320.65295694833
MEX,national,national,1997,8770.84481553539
MEX,national,national,1998,9161.89527783381
MEX,national,national,1999,9264.97729259968
MEX,national,national,2000,9581.96970210753
MEX,national,national,2001,9398.35074355724
MEX,national,national,2002,9242.27886130016
MEX,national,national,2003,9221.99666693097
MEX,national,national,2004,9421.28975988024
MEX,national,national,2005,9491.51730225718
MEX,national,national,2006,9813.8280424425
MEX,national,national,2007,9877.69532644737
MEX,national,national,2008,9826.3421836048
MEX,national,national,2009,9074.1188145564
MEX,national,national,2010,9389.06722084275
MEX,national,national,2011,9575.93437788582
MEX,national,national,2012,9782.51776305354
MEX,national,national,2013,9738.71059803658
MEX,national,national,2014,9862.48125444199
MEX,national,national,2015,10021.2386118827
MEX,national,national,2016,10100.5021214015
MEX,national,national,2017,10193.7727193457
MEX,national,national,2018,10296.8690937052
MEX,national,national,2019,10159.4448355881
MEX,national,national,2020,9234.64362485294
MEX,national,national,2021,9728.05680032556
MEX,national,national,2022,10011.2545383826
MEX,national,national,2023,10241.8945112994
MEX,national,national,2024,10301.0009435236
MEX,national,national,2025,10218.2694278903
MEX,national,national,2026,10249.0519093631
MEX,national,national,2027,10354.1218175999
MEX,national,national,2028,10510.0181143322
MEX,national,national,2029,10669.7740366463
MEX,national,national,2030,10828.4702699242
MHL,national,national,1970,2031.78851063714
MHL,national,national,1971,2003.31680647629
MHL,national,national,1972,2131.87484552792
MHL,national,national,1973,2665.98928584185
MHL,national,national,1974,2876.77363741677
MHL,national,national,1975,2786.62572005949
MHL,national,national,1976,2720.8691060528
MHL,national,national,1977,2719.77642491295
MHL,national,national,1978,2759.39089616273
MHL,national,national,1979,2666.86894956962
MHL,national,national,1980,2469.14050941834
MHL,national,national,1981,2514.70492319605
MHL,national,national,1982,2592.36663902973
MHL,national,national,1983,2795.05837026229
MHL,national,national,1984,2719.3194433673
MHL,national,national,1985,2634.40927318595
MHL,national,national,1986,3044.83900509616
MHL,national,national,1987,3194.32542297477
MHL,national,national,1988,3251.51997108477
MHL,national,national,1989,3141.58574388202
MHL,national,national,1990,3132.55865999774
MHL,national,national,1991,3126.41470235554
MHL,national,national,1992,3283.73595262923
MHL,national,national,1993,3429.57276046532
MHL,national,national,1994,3605.90298266727
MHL,national,national,1995,3684.6815480176
MHL,national,national,1996,3303.15191893216
MHL,national,national,1997,3104.88984892969
MHL,national,national,1998,3050.19051983864
MHL,national,national,1999,3008.31161719716
MHL,national,national,2000,3086.64537763688
MHL,national,national,2001,3249.1962120468
MHL,national,national,2002,3306.05156974784
MHL,national,national,2003,3251.26749548256
MHL,national,national,2004,3246.8104971725
MHL,national,national,2005,3284.86822145921
MHL,national,national,2006,3314.71019785543
MHL,national,national,2007,3339.17426399952
MHL,national,national,2008,3175.26371787963
MHL,national,national,2009,3307.03188752138
MHL,national,national,2010,3439.2549075205
MHL,national,national,2011,3430.02584550546
MHL,national,national,2012,3466.41786572977
MHL,national,national,2013,3607.38927747211
MHL,national,national,2014,3656.66563019743
MHL,national,national,2015,3809.96929944826
MHL,national,national,2016,4007.86697965455
MHL,national,national,2017,4278.78674921189
MHL,national,national,2018,4697.46095604818
MHL,national,national,2019,5165.25507556805
MHL,national,national,2020,5230.75014559647
MHL,national,national,2021,5433.17605342257
MHL,national,national,2022,5505.26502161861
MHL,national,national,2023,5420.55919022542
MHL,national,national,2024,5646.41262513617
MHL,national,national,2025,6093.81497741742
MHL,national,national,2026,6537.98006770062
MHL,national,national,2027,6864.17779426763
MHL,national,national,2028,7138.45622617702
MHL,national,national,2029,7376.91522853638
MHL,national,national,2030,7571.04264040964
MKD,national,national,1960,1381.67241102434
MKD,national,national,1961,1400.16663180771
MKD,national,national,1962,1412.49611232996
MKD,national,national,1963,1641.7473907905
MKD,national,national,1964,2099.86465144525
MKD,national,national,1965,1900.66648175769
MKD,national,national,1966,2045.15258162778
MKD,national,national,1967,2113.35002076646
MKD,national,national,1968,2159.9708689912
MKD,national,national,1969,2361.48081627668
MKD,national,national,1970,2521.7640630659
MKD,national,national,1971,2652.37949734846
MKD,national,national,1972,2746.00649006427
MKD,national,national,1973,2878.54840567843
MKD,national,national,1974,3006.46676609675
MKD,national,national,1975,3107.02909160633
MKD,national,national,1976,3205.27963951798
MKD,national,national,1977,3366.71877510616
MKD,national,national,1978,3599.05242369726
MKD,national,national,1979,3810.96537017338
MKD,national,national,1980,3814.04774030395
MKD,national,national,1981,3828.68899842412
MKD,national,national,1982,3844.10084907692
MKD,national,national,1983,3748.16207876319
MKD,national,national,1984,3855.65973706653
MKD,national,national,1985,3812.12125897235
MKD,national,national,1986,4065.26090594474
MKD,national,national,1987,4001.30172573558
MKD,national,national,1988,3866.06273625718
MKD,national,national,1989,3932.33369406426
MKD,national,national,1990,3534.32265095546
MKD,national,national,1991,3328.63950847977
MKD,national,national,1992,3146.02235459166
MKD,national,national,1993,2948.27151752275
MKD,national,national,1994,2917.05894611342
MKD,national,national,1995,2876.0722287817
MKD,national,national,1996,2889.88516353778
MKD,national,national,1997,2954.5238308875
MKD,national,national,1998,3038.13983382569
MKD,national,national,1999,3154.84918240006
MKD,national,national,2000,3283.37934095351
MKD,national,national,2001,3169.32514368931
MKD,national,national,2002,3240.11064526089
MKD,national,national,2003,3307.92040834712
MKD,national,national,2004,3473.76544811451
MKD,national,national,2005,3657.56307699216
MKD,national,national,2006,3866.74650622977
MKD,national,national,2007,4140.63354809364
MKD,national,national,2008,4392.5507164151
MKD,national,national,2009,4405.20045750867
MKD,national,national,2010,4582.36517512347
MKD,national,national,2011,4711.13027870081
MKD,national,national,2012,4708.05168535923
MKD,national,national,2013,4863.68088666968
MKD,national,national,2014,5053.75001236367
MKD,national,national,2015,5262.68671928674
MKD,national,national,2016,5429.94678358359
MKD,national,national,2017,5510.81862920922
MKD,national,national,2018,5698.39334484489
MKD,national,national,2019,5961.58475399191
MKD,national,national,2020,5743.72649424581
MKD,national,national,2021,6064.92315120022
MKD,national,national,2022,6250.62720952063
MKD,national,national,2023,6393.78647551263
MKD,national,national,2024,6534.45018633462
MKD,national,national,2025,6722.42436897729
MKD,national,national,2026,6923.53158954142
MKD,national,national,2027,7137.51640494384
MKD,national,national,2028,7400.36946463812
MKD,national,national,2029,7674.8322138351
MKD,national,national,2030,7954.63453120891
MLI,national,national,1960,312.768160490142
MLI,national,national,1961,308.725328803431
MLI,national,national,1962,303.947436810044
MLI,national,national,1963,318.281112790204
MLI,national,national,1964,326.366776163627
MLI,national,national,1965,323.794065090265
MLI,national,national,1966,330.409607850338
MLI,national,national,1967,334.45243953705
MLI,national,national,1968,341.605247243717
MLI,national,national,1969,337.144295249623
MLI,national,national,1970,352.203719909006
MLI,national,national,1971,355.504364704644
MLI,national,national,1972,370.141087790428
MLI,national,national,1973,358.486306959619
MLI,national,national,1974,346.785503542085
MLI,national,national,1975,380.20222457528
MLI,national,national,1976,424.320893258128
MLI,national,national,1977,442.986519926047
MLI,national,national,1978,428.1309392181
MLI,national,national,1979,463.306428356145
MLI,national,national,1980,434.126198250171
MLI,national,national,1981,431.381844328058
MLI,national,national,1982,391.041854610699
MLI,national,national,1983,389.529074513176
MLI,national,national,1984,380.168406587218
MLI,national,national,1985,448.223991324262
MLI,national,national,1986,451.843077616184
MLI,national,national,1987,443.423710554245
MLI,national,national,1988,467.953164537101
MLI,national,national,1989,478.512771943294
MLI,national,national,1990,457.445829210427
MLI,national,national,1991,501.12499187012
MLI,national,national,1992,475.316821153577
MLI,national,national,1993,480.277588513466
MLI,national,national,1994,487.817806474246
MLI,national,national,1995,481.757520252354
MLI,national,national,1996,504.752043612501
MLI,national,national,1997,517.237651197416
MLI,national,national,1998,542.486619489623
MLI,national,national,1999,557.691179166949
MLI,national,national,2000,541.349959295276
MLI,national,national,2001,606.087325789489
MLI,national,national,2002,605.798110999901
MLI,national,national,2003,640.357496675707
MLI,national,national,2004,629.62644918936
MLI,national,national,2005,649.1577691577
MLI,national,national,2006,657.496279045272
MLI,national,national,2007,658.457019310221
MLI,national,national,2008,667.583424768544
MLI,national,national,2009,677.24304910758
MLI,national,national,2010,690.434176248061
MLI,national,national,2011,689.951621809593
MLI,national,national,2012,664.489488855298
MLI,national,national,2013,660.173389348304
MLI,national,national,2014,684.949913127196
MLI,national,national,2015,704.821646439506
MLI,national,national,2016,722.812021596039
MLI,national,national,2017,737.275674738634
MLI,national,national,2018,748.506920372791
MLI,national,national,2019,760.795187413671
MLI,national,national,2020,729.061137632465
MLI,national,national,2021,728.671852610385
MLI,national,national,2022,731.640024202997
MLI,national,national,2023,743.273871368099
MLI,national,national,2024,747.086726563337
MLI,national,national,2025,760.56891585834
MLI,national,national,2026,774.532136696795
MLI,national,national,2027,788.232721032068
MLI,national,national,2028,803.174852243614
MLI,national,national,2029,818.327185971009
MLI,national,national,2030,833.781383257408
MLT,national,national,1960,1919.89777036708
MLT,national,national,1961,1902.17315813541
MLT,national,national,1962,1820.80107470819
MLT,national,national,1963,1823.21806728523
MLT,national,national,1964,1887.67120267313
MLT,national,national,1965,2045.58138437349
MLT,national,national,1966,2278.41833596228
MLT,national,national,1967,2428.27187573915
MLT,national,national,1968,2665.94281248203
MLT,national,national,1969,2806.12838195072
MLT,national,national,1970,3133.22804404431
MLT,national,national,1971,3209.58701278577
MLT,national,national,1972,3399.78107877213
MLT,national,national,1973,3543.6698436041
MLT,national,national,1974,3901.96088137921
MLT,national,national,1975,4631.05229058068
MLT,national,national,1976,5391.61706895881
MLT,national,national,1977,6024.97484821977
MLT,national,national,1978,6628.07850356084
MLT,national,national,1979,7249.55980632399
MLT,national,national,1980,7679.6798130979
MLT,national,national,1981,7875.88453156322
MLT,national,national,1982,7884.85018162417
MLT,national,national,1983,7726.8839163565
MLT,national,national,1984,7798.07190360025
MLT,national,national,1985,7860.36695873533
MLT,national,national,1986,8030.4492408878
MLT,national,national,1987,8303.16848502417
MLT,national,national,1988,8928.21082956161
MLT,national,national,1989,9564.90935878406
MLT,national,national,1990,10067.6981674592
MLT,national,national,1991,10413.1235495181
MLT,national,national,1992,10789.7090111113
MLT,national,national,1993,11161.1378649963
MLT,national,national,1994,11682.0945167611
MLT,national,national,1995,12336.7254609096
MLT,national,national,1996,12718.9472844946
MLT,national,national,1997,13286.6460045186
MLT,national,national,1998,13877.1799347657
MLT,national,national,1999,14446.2786385453
MLT,national,national,2000,17178.285512948
MLT,national,national,2001,16920.7309210792
MLT,national,national,2002,17255.4273732686
MLT,national,national,2003,17775.5868275971
MLT,national,national,2004,17728.4915191352
MLT,national,national,2005,18123.2975105227
MLT,national,national,2006,18479.2305223587
MLT,national,national,2007,19342.39192186
MLT,national,national,2008,20064.4398081358
MLT,national,national,2009,19635.8764747478
MLT,national,national,2010,20750.6053846472
MLT,national,national,2011,20867.8390565654
MLT,national,national,2012,21529.4927880365
MLT,national,national,2013,22565.0085794121
MLT,national,national,2014,23806.8319393667
MLT,national,national,2015,25481.8977555627
MLT,national,national,2016,25920.9076621619
MLT,national,national,2017,28492.3072831419
MLT,national,national,2018,29492.5863910946
MLT,national,national,2019,29513.8670529001
MLT,national,national,2020,27865.3293176048
MLT,national,national,2021,31420.7339514472
MLT,national,national,2022,31925.1853539107
MLT,national,national,2023,33000.5930696382
MLT,national,national,2024,33982.3260159166
MLT,national,national,2025,34596.8071103441
MLT,national,national,2026,35525.7141866437
MLT,national,national,2027,36526.0696634368
MLT,national,national,2028,37321.2975370054
MLT,national,national,2029,38164.6838828549
MLT,national,national,2030,39057.0641080313
MMR,national,national,1960,129.220100470997
MMR,national,national,1961,128.145196247083
MMR,national,national,1962,133.4161542873
MMR,national,national,1963,141.13120456915
MMR,national,national,1964,135.246134134047
MMR,national,national,1965,140.912477022162
MMR,national,national,1966,130.718416238773
MMR,national,national,1967,125.606209954354
MMR,national,national,1968,134.716791751289
MMR,national,national,1969,136.595850545945
MMR,national,national,1970,139.912300104754
MMR,national,national,1971,141.893935886327
MMR,national,national,1972,141.035509623566
MMR,national,national,1973,138.96863189135
MMR,national,national,1974,143.155125565178
MMR,national,national,1975,146.938852084827
MMR,national,national,1976,152.870551165003
MMR,national,national,1977,159.09282029919
MMR,national,national,1978,165.668673373094
MMR,national,national,1979,172.09672505615
MMR,national,national,1980,181.551444070676
MMR,national,national,1981,189.170195690219
MMR,national,national,1982,195.513932574804
MMR,national,national,1983,200.355843616098
MMR,national,national,1984,204.922714011582
MMR,national,national,1985,204.688162327496
MMR,national,national,1986,197.379599485721
MMR,national,national,1987,182.828854805303
MMR,national,national,1988,165.553776030935
MMR,national,national,1989,168.643749835257
MMR,national,national,1990,169.352687531628
MMR,national,national,1991,170.116136814867
MMR,national,national,1992,182.42005189901
MMR,national,national,1993,191.541591143749
MMR,national,national,1994,202.910000392066
MMR,national,national,1995,213.952566902241
MMR,national,national,1996,224.407008360814
MMR,national,national,1997,234.224002619762
MMR,national,national,1998,247.962944884632
MMR,national,national,1999,273.739117484953
MMR,national,national,2000,306.186316556621
MMR,national,national,2001,337.944354579688
MMR,national,national,2002,376.516541174638
MMR,national,national,2003,424.456607020047
MMR,national,national,2004,478.022487982411
MMR,national,national,2005,538.096053570065
MMR,national,national,2006,602.496617667811
MMR,national,national,2007,667.452402921681
MMR,national,national,2008,732.374027552088
MMR,national,national,2009,802.959259372003
MMR,national,national,2010,865.077493199158
MMR,national,national,2011,909.915174543144
MMR,national,national,2012,971.01496262519
MMR,national,national,2013,1043.32892292416
MMR,national,national,2014,1116.11617199119
MMR,national,national,2015,1181.39457652447
MMR,national,national,2016,1241.67537734598
MMR,national,national,2017,1308.31514585228
MMR,national,national,2018,1381.423705072
MMR,national,national,2019,1406.07087765142
MMR,national,national,2020,1260.2343127647
MMR,national,national,2021,1146.4384902697
MMR,national,national,2022,1175.5168587059
MMR,national,national,2023,1198.27257837711
MMR,national,national,2024,1203.76443220076
MMR,national,national,2025,1191.43194744885
MMR,national,national,2026,1214.4569369549
MMR,national,national,2027,1233.50257164226
MMR,national,national,2028,1251.80073981031
MMR,national,national,2029,1270.02936829838
MMR,national,national,2030,1288.98928874965
MNE,national,national,1960,2137.59294734315
MNE,national,national,1961,2560.90471182316
MNE,national,national,1962,2495.17307137596
MNE,national,national,1963,2819.44916424884
MNE,national,national,1964,3270.80642865299
MNE,national,national,1965,3332.15595973705
MNE,national,national,1966,3460.11355314095
MNE,national,national,1967,3501.30538115453
MNE,national,national,1968,3645.91499013839
MNE,national,national,1969,3984.21383297334
MNE,national,national,1970,4256.78103536109
MNE,national,national,1971,4376.85083191132
MNE,national,national,1972,4562.65226890876
MNE,national,national,1973,4502.17915969733
MNE,national,national,1974,4727.41958096309
MNE,national,national,1975,4830.83736193336
MNE,national,national,1976,5030.66154889287
MNE,national,national,1977,5519.70495382008
MNE,national,national,1978,5769.48518751947
MNE,national,national,1979,5716.8998751617
MNE,national,national,1980,7004.36360605432
MNE,national,national,1981,6691.48099752562
MNE,national,national,1982,6827.32638778318
MNE,national,national,1983,6669.57045070988
MNE,national,national,1984,6860.6304189431
MNE,national,national,1985,6839.59629399999
MNE,national,national,1986,7029.77984036057
MNE,national,national,1987,6653.79485700255
MNE,national,national,1988,6397.00324832213
MNE,national,national,1989,6378.59838899692
MNE,national,national,1990,5788.76646871732
MNE,national,national,1991,5318.31648976947
MNE,national,national,1992,4036.18464534048
MNE,national,national,1993,2613.31876759373
MNE,national,national,1994,2694.05135919892
MNE,national,national,1995,3129.76593906586
MNE,national,national,1996,4086.89547976818
MNE,national,national,1997,4488.79462512197
MNE,national,national,1998,4723.14338358475
MNE,national,national,1999,4290.89684941343
MNE,national,national,2000,4431.60047014419
MNE,national,national,2001,4462.34990117884
MNE,national,national,2002,4529.12330572995
MNE,national,national,2003,4623.0760644615
MNE,national,national,2004,4819.14785988608
MNE,national,national,2005,5013.1959009921
MNE,national,national,2006,5435.88622103627
MNE,national,national,2007,5798.06497333447
MNE,national,national,2008,6205.8212472095
MNE,national,national,2009,5833.65954418904
MNE,national,national,2010,5982.19928466066
MNE,national,national,2011,6168.84838637415
MNE,national,national,2012,5995.77445120446
MNE,national,national,2013,6202.50670294785
MNE,national,national,2014,6307.01856129174
MNE,national,national,2015,6517.19267514764
MNE,national,national,2016,6707.85041020824
MNE,national,national,2017,7023.43381181246
MNE,national,national,2018,7381.80764032937
MNE,national,national,2019,7684.18397197185
MNE,national,national,2020,6515.53680560451
MNE,national,national,2021,7390.30811727832
MNE,national,national,2022,7889.23763310614
MNE,national,national,2023,8403.3387654549
MNE,national,national,2024,8713.43760215687
MNE,national,national,2025,8974.99298011679
MNE,national,national,2026,9238.86187530402
MNE,national,national,2027,9517.34563673193
MNE,national,national,2028,9797.96680940719
MNE,national,national,2029,10086.8613402756
MNE,national,national,2030,10384.275906687
MNG,national,national,1960,758.479787599863
MNG,national,national,1961,780.934781311701
MNG,national,national,1962,803.389775023539
MNG,national,national,1963,828.339768036692
MNG,national,national,1964,854.121427483618
MNG,national,national,1965,879.071420496771
MNG,national,national,1966,904.021413509924
MNG,national,national,1967,933.129738691937
MNG,national,national,1968,959.743064572634
MNG,national,national,1969,988.851389754646
MNG,national,national,1970,1019.6230478042
MNG,national,national,1971,1036.25637647964
MNG,national,national,1972,1044.57304081736
MNG,national,national,1973,1104.45302404892
MNG,national,national,1974,1116.09635412173
MNG,national,national,1975,1153.52134364146
MNG,national,national,1976,1165.16467371426
MNG,national,national,1977,1222.54965764452
MNG,national,national,1978,1278.27130870722
MNG,national,national,1979,1294.07297094889
MNG,national,national,1980,1345.63628984274
MNG,national,national,1981,1425.47626748483
MNG,national,national,1982,1507.62165500664
MNG,national,national,1983,1557.43150759483
MNG,national,national,1984,1610.00431155079
MNG,national,national,1985,1660.20538347139
MNG,national,national,1986,1770.29035350291
MNG,national,national,1987,1784.58513378493
MNG,national,national,1988,1827.38968091372
MNG,national,national,1989,1860.84571911275
MNG,national,national,1990,1823.45623781461
MNG,national,national,1991,1613.69985423318
MNG,national,national,1992,1462.6746723198
MNG,national,national,1993,1418.0656069858
MNG,national,national,1994,1432.28072706305
MNG,national,national,1995,1499.26495210763
MNG,national,national,1996,1509.32921132514
MNG,national,national,1997,1546.08098489924
MNG,national,national,1998,1575.67716165836
MNG,national,national,1999,1601.31353865438
MNG,national,national,2000,1598.31282040605
MNG,national,national,2001,1625.46152259484
MNG,national,national,2002,1680.65335337555
MNG,national,national,2003,1775.64906676137
MNG,national,national,2004,1942.36263694017
MNG,national,national,2005,2060.26168223171
MNG,national,national,2006,2209.74321787628
MNG,national,national,2007,2403.72416258662
MNG,national,national,2008,2576.71295838607
MNG,national,national,2009,2498.72967493254
MNG,national,national,2010,2611.67326563924
MNG,national,national,2011,3010.81642672623
MNG,national,national,2012,3318.16496597089
MNG,national,national,2013,3628.90708069575
MNG,national,national,2014,3830.35892049593
MNG,national,national,2015,3838.92126989984
MNG,national,national,2016,3817.91962716702
MNG,national,national,2017,3956.2049437134
MNG,national,national,2018,4183.85566447661
MNG,national,national,2019,4337.8167085432
MNG,national,national,2020,4066.03410882791
MNG,national,national,2021,4063.53669849245
MNG,national,national,2022,4205.88554513551
MNG,national,national,2023,4456.53627552726
MNG,national,national,2024,4639.66932679334
MNG,national,national,2025,4874.15247529852
MNG,national,national,2026,5072.06960068171
MNG,national,national,2027,5277.90526247738
MNG,national,national,2028,5506.84785133995
MNG,national,national,2029,5719.30231128019
MNG,national,national,2030,5940.30405666385
MNP,national,national,2002,24066.5361573445
MNP,national,national,2003,24650.0405531909
MNP,national,national,2004,24445.4618441919
MNP,national,national,2005,21882.2927935415
MNP,national,national,2006,20940.1619770428
MNP,national,national,2007,20117.7037335229
MNP,national,national,2008,18451.3905458787
MNP,national,national,2009,15710.5807282039
MNP,national,national,2010,16293.3059496259
MNP,national,national,2011,15226.1308805108
MNP,national,national,2012,15457.4258192247
MNP,national,national,2013,16015.0349164338
MNP,national,national,2014,16869.5270385638
MNP,national,national,2015,17665.1007493109
MNP,national,national,2016,23158.5744988538
MNP,national,national,2017,28989.3470221339
MNP,national,national,2018,23756.6075820248
MNP,national,national,2019,21451.4401636511
MNP,national,national,2020,15410.1186923944
MNP,national,national,2021,16365.016735395
MNP,national,national,2022,19461.8611129744
MOZ,national,national,1960,273.555458409435
MOZ,national,national,1961,275.624908685818
MOZ,national,national,1962,288.688313555489
MOZ,national,national,1963,272.391392628969
MOZ,national,national,1964,278.082380889024
MOZ,national,national,1965,278.470402815846
MOZ,national,national,1966,281.186556303599
MOZ,national,national,1967,293.732598604173
MOZ,national,national,1968,319.342045774418
MOZ,national,national,1969,349.09039349743
MOZ,national,national,1970,359.308304237073
MOZ,national,national,1971,374.441159383127
MOZ,national,national,1972,375.863906448141
MOZ,national,national,1973,386.211157830058
MOZ,national,national,1974,347.150283863321
MOZ,national,national,1975,289.464357409133
MOZ,national,national,1976,266.959085653463
MOZ,national,national,1977,260.362712897491
MOZ,national,national,1978,254.671724637436
MOZ,national,national,1979,250.532824084669
MOZ,national,national,1980,251.567549222861
MOZ,national,national,1981,258.850606099762
MOZ,national,national,1982,235.767482817497
MOZ,national,national,1983,194.645654684469
MOZ,national,national,1984,178.41568638255
MOZ,national,national,1985,176.854086200431
MOZ,national,national,1986,169.787799695594
MOZ,national,national,1987,193.956902454941
MOZ,national,national,1988,210.222304910608
MOZ,national,national,1989,222.043123475899
MOZ,national,national,1990,221.048981086396
MOZ,national,national,1991,227.4627362365
MOZ,national,national,1992,206.194607588583
MOZ,national,national,1993,221.624579964898
MOZ,national,national,1994,220.478583291331
MOZ,national,national,1995,212.086249862904
MOZ,national,national,1996,227.198486695187
MOZ,national,national,1997,247.184945629196
MOZ,national,national,1998,266.672705397492
MOZ,national,national,1999,291.560018665606
MOZ,national,national,2000,287.390630344484
MOZ,national,national,2001,317.185703581034
MOZ,national,national,2002,340.13537022259
MOZ,national,national,2003,356.521157404125
MOZ,national,national,2004,377.064958084878
MOZ,national,national,2005,391.699758163976
MOZ,national,national,2006,420.526462764726
MOZ,national,national,2007,442.049574057751
MOZ,national,national,2008,460.94729485679
MOZ,national,national,2009,475.788178051193
MOZ,national,national,2010,494.162859074785
MOZ,national,national,2011,514.869957191994
MOZ,national,national,2012,540.2945177803
MOZ,national,national,2013,559.393953685688
MOZ,national,national,2014,585.266716133984
MOZ,national,national,2015,610.563774706589
MOZ,national,national,2016,620.779714954555
MOZ,national,national,2017,618.397694360334
MOZ,national,national,2018,621.153734194787
MOZ,national,national,2019,617.13932000195
MOZ,national,national,2020,591.804059985932
MOZ,national,national,2021,588.215854695416
MOZ,national,national,2022,596.058889467339
MOZ,national,national,2023,610.174972826279
MOZ,national,national,2024,619.152979860031
MOZ,national,national,2025,619.760184208982
MOZ,national,national,2026,624.062646422091
MOZ,national,national,2027,628.318632040879
MOZ,national,national,2028,636.154178816089
MOZ,national,national,2029,677.089345850658
MOZ,national,national,2030,735.192737534848
MRT,national,national,1960,1088.92851722773
MRT,national,national,1961,1258.29089340116
MRT,national,national,1962,1233.87062562594
MRT,national,national,1963,1176.58206707027
MRT,national,national,1964,1460.64612168482
MRT,national,national,1965,1648.15508784285
MRT,national,national,1966,1603.93873851295
MRT,national,national,1967,1612.02915046702
MRT,national,national,1968,1723.35775339553
MRT,national,national,1969,1692.50794532791
MRT,national,national,1970,1838.41001374306
MRT,national,national,1971,1816.31114754056
MRT,national,national,1972,1749.52293380609
MRT,national,national,1973,1620.10877497697
MRT,national,national,1974,1763.89532128038
MRT,national,national,1975,1624.67349556081
MRT,national,national,1976,1712.5637423748
MRT,national,national,1977,1632.68713881863
MRT,national,national,1978,1579.02167613992
MRT,national,national,1979,1608.41044480032
MRT,national,national,1980,1616.06630331058
MRT,national,national,1981,1624.6157794468
MRT,national,national,1982,1541.58055819249
MRT,national,national,1983,1553.80890668568
MRT,national,national,1984,1460.98164180622
MRT,national,national,1985,1461.93452033511
MRT,national,national,1986,1501.59342458119
MRT,national,national,1987,1486.69636323159
MRT,national,national,1988,1469.21194739442
MRT,national,national,1989,1501.23289513922
MRT,national,national,1990,1437.75048235693
MRT,national,national,1991,1421.32599942189
MRT,national,national,1992,1393.601055166
MRT,national,national,1993,1416.96725732195
MRT,national,national,1994,1327.72304068576
MRT,national,national,1995,1418.64664533923
MRT,national,national,1996,1471.80330904422
MRT,national,national,1997,1381.16274901033
MRT,national,national,1998,1383.19229722759
MRT,national,national,1999,1396.17220086364
MRT,national,national,2000,1304.64439067179
MRT,national,national,2001,1262.65567288639
MRT,national,national,2002,1252.10300454131
MRT,national,national,2003,1308.56307582578
MRT,national,national,2004,1338.66768122804
MRT,national,national,2005,1418.53202144135
MRT,national,national,2006,1637.04191255803
MRT,national,national,2007,1563.60628765192
MRT,national,national,2008,1514.2655013629
MRT,national,national,2009,1469.05426880813
MRT,national,national,2010,1460.19179652873
MRT,national,national,2011,1472.55245572229
MRT,national,national,2012,1488.97177557214
MRT,national,national,2013,1502.90142381083
MRT,national,national,2014,1520.64621634902
MRT,national,national,2015,1554.94897871782
MRT,national,national,2016,1528.05152299375
MRT,national,national,2017,1576.06857825162
MRT,national,national,2018,1602.90225649072
MRT,national,national,2019,1605.1352359742
MRT,national,national,2020,1553.30615586591
MRT,national,national,2021,1520.31117904613
MRT,national,national,2022,1576.75624107308
MRT,national,national,2023,1630.27171808744
MRT,national,national,2024,1664.6850833377
MRT,national,national,2025,1698.24080976594
MRT,national,national,2026,1726.84285150431
MRT,national,national,2027,1771.4268048909
MRT,national,national,2028,1844.94904540015
MRT,national,national,2029,1888.31273145314
MRT,national,national,2030,1864.8975610558
MUS,national,national,1960,1413.72825238092
MUS,national,national,1961,1726.35874439498
MUS,national,national,1962,1691.59787796504
MUS,national,national,1963,1877.02290336016
MUS,national,national,1964,1706.12407651545
MUS,national,national,1965,1721.80988793115
MUS,national,national,1966,1626.22153693464
MUS,national,national,1967,1664.81054193166
MUS,national,national,1968,1521.96698841001
MUS,national,national,1969,1569.53936870339
MUS,national,national,1970,1537.49557916791
MUS,national,national,1971,1577.92783830209
MUS,national,national,1972,1683.89831532905
MUS,national,national,1973,1857.82264890447
MUS,national,national,1974,1991.0872181898
MUS,national,national,1975,1977.68946286021
MUS,national,national,1976,2408.27222344591
MUS,national,national,1977,2524.53954704999
MUS,national,national,1978,2587.21700200208
MUS,national,national,1979,2631.98857661525
MUS,national,national,1980,2327.60106821025
MUS,national,national,1981,2428.26469051049
MUS,national,national,1982,2530.62333903007
MUS,national,national,1983,2517.08019899772
MUS,national,national,1984,2607.92722114442
MUS,national,national,1985,2766.59028710418
MUS,national,national,1986,3012.98937220279
MUS,national,national,1987,3256.42283644153
MUS,national,national,1988,3453.72035086545
MUS,national,national,1989,3580.40595041278
MUS,national,national,1990,3810.48083308592
MUS,national,national,1991,3936.7665085183
MUS,national,national,1992,4138.34644932114
MUS,national,national,1993,4297.40909221881
MUS,national,national,1994,4412.9375663223
MUS,national,national,1995,4562.74692775784
MUS,national,national,1996,4768.68343568327
MUS,national,national,1997,4977.19016757315
MUS,national,national,1998,5224.18419650851
MUS,national,national,1999,5292.86908859768
MUS,national,national,2000,5671.0295504201
MUS,national,national,2001,5814.74834570012
MUS,national,national,2002,5867.77362995049
MUS,national,national,2003,6170.64876733851
MUS,national,national,2004,6397.59346169031
MUS,national,national,2005,6472.87388554741
MUS,national,national,2006,6756.22955969517
MUS,national,national,2007,7110.69493851624
MUS,national,national,2008,7466.69465771689
MUS,national,national,2009,7693.76434353874
MUS,national,national,2010,8011.45517219702
MUS,national,national,2011,8324.78328337964
MUS,national,national,2012,8591.96715947096
MUS,national,national,2013,8859.2121832294
MUS,national,national,2014,9181.61575362564
MUS,national,national,2015,9507.87133656424
MUS,national,national,2016,9868.32716641952
MUS,national,national,2017,10247.6960577758
MUS,national,national,2018,10652.4836886859
MUS,national,national,2019,10956.9450226163
MUS,national,national,2020,9362.87435896817
MUS,national,national,2021,9679.12123882353
MUS,national,national,2022,10570.4275259933
MUS,national,national,2023,11319.2352240984
MUS,national,national,2024,12010.9111388934
MUS,national,national,2025,12400.4614642648
MUS,national,national,2026,12777.3579402925
MUS,national,national,2027,13160.507717452
MUS,national,national,2028,13583.8486653054
MUS,national,national,2029,14033.4641535013
MUS,national,national,2030,14505.381570256
MWI,national,national,1960,260.372803775292
MWI,national,national,1961,273.671621406835
MWI,national,national,1962,268.930590445683
MWI,national,national,1963,258.785105999736
MWI,national,national,1964,259.238122938182
MWI,national,national,1965,287.429237120351
MWI,national,national,1966,317.619584180746
MWI,national,national,1967,332.42565537346
MWI,national,national,1968,318.047172484325
MWI,national,national,1969,328.55292929851
MWI,national,national,1970,322.094520456629
MWI,national,national,1971,365.07737592191
MWI,national,national,1972,378.037141415833
MWI,national,national,1973,376.728815497715
MWI,national,national,1974,392.972432822047
MWI,national,national,1975,405.377974099636
MWI,national,national,1976,413.438148176716
MWI,national,national,1977,420.514723665139
MWI,national,national,1978,445.993639508825
MWI,national,national,1979,448.716417534575
MWI,national,national,1980,433.51518315066
MWI,national,national,1981,394.771700822834
MWI,national,national,1982,388.989575968603
MWI,national,national,1983,387.845329797403
MWI,national,national,1984,392.97012176165
MWI,national,national,1985,395.418720694747
MWI,national,national,1986,380.298046899889
MWI,national,national,1987,368.458072158788
MWI,national,national,1988,360.182864552156
MWI,national,national,1989,348.20111285032
MWI,national,national,1990,353.77130371544
MWI,national,national,1991,372.997561763664
MWI,national,national,1992,335.726543541832
MWI,national,national,1993,362.930995393978
MWI,national,national,1994,329.584099894945
MWI,national,national,1995,385.279714073317
MWI,national,national,1996,405.397063687562
MWI,national,national,1997,412.413106831207
MWI,national,national,1998,419.313245173731
MWI,national,national,1999,422.09990996551
MWI,national,national,2000,418.592985031573
MWI,national,national,2001,388.260039765002
MWI,national,national,2002,385.308980233616
MWI,national,national,2003,397.224846762569
MWI,national,national,2004,408.064916052501
MWI,national,national,2005,410.267979585416
MWI,national,national,2006,417.877689774176
MWI,national,national,2007,445.254305414801
MWI,national,national,2008,465.551472974592
MWI,national,national,2009,489.631418783217
MWI,national,national,2010,508.088650544952
MWI,national,national,2011,517.833736617774
MWI,national,national,2012,512.740317968077
MWI,national,national,2013,525.357645516578
MWI,national,national,2014,539.562601911645
MWI,national,national,2015,539.605363240686
MWI,national,national,2016,538.221990810316
MWI,national,national,2017,544.795729217028
MWI,national,national,2018,553.528790898715
MWI,national,national,2019,569.866249368475
MWI,national,national,2020,559.447086082658
MWI,national,national,2021,569.968967318961
MWI,national,national,2022,560.635759711524
MWI,national,national,2023,556.744034801608
MWI,national,national,2024,550.85604220136
MWI,national,national,2025,547.669749393436
MWI,national,national,2026,546.946303723567
MWI,national,national,2027,550.48453332772
MWI,national,national,2028,559.687813952521
MWI,national,national,2029,569.044958587901
MWI,national,national,2030,578.558540711367
MYS,national,national,1960,1266.31525712689
MYS,national,national,1961,1327.77650865403
MYS,national,national,1962,1376.65800987085
MYS,national,national,1963,1439.55490061108
MYS,national,national,1964,1477.83156448895
MYS,national,national,1965,1551.33616738207
MYS,national,national,1966,1631.47589814079
MYS,national,national,1967,1654.76507573676
MYS,national,national,1968,1746.69654709275
MYS,national,national,1969,1791.13966548692
MYS,national,national,1970,1855.24673850886
MYS,national,national,1971,1993.49999498673
MYS,national,national,1972,2128.90738683232
MYS,national,national,1973,2321.73809965247
MYS,national,national,1974,2455.31271360892
MYS,national,national,1975,2416.5134488266
MYS,national,national,1976,2632.12032089303
MYS,national,national,1977,2768.88534365126
MYS,national,national,1978,2883.07107029481
MYS,national,national,1979,3077.7893337814
MYS,national,national,1980,3216.28778690077
MYS,national,national,1981,3332.82000559163
MYS,national,national,1982,3420.21717115114
MYS,national,national,1983,3518.79492112604
MYS,national,national,1984,3670.36601236602
MYS,national,national,1985,3515.25505625205
MYS,national,national,1986,3444.11713819558
MYS,national,national,1987,3508.00948571695
MYS,national,national,1988,3737.26006906652
MYS,national,national,1989,3953.81471255834
MYS,national,national,1990,4184.76072928976
MYS,national,national,1991,4456.93133148159
MYS,national,national,1992,4726.13789172987
MYS,national,national,1993,5062.5911043705
MYS,national,national,1994,5390.10167606966
MYS,national,national,1995,5771.35211956083
MYS,national,national,1996,6190.46429134886
MYS,national,national,1997,6480.55649455855
MYS,national,national,1998,5857.96702940857
MYS,national,national,1999,6070.95621987091
MYS,national,national,2000,6455.61419792583
MYS,national,national,2001,6334.92795651698
MYS,national,national,2002,6516.90671560155
MYS,national,national,2003,6732.92049458099
MYS,national,national,2004,7025.34558004381
MYS,national,national,2005,7234.02442689141
MYS,national,national,2006,7469.8106921211
MYS,national,national,2007,7769.59693350488
MYS,national,national,2008,7976.11785374773
MYS,national,national,2009,7700.46111294033
MYS,national,national,2010,8118.92270511981
MYS,national,national,2011,8400.32248683558
MYS,national,national,2012,8710.52671359902
MYS,national,national,2013,8964.80724896203
MYS,national,national,2014,9341.73055971278
MYS,national,national,2015,9648.6797937523
MYS,national,national,2016,9901.47960179812
MYS,national,national,2017,10293.7629205362
MYS,national,national,2018,10610.1950240479
MYS,national,national,2019,10902.9834855856
MYS,national,national,2020,10171.4657842762
MYS,national,national,2021,10388.2667120857
MYS,national,national,2022,11174.2100761842
MYS,national,national,2023,11429.5894122241
MYS,national,national,2024,11834.5813043389
MYS,national,national,2025,12154.2414757265
MYS,national,national,2026,12539.2005782237
MYS,national,national,2027,12941.7381080436
MYS,national,national,2028,13320.0033449382
MYS,national,national,2029,13715.1026960761
MYS,national,national,2030,14127.9581873544
NAM,national,national,1960,2733.80421654627
NAM,national,national,1961,2695.51406480062
NAM,national,national,1962,2997.89364549791
NAM,national,national,1963,3215.24656570118
NAM,national,national,1964,3642.06913957184
NAM,national,national,1965,3788.47266095228
NAM,national,national,1966,3833.51989830011
NAM,national,national,1967,3584.07082148651
NAM,national,national,1968,3521.00468919956
NAM,national,national,1969,3549.15921254195
NAM,national,national,1970,3470.8896376501
NAM,national,national,1971,3523.8201415338
NAM,national,national,1972,3466.38491391532
NAM,national,national,1973,3478.20981371912
NAM,national,national,1974,3596.45881175717
NAM,national,national,1975,3543.52830787347
NAM,national,national,1976,3463.00637111423
NAM,national,national,1977,3369.53335361749
NAM,national,national,1978,3393.74624369194
NAM,national,national,1979,3419.64840516694
NAM,national,national,1980,3543.52830787347
NAM,national,national,1981,3538.05908413962
NAM,national,national,1982,3461.85974021427
NAM,national,national,1983,3309.62139241894
NAM,national,national,1984,3213.57377389991
NAM,national,national,1985,3137.53895430851
NAM,national,national,1986,3187.74903180322
NAM,national,national,1987,3196.99658679727
NAM,national,national,1988,3111.60654486305
NAM,national,national,1989,2974.56787424784
NAM,national,national,1990,2857.33777498196
NAM,national,national,1991,2989.40001637296
NAM,national,national,1992,3104.24536078011
NAM,national,national,1993,2959.27503800966
NAM,national,national,1994,2918.37740296161
NAM,national,national,1995,2945.36226956201
NAM,national,national,1996,2958.24060697383
NAM,national,national,1997,3004.30804359997
NAM,national,national,1998,3025.32668011049
NAM,national,national,1999,3050.46098873323
NAM,national,national,2000,3083.59657884697
NAM,national,national,2001,3055.40444831936
NAM,national,national,2002,3145.94566281247
NAM,national,national,2003,3232.30589658857
NAM,national,national,2004,3582.89503259701
NAM,national,national,2005,3627.75059772278
NAM,national,national,2006,3834.99894666178
NAM,national,national,2007,3987.61796106565
NAM,national,national,2008,4036.38187484707
NAM,national,national,2009,3989.20711387651
NAM,national,national,2010,4165.12990200988
NAM,national,national,2011,4302.72451368462
NAM,national,national,2012,4420.96741373862
NAM,national,national,2013,4549.26759093897
NAM,national,national,2014,4701.95694189098
NAM,national,national,2015,4774.10650865775
NAM,national,national,2016,4648.62713460213
NAM,national,national,2017,4476.73324402105
NAM,national,national,2018,4400.47537705743
NAM,national,national,2019,4243.09274481966
NAM,national,national,2020,3787.49943973286
NAM,national,national,2021,3809.80753359714
NAM,national,national,2022,3903.73340788924
NAM,national,national,2023,3965.35920570222
NAM,national,national,2024,4002.60675205965
NAM,national,national,2025,4035.75924947428
NAM,national,national,2026,4093.70618208067
NAM,national,national,2027,4159.96486349074
NAM,national,national,2028,4208.47061955426
NAM,national,national,2029,4261.57841713019
NAM,national,national,2030,4312.47945125903
NCL,national,national,2015,30858.7237060533
NER,national,national,1960,742.408910760981
NER,national,national,1961,753.981029403906
NER,national,national,1962,807.67276250941
NER,national,national,1963,858.546951094184
NER,national,national,1964,835.221509892938
NER,national,national,1965,867.904426539842
NER,national,national,1966,840.539531726946
NER,national,national,1967,818.380472772694
NER,national,national,1968,799.123593259994
NER,national,national,1969,734.909221060399
NER,national,national,1970,737.081602875181
NER,national,national,1971,758.401953641467
NER,national,national,1972,700.360678791067
NER,national,national,1973,565.626253176058
NER,national,national,1974,598.962615904251
NER,national,national,1975,566.675700752681
NER,national,national,1976,555.074291271365
NER,national,national,1977,581.701168587623
NER,national,national,1978,641.441821701708
NER,national,national,1979,667.364414151822
NER,national,national,1980,631.839702011287
NER,national,national,1981,612.157290468376
NER,national,national,1982,607.151503137229
NER,national,national,1983,566.647875215942
NER,national,national,1984,457.605845032569
NER,national,national,1985,478.48763243638
NER,national,national,1986,493.804077148172
NER,national,national,1987,479.510568113117
NER,national,national,1988,497.164557867416
NER,national,national,1989,486.865683851794
NER,national,national,1990,465.923889536505
NER,national,national,1991,449.719266854731
NER,national,national,1992,444.632775312455
NER,national,national,1993,432.184449587188
NER,national,national,1994,426.267506763664
NER,national,national,1995,422.523153898523
NER,national,national,1996,409.039358698404
NER,national,national,1997,401.724988110363
NER,national,national,1998,427.086030331896
NER,national,national,1999,411.735699209485
NER,national,national,2000,392.898616941042
NER,national,national,2001,406.923493665264
NER,national,national,2002,412.123793192578
NER,national,national,2003,406.333757497876
NER,national,national,2004,393.398781453199
NER,national,national,2005,407.190931059924
NER,national,national,2006,415.852022114801
NER,national,national,2007,413.419126261066
NER,national,national,2008,429.195542798877
NER,national,national,2009,421.650901333136
NER,national,national,2010,441.079166112039
NER,national,national,2011,434.986264873953
NER,national,national,2012,463.066265496402
NER,national,national,2013,469.690214200878
NER,national,national,2014,482.74524741946
NER,national,national,2015,485.662574175279
NER,national,national,2016,495.017437216008
NER,national,national,2017,501.615305462902
NER,national,national,2018,519.546993483886
NER,national,national,2019,532.186024570389
NER,national,national,2020,533.194328910254
NER,national,national,2021,523.263179518652
NER,national,national,2022,566.797962983866
NER,national,national,2023,562.137571413883
NER,national,national,2024,595.319956147933
NER,national,national,2025,617.56640210403
NER,national,national,2026,628.959520909836
NER,national,national,2027,637.347422569416
NER,national,national,2028,651.825531540597
NER,national,national,2029,666.793143098453
NER,national,national,2030,682.369400248749
NGA,national,national,1960,1454.98091927783
NGA,national,national,1961,1428.11709253028
NGA,national,national,1962,1455.81737398163
NGA,national,national,1963,1547.48395499883
NGA,national,national,1964,1589.68156021192
NGA,national,national,1965,1631.55987468263
NGA,national,national,1966,1528.59450365696
NGA,national,national,1967,1260.72712413534
NGA,national,national,1968,1218.43317476044
NGA,national,national,1969,1480.04711892566
NGA,national,national,1970,1808.39459103972
NGA,national,national,1971,2018.173214646
NGA,national,national,1972,2036.69397821361
NGA,national,national,1973,2093.63873175684
NGA,national,national,1974,2267.04408449493
NGA,national,national,1975,2089.85507779178
NGA,national,national,1976,2214.32261606968
NGA,national,national,1977,2278.69721767638
NGA,national,national,1978,2082.55279909897
NGA,national,national,1979,2155.789653002
NGA,national,national,1980,2177.41578655323
NGA,national,national,1981,1834.28760820914
NGA,national,national,1982,1659.09814351168
NGA,national,national,1983,1440.0174778262
NGA,national,national,1984,1387.92176005588
NGA,national,national,1985,1428.92742820366
NGA,national,national,1986,1391.47877234541
NGA,national,national,1987,1398.24883298999
NGA,national,national,1988,1461.19132231299
NGA,national,national,1989,1449.68017647113
NGA,national,national,1990,1577.1961662774
NGA,national,national,1991,1541.59066261036
NGA,national,national,1992,1571.1902261783
NGA,national,national,1993,1498.95895037787
NGA,national,national,1994,1433.3886109229
NGA,national,national,1995,1395.07488456856
NGA,national,national,1996,1416.10189471212
NGA,national,national,1997,1420.23877961207
NGA,national,national,1998,1419.31770917955
NGA,national,national,1999,1390.46921139078
NGA,national,national,2000,1421.67987952013
NGA,national,national,2001,1465.45720342309
NGA,national,national,2002,1644.39518877632
NGA,national,national,2003,1717.2145111176
NGA,national,national,2004,1824.80269456773
NGA,national,national,2005,1889.25175325817
NGA,national,national,2006,1949.15856804565
NGA,national,national,2007,2020.83316299454
NGA,national,national,2008,2098.28339220667
NGA,national,national,2009,2204.6072560373
NGA,national,national,2010,2315.46676509662
NGA,national,national,2011,2370.97657091803
NGA,national,national,2012,2403.65387896923
NGA,national,national,2013,2495.34106573748
NGA,national,national,2014,2583.6155695814
NGA,national,national,2015,2585.73360671797
NGA,national,national,2016,2481.81490350326
NGA,national,national,2017,2441.71236404487
NGA,national,national,2018,2431.77857832567
NGA,national,national,2019,2431.53528472982
NGA,national,national,2020,2337.57587388074
NGA,national,national,2021,2372.57314465346
NGA,national,national,2022,2398.98622787065
NGA,national,national,2023,2416.36198205178
NGA,national,national,2024,2425.17391891728
NGA,national,national,2025,2461.49344721086
NGA,national,national,2026,2501.5098575684
NGA,national,national,2027,2545.43570776719
NGA,national,national,2028,2566.21223008171
NGA,national,national,2029,2592.72801571192
NGA,national,national,2030,2620.17636383584
NIC,national,national,1960,1672.28062465578
NIC,national,national,1961,1744.725161445
NIC,national,national,1962,1877.61825889281
NIC,national,national,1963,2019.89222009477
NIC,national,national,1964,2188.82678204646
NIC,national,national,1965,2325.02105951191
NIC,national,national,1966,2328.59156906016
NIC,national,national,1967,2414.3722076525
NIC,national,national,1968,2371.24867126731
NIC,national,national,1969,2441.32184648301
NIC,national,national,1970,2398.12504602066
NIC,national,national,1971,2401.30652365459
NIC,national,national,1972,2384.28858871367
NIC,national,national,1973,2464.78868244316
NIC,national,national,1974,2729.3039458149
NIC,national,national,1975,2643.01974629021
NIC,national,national,1976,2697.48418686108
NIC,national,national,1977,2836.59365116214
NIC,national,national,1978,2539.74052844915
NIC,national,national,1979,1817.5587628401
NIC,national,national,1980,1850.00555506545
NIC,national,national,1981,1894.88600404506
NIC,national,national,1982,1828.5497116573
NIC,national,national,1983,1863.30470439546
NIC,national,national,1984,1789.10955332195
NIC,national,national,1985,1675.62658174627
NIC,national,national,1986,1620.25266060724
NIC,national,national,1987,1572.33696890733
NIC,national,national,1988,1345.34079013848
NIC,national,national,1989,1291.3470260677
NIC,national,national,1990,1260.87697668085
NIC,national,national,1991,1229.8091165168
NIC,national,national,1992,1206.96533307515
NIC,national,national,1993,1176.11829757074
NIC,national,national,1994,1189.83813240005
NIC,national,national,1995,1234.77136603689
NIC,national,national,1996,1288.94419078619
NIC,national,national,1997,1317.89375616831
NIC,national,national,1998,1346.0761227479
NIC,national,national,1999,1420.32184791873
NIC,national,national,2000,1458.37854273063
NIC,national,national,2001,1482.31887414202
NIC,national,national,2002,1475.49003872794
NIC,national,national,2003,1494.9599207623
NIC,national,national,2004,1555.87814231071
NIC,national,national,2005,1601.49170634402
NIC,national,national,2006,1644.38005202143
NIC,national,national,2007,1703.20754558409
NIC,national,national,2008,1736.64128116032
NIC,national,national,2009,1655.72842353391
NIC,national,national,2010,1704.37971859341
NIC,national,national,2011,1786.64293904555
NIC,national,national,2012,1876.188223644
NIC,national,national,2013,1941.45084735102
NIC,national,national,2014,2006.66284522362
NIC,national,national,2015,2074.45446460028
NIC,national,national,2016,2140.13831299183
NIC,national,national,2017,2209.65481256582
NIC,national,national,2018,2107.35346456322
NIC,national,national,2019,2019.92516272041
NIC,national,national,2020,1959.78830967601
NIC,national,national,2021,2136.10385403637
NIC,national,national,2022,2187.96728914942
NIC,national,national,2023,2256.77147695561
NIC,national,national,2024,2322.84523639877
NIC,national,national,2025,2369.52429107662
NIC,national,national,2026,2416.73928282058
NIC,national,national,2027,2465.78181540945
NIC,national,national,2028,2522.71808850194
NIC,national,national,2029,2580.96903918312
NIC,national,national,2030,2640.56507512633
NLD,national,national,1960,14369.9782010204
NLD,national,national,1961,14224.1232711088
NLD,national,national,1962,14982.6014413175
NLD,national,national,1963,15317.7070002317
NLD,national,national,1964,16364.8358936203
NLD,national,national,1965,17536.8824970256
NLD,national,national,1966,17783.9544414764
NLD,national,national,1967,18511.9893625218
NLD,national,national,1968,19496.2110458952
NLD,national,national,1969,20510.8205773463
NLD,national,national,1970,21502.1677711919
NLD,national,national,1971,22165.264188457
NLD,national,national,1972,22717.6765287558
NLD,national,national,1973,23757.1122032462
NLD,national,national,1974,24382.2248610111
NLD,national,national,1975,24166.3402437694
NLD,national,national,1976,25045.8849216797
NLD,national,national,1977,25524.9215447392
NLD,national,national,1978,26052.3514822543
NLD,national,national,1979,26394.2638789431
NLD,national,national,1980,26537.6185481521
NLD,national,national,1981,26149.651070451
NLD,national,national,1982,25707.04458208
NLD,national,national,1983,26139.8532418517
NLD,national,national,1984,26833.449107754
NLD,national,national,1985,27397.7390478033
NLD,national,national,1986,28005.4569170371
NLD,national,national,1987,28365.7513364876
NLD,national,national,1988,29152.9132810316
NLD,national,national,1989,30259.4323164402
NLD,national,national,1990,31308.9134353062
NLD,national,national,1991,31820.8312757536
NLD,national,national,1992,32119.9518915891
NLD,national,national,1993,32297.9765926087
NLD,national,national,1994,33054.4495250043
NLD,national,national,1995,33916.5007890845
NLD,national,national,1996,34915.1715994696
NLD,national,national,1997,36211.649328204
NLD,national,national,1998,37661.7336703917
NLD,national,national,1999,39298.7334163813
NLD,national,national,2000,40665.3381347954
NLD,national,national,2001,41297.3198197765
NLD,national,national,2002,41135.4190926401
NLD,national,national,2003,40981.8476753112
NLD,national,national,2004,41663.1477702602
NLD,national,national,2005,42411.3453295771
NLD,national,national,2006,43841.1223358567
NLD,national,national,2007,45445.5228940384
NLD,national,national,2008,46227.2111445548
NLD,national,national,2009,44304.4119418886
NLD,national,national,2010,44659.2728095964
NLD,national,national,2011,45239.7318784562
NLD,national,national,2012,44631.8744697382
NLD,national,national,2013,44487.0306140116
NLD,national,national,2014,45042.0669609307
NLD,national,national,2015,45793.8135434697
NLD,national,national,2016,46655.0363545163
NLD,national,national,2017,47670.1056982589
NLD,national,national,2018,48463.0299572209
NLD,national,national,2019,49254.0158758866
NLD,national,national,2020,47086.5803832096
NLD,national,national,2021,49780.8440433539
NLD,national,national,2022,51777.543168341
NLD,national,national,2023,51305.6282286444
NLD,national,national,2024,51310.0355057763
NLD,national,national,2025,51382.2666028011
NLD,national,national,2026,51655.7058691224
NLD,national,national,2027,52165.6396280415
NLD,national,national,2028,52645.7538702551
NLD,national,national,2029,53113.1098800213
NLD,national,national,2030,53557.7338774707
NOR,national,national,1960,19209.4149875442
NOR,national,national,1961,20252.9651418068
NOR,national,national,1962,20656.251402616
NOR,national,national,1963,21276.6121974943
NOR,national,national,1964,22174.3562319721
NOR,national,national,1965,23165.6315360173
NOR,national,national,1966,23851.6125780204
NOR,national,national,1967,25132.6625607088
NOR,national,national,1968,25485.4948986466
NOR,national,national,1969,26417.4081782725
NOR,national,national,1970,26735.8304095216
NOR,national,national,1971,28055.2761671794
NOR,national,national,1972,29325.6487853574
NOR,national,national,1973,30441.2763811072
NOR,national,national,1974,31439.5969962052
NOR,national,national,1975,32814.9157097687
NOR,national,national,1976,34564.0686876912
NOR,national,national,1977,35850.3348649494
NOR,national,national,1978,37095.6138644061
NOR,national,national,1979,38585.9873612669
NOR,national,national,1980,40217.748173408
NOR,national,national,1981,40720.2148104905
NOR,national,national,1982,40666.4051195008
NOR,national,national,1983,42142.3366571342
NOR,national,national,1984,44567.0046807654
NOR,national,national,1985,46901.3242898955
NOR,national,national,1986,48623.3846873713
NOR,national,national,1987,49244.9631981733
NOR,national,national,1988,48855.8114061805
NOR,national,national,1989,49159.7036154895
NOR,national,national,1990,49937.4557760277
NOR,national,national,1991,51233.0361138797
NOR,national,national,1992,52758.9452456296
NOR,national,national,1993,53938.0213173081
NOR,national,national,1994,56343.0105413415
NOR,national,national,1995,58380.5400198046
NOR,national,national,1996,61005.8800438647
NOR,national,national,1997,63882.4765007626
NOR,national,national,1998,65197.9463149391
NOR,national,national,1999,66094.7354617269
NOR,national,national,2000,67846.5968530147
NOR,national,national,2001,68899.5269042015
NOR,national,national,2002,69472.9836723066
NOR,national,national,2003,69719.312268163
NOR,national,national,2004,72090.9862919578
NOR,national,national,2005,73524.2549173583
NOR,national,national,2006,74729.7366063199
NOR,national,national,2007,76115.7066720983
NOR,national,national,2008,75535.2117892008
NOR,national,national,2009,73141.3073422967
NOR,national,national,2010,72804.3956195341
NOR,national,national,2011,72660.6754085214
NOR,national,national,2012,73661.6785918009
NOR,national,national,2013,73515.9144885958
NOR,national,national,2014,74180.323865677
NOR,national,national,2015,74809.9658049898
NOR,national,national,2016,75017.4944737055
NOR,national,national,2017,76247.4116556881
NOR,national,national,2018,76373.6241145297
NOR,national,national,2019,76712.2871258373
NOR,national,national,2020,75287.2059530897
NOR,national,national,2021,77812.7115682103
NOR,national,national,2022,79434.6256451575
NOR,national,national,2023,78912.3327624579
NOR,national,national,2024,79604.5735921797
NOR,national,national,2025,79483.5582258565
NOR,national,national,2026,80263.1648855327
NOR,national,national,2027,80979.4948104239
NOR,national,national,2028,81529.2184990655
NOR,national,national,2029,82067.6359742015
NOR,national,national,2030,82609.8489583833
NPL,national,national,1960,327.132492646534
NPL,national,national,1961,327.025460815349
NPL,national,national,1962,326.800529882372
NPL,national,national,1963,334.811031196728
NPL,national,national,1964,339.192049864588
NPL,national,national,1965,340.695881181223
NPL,national,national,1966,343.487264489497
NPL,national,national,1967,334.378550124278
NPL,national,national,1968,335.13248487437
NPL,national,national,1969,339.657876205109
NPL,national,national,1970,335.076043630877
NPL,national,national,1971,330.366685015045
NPL,national,national,1972,327.939131087647
NPL,national,national,1973,329.29221911509
NPL,national,national,1974,335.133317460934
NPL,national,national,1975,337.06911870259
NPL,national,national,1976,342.060747118469
NPL,national,national,1977,346.594754835304
NPL,national,national,1978,350.31252092393
NPL,national,national,1979,342.875774360387
NPL,national,national,1980,343.226816740659
NPL,national,national,1981,355.970615802274
NPL,national,national,1982,349.902862421246
NPL,national,national,1983,350.992560407176
NPL,national,national,1984,370.363501704024
NPL,national,national,1985,381.70872853918
NPL,national,national,1986,385.563358666995
NPL,national,national,1987,394.359739908375
NPL,national,national,1988,409.455800819435
NPL,national,national,1989,417.977042064132
NPL,national,national,1990,429.859712679773
NPL,national,national,1991,440.609436958378
NPL,national,national,1992,445.620781705987
NPL,national,national,1993,459.606920485337
NPL,national,national,1994,475.165821769792
NPL,national,national,1995,484.432143935919
NPL,national,national,1996,498.784698944501
NPL,national,national,1997,508.795035569695
NPL,national,national,1998,517.431785344214
NPL,national,national,1999,534.88317196147
NPL,national,national,2000,555.111419026341
NPL,national,national,2001,560.657688229717
NPL,national,national,2002,562.842781647461
NPL,national,national,2003,579.157963604509
NPL,national,national,2004,595.813667772702
NPL,national,national,2005,609.796170837256
NPL,national,national,2006,624.759198734514
NPL,national,national,2007,648.779629674912
NPL,national,national,2008,678.671557053596
NPL,national,national,2009,705.746285586139
NPL,national,national,2010,731.137665943074
NPL,national,national,2011,757.733521588837
NPL,national,national,2012,787.206543445696
NPL,national,national,2013,822.13517568449
NPL,national,national,2014,860.017778646226
NPL,national,national,2015,875.37963821688
NPL,national,national,2016,910.637752954616
NPL,national,national,2017,984.249533074267
NPL,national,national,2018,1047.43890963684
NPL,national,national,2019,1056.0425196364
NPL,national,national,2020,1045.98634025453
NPL,national,national,2021,1086.26119312602
NPL,national,national,2022,1123.97575513437
NPL,national,national,2023,1126.27288511694
NPL,national,national,2024,1141.61781042816
NPL,national,national,2025,1198.12513161248
NPL,national,national,2026,1261.78900574088
NPL,national,national,2027,1310.39375418367
NPL,national,national,2028,1360.39343965887
NPL,national,national,2029,1412.27608248838
NPL,national,national,2030,1466.1306789112
NRU,national,national,1970,39999.3373848061
NRU,national,national,1971,40849.4403531348
NRU,national,national,1972,41713.7430774525
NRU,national,national,1973,42577.1961305397
NRU,national,national,1974,43430.0312495755
NRU,national,national,1975,43000.7893362056
NRU,national,national,1976,41274.2243878823
NRU,national,national,1977,39465.4375402163
NRU,national,national,1978,37564.4503911509
NRU,national,national,1979,35659.3377356311
NRU,national,national,1980,33825.1632996931
NRU,national,national,1981,32063.4446171836
NRU,national,national,1982,30435.540902199
NRU,national,national,1983,28976.3874209799
NRU,national,national,1984,27603.4588628057
NRU,national,national,1985,26260.4457159134
NRU,national,national,1986,24951.2870667193
NRU,national,national,1987,23682.6275234499
NRU,national,national,1988,22464.8413819478
NRU,national,national,1989,21307.3395478823
NRU,national,national,1990,18578.6386956322
NRU,national,national,1991,14962.4466388908
NRU,national,national,1992,12376.451431682
NRU,national,national,1993,11006.2544120815
NRU,national,national,1994,10329.9294432012
NRU,national,national,1995,9295.44916757049
NRU,national,national,1996,8306.3364016358
NRU,national,national,1997,7444.71995726343
NRU,national,national,1998,6752.43503584716
NRU,national,national,1999,6308.72235345549
NRU,national,national,2000,5895.41081377427
NRU,national,national,2001,5428.1907038537
NRU,national,national,2002,5169.46738626904
NRU,national,national,2003,5070.65611746563
NRU,national,national,2004,4952.48162530012
NRU,national,national,2005,5156.35903831115
NRU,national,national,2006,4773.9964684905
NRU,national,national,2007,4610.53773953806
NRU,national,national,2008,4895.35819211725
NRU,national,national,2009,4741.10704239271
NRU,national,national,2010,5056.69165512503
NRU,national,national,2011,6007.27968827097
NRU,national,national,2012,6671.36569451567
NRU,national,national,2013,7179.85751253049
NRU,national,national,2014,7676.26060618548
NRU,national,national,2015,7800.82960023257
NRU,national,national,2016,7603.80454373026
NRU,national,national,2017,7216.69949500872
NRU,national,national,2018,7389.63050349483
NRU,national,national,2019,7712.3251748308
NRU,national,national,2020,8025.88689284833
NRU,national,national,2021,8374.27945320522
NRU,national,national,2022,8464.66225948359
NRU,national,national,2023,8351.3625632837
NRU,national,national,2024,8312.62486593796
NRU,national,national,2025,8312.35029296435
NRU,national,national,2026,8285.78943775548
NRU,national,national,2027,8264.21616611466
NRU,national,national,2028,8250.66339208197
NRU,national,national,2029,8235.08991015089
NRU,national,national,2030,8219.3509412574
NZL,national,national,1960,17776.551068472
NZL,national,national,1961,18002.3895872158
NZL,national,national,1962,18091.225758171
NZL,national,national,1963,18817.6083574369
NZL,national,national,1964,19552.1673180578
NZL,national,national,1965,20407.72501827
NZL,national,national,1966,21298.0001599488
NZL,national,national,1967,19960.9945854049
NZL,national,national,1968,19777.0036019688
NZL,national,national,1969,21599.0711721513
NZL,national,national,1970,21010.0255056525
NZL,national,national,1971,21482.054113016
NZL,national,national,1972,22185.9273716135
NZL,national,national,1973,23452.9091323081
NZL,national,national,1974,24345.5402366519
NZL,national,national,1975,23463.0260570469
NZL,national,national,1976,23472.3510899214
NZL,national,national,1977,22478.3020515778
NZL,national,national,1978,22542.680184814
NZL,national,national,1979,23127.1302499646
NZL,national,national,1980,23394.7746124536
NZL,national,national,1981,24389.8628515244
NZL,national,national,1982,24373.2473415141
NZL,national,national,1983,24883.5925300997
NZL,national,national,1984,25851.7262418214
NZL,national,national,1985,26107.4893135443
NZL,national,national,1986,26820.4266706591
NZL,national,national,1987,26848.632106229
NZL,national,national,1988,26680.1098949334
NZL,national,national,1989,26595.1943236879
NZL,national,national,1990,26391.1425882701
NZL,national,national,1991,24868.7385228741
NZL,national,national,1992,24880.2037081612
NZL,national,national,1993,26170.4401014812
NZL,national,national,1994,27146.8256678231
NZL,national,national,1995,28015.5864425497
NZL,national,national,1996,28571.4075096158
NZL,national,national,1997,28785.1958436523
NZL,national,national,1998,28776.0222188928
NZL,national,national,1999,30164.0852034973
NZL,national,national,2000,30848.1860883256
NZL,national,national,2001,31713.1301772319
NZL,national,national,2002,32636.1375503767
NZL,national,national,2003,33511.5504913352
NZL,national,national,2004,34367.0062362204
NZL,national,national,2005,35120.7355126427
NZL,national,national,2006,35659.59616566
NZL,national,national,2007,36406.1408058787
NZL,national,national,2008,35651.0156373706
NZL,national,national,2009,35278.0407763656
NZL,national,national,2010,35392.017344657
NZL,national,national,2011,35910.4173636577
NZL,national,national,2012,36531.7484498327
NZL,national,national,2013,37252.7570550478
NZL,national,national,2014,38014.6435529728
NZL,national,national,2015,38639.3501941427
NZL,national,national,2016,39197.327525871
NZL,national,national,2017,39691.2133196719
NZL,national,national,2018,40350.9122003744
NZL,national,national,2019,40651.9744673101
NZL,national,national,2020,39596.5266174221
NZL,national,national,2021,41225.7927835812
NZL,national,national,2022,42320.892439076
NZL,national,national,2023,41766.8707772422
NZL,national,national,2024,40890.3003209336
NZL,national,national,2025,41269.0875279979
NZL,national,national,2026,42080.1648763225
NZL,national,national,2027,42759.279193993
NZL,national,national,2028,43106.7863317649
NZL,national,national,2029,43438.7517234806
NZL,national,national,2030,43755.4010496797
OMN,national,national,1960,0.00235484837826578
OMN,national,national,1961,0.00234035098184797
OMN,national,national,1962,0.00276122358425937
OMN,national,national,1963,0.00283031567381374
OMN,national,national,1964,0.00277430598973251
OMN,national,national,1965,2726.45883180126
OMN,national,national,1966,2803.36373992104
OMN,national,national,1967,4549.4544111564
OMN,national,national,1968,8071.18754392145
OMN,national,national,1969,9884.06486534758
OMN,national,national,1970,10961.4530607756
OMN,national,national,1971,10760.5017745238
OMN,national,national,1972,11489.2538016852
OMN,national,national,1973,9570.57985616872
OMN,national,national,1974,10302.3883519357
OMN,national,national,1975,12294.9633240241
OMN,national,national,1976,14168.4469653325
OMN,national,national,1977,13631.6155316852
OMN,national,national,1978,12472.0886586901
OMN,national,national,1979,12343.1364832537
OMN,national,national,1980,12406.641239648
OMN,national,national,1981,13751.4981915284
OMN,national,national,1982,14513.9813596912
OMN,national,national,1983,16018.8528993149
OMN,national,national,1984,17703.059313537
OMN,national,national,1985,18998.6682034202
OMN,national,national,1986,18173.3411741214
OMN,national,national,1987,16524.1793523574
OMN,national,national,1988,16544.4404102283
OMN,national,national,1989,17522.6182543769
OMN,national,national,1990,16629.4556601528
OMN,national,national,1991,16805.7218402658
OMN,national,national,1992,17404.1314569504
OMN,national,national,1993,17694.1605143981
OMN,national,national,1994,17848.8187662711
OMN,national,national,1995,18398.7242065917
OMN,national,national,1996,18639.2039411697
OMN,national,national,1997,19458.9266441148
OMN,national,national,1998,19167.755471589
OMN,national,national,1999,18965.2142322448
OMN,national,national,2000,19881.7364316776
OMN,national,national,2001,20546.0554077598
OMN,national,national,2002,20150.1131971413
OMN,national,national,2003,19485.6441506077
OMN,national,national,2004,19534.8601445269
OMN,national,national,2005,19629.0451546015
OMN,national,national,2006,20096.3965576134
OMN,national,national,2007,20642.7489563377
OMN,national,national,2008,22007.7338963517
OMN,national,national,2009,22819.1977324647
OMN,national,national,2010,22766.0503620721
OMN,national,national,2011,20993.9079436935
OMN,national,national,2012,19824.1215485946
OMN,national,national,2013,19299.9400516869
OMN,national,national,2014,18726.2026946971
OMN,national,national,2015,18808.3077921839
OMN,national,national,2016,18830.6057208608
OMN,national,national,2017,18277.945563615
OMN,national,national,2018,18269.6769435562
OMN,national,national,2019,18089.586668488
OMN,national,national,2020,17743.8858800477
OMN,national,national,2021,18291.3387983888
OMN,national,national,2022,19069.3926798091
OMN,national,national,2023,18098.5776925062
OMN,national,national,2024,17715.817860178
OMN,national,national,2025,17543.4829777457
OMN,national,national,2026,17620.0081101339
OMN,national,national,2027,17877.5436639923
OMN,national,national,2028,18028.7580334835
OMN,national,national,2029,18138.8611732097
OMN,national,national,2030,18248.2853805292
PAK,national,national,1960,420.688152649955
PAK,national,national,1961,431.268953217035
PAK,national,national,1962,447.850217429995
PAK,national,national,1963,471.415280129654
PAK,national,national,1964,500.191927914547
PAK,national,national,1965,525.626448153439
PAK,national,national,1966,539.702209396135
PAK,national,national,1967,557.811526370783
PAK,national,national,1968,576.541346054978
PAK,national,national,1969,607.664588534996
PAK,national,national,1970,624.442570441028
PAK,national,national,1971,611.315887904947
PAK,national,national,1972,617.415595673922
PAK,national,national,1973,631.195789036762
PAK,national,national,1974,636.509563802814
PAK,national,national,1975,646.481206391181
PAK,national,national,1976,655.248719573901
PAK,national,national,1977,672.924834057318
PAK,national,national,1978,688.966938960505
PAK,national,national,1979,709.759795597696
PAK,national,national,1980,742.563941927149
PAK,national,national,1981,765.195965051744
PAK,national,national,1982,787.226622496781
PAK,national,national,1983,806.697506432349
PAK,national,national,1984,831.220660195276
PAK,national,national,1985,856.921644509316
PAK,national,national,1986,877.863001487683
PAK,national,national,1987,908.450006054395
PAK,national,national,1988,933.901049388711
PAK,national,national,1989,946.064477137037
PAK,national,national,1990,958.70357026851
PAK,national,national,1991,989.073790082417
PAK,national,national,1992,1006.44181633056
PAK,national,national,1993,1005.16142170092
PAK,national,national,1994,1019.01510983168
PAK,national,national,1995,1038.42627980384
PAK,national,national,1996,1038.44234136492
PAK,national,national,1997,1027.74919239669
PAK,national,national,1998,1030.99960963629
PAK,national,national,1999,1042.5205894657
PAK,national,national,2000,1053.70498732749
PAK,national,national,2001,1058.45469401617
PAK,national,national,2002,1074.65847509167
PAK,national,national,2003,1118.63578418206
PAK,national,national,2004,1174.1149610494
PAK,national,national,2005,1222.58750984878
PAK,national,national,2006,1254.64855071193
PAK,national,national,2007,1261.70378237147
PAK,national,national,2008,1263.56310525448
PAK,national,national,2009,1262.88457158884
PAK,national,national,2010,1259.2632205459
PAK,national,national,2011,1268.65984403411
PAK,national,national,2012,1292.59443672676
PAK,national,national,2013,1326.50429283714
PAK,national,national,2014,1361.8889947968
PAK,national,national,2015,1416.32839553747
PAK,national,national,2016,1473.72422898605
PAK,national,national,2017,1528.47178673795
PAK,national,national,2018,1567.75739044464
PAK,national,national,2019,1549.91952877839
PAK,national,national,2020,1560.51694830864
PAK,national,national,2021,1618.65429575124
PAK,national,national,2022,1629.33986931346
PAK,national,national,2023,1594.72449673001
PAK,national,national,2024,1601.49418284239
PAK,national,national,2025,1622.28986987256
PAK,national,national,2026,1649.20808442051
PAK,national,national,2027,1684.08227485625
PAK,national,national,2028,1726.30150680418
PAK,national,national,2029,1769.57915880682
PAK,national,national,2030,1813.94176332528
PAN,national,national,1960,2809.09635546079
PAN,national,national,1961,3025.05532015251
PAN,national,national,1962,3177.40183990736
PAN,national,national,1963,3345.64594329978
PAN,national,national,1964,3389.55422433321
PAN,national,national,1965,3590.43695377221
PAN,national,national,1966,3749.33741417518
PAN,national,national,1967,3952.07375864223
PAN,national,national,1968,4107.09637772042
PAN,national,national,1969,4328.31649576701
PAN,national,national,1970,4500.46362211365
PAN,national,national,1971,4796.87687678705
PAN,national,national,1972,4879.84805400946
PAN,national,national,1973,5004.08529485978
PAN,national,national,1974,4992.24686476946
PAN,national,national,1975,4948.79764940523
PAN,national,national,1976,4905.04206487063
PAN,national,national,1977,4837.27014523826
PAN,national,national,1978,5183.5703549476
PAN,national,national,1979,5289.37656995232
PAN,national,national,1980,5840.96093713885
PAN,national,national,1981,6229.52654445661
PAN,national,national,1982,6409.68671715678
PAN,national,national,1983,5979.5181686045
PAN,national,national,1984,5999.68243599805
PAN,national,national,1985,6152.7843025223
PAN,national,national,1986,6229.61874146209
PAN,national,national,1987,5982.34479877036
PAN,national,national,1988,5069.86261679445
PAN,national,national,1989,5039.88258973064
PAN,national,national,1990,5333.21870442352
PAN,national,national,1991,5712.98860533438
PAN,national,national,1992,6053.46766447567
PAN,national,national,1993,6252.48829508086
PAN,national,national,1994,6299.53554013552
PAN,national,national,1995,6280.46246501922
PAN,national,national,1996,5799.88560096133
PAN,national,national,1997,6122.6466478841
PAN,national,national,1998,6504.97011881774
PAN,national,national,1999,6709.72276088415
PAN,national,national,2000,6856.14919005847
PAN,national,national,2001,6787.86267897348
PAN,national,national,2002,6825.17747437166
PAN,national,national,2003,7037.08165700349
PAN,national,national,2004,7468.76593139801
PAN,national,national,2005,7935.87135060821
PAN,national,national,2006,8557.9801770364
PAN,national,national,2007,9507.64641073854
PAN,national,national,2008,10288.1549911493
PAN,national,national,2009,10267.0633151993
PAN,national,national,2010,10698.0717633911
PAN,national,national,2011,11761.4988547604
PAN,national,national,2012,12668.2945474105
PAN,national,national,2013,13236.8306754449
PAN,national,national,2014,13611.5490809559
PAN,national,national,2015,14082.6548502728
PAN,national,national,2016,14474.1243636349
PAN,national,national,2017,15045.5456426827
PAN,national,national,2018,15375.6435074101
PAN,national,national,2019,15602.5420867199
PAN,national,national,2020,12647.082664124
PAN,national,national,2021,14552.9401574302
PAN,national,national,2022,15917.427539403
PAN,national,national,2023,16872.8834654731
PAN,national,national,2024,17077.2239949906
PAN,national,national,2025,17451.8701120211
PAN,national,national,2026,17908.5618008575
PAN,national,national,2027,18453.1341949275
PAN,national,national,2028,18961.1124974676
PAN,national,national,2029,19483.0746848979
PAN,national,national,2030,20262.3981593707
PER,national,national,1960,2704.36949914585
PER,national,national,1961,2819.64448663957
PER,national,national,1962,3013.56779249399
PER,national,national,1963,3054.09341665986
PER,national,national,1964,3161.27865870871
PER,national,national,1965,3244.42752499768
PER,national,national,1966,3413.00557819899
PER,national,national,1967,3445.54689195427
PER,national,national,1968,3355.06834981307
PER,national,national,1969,3377.29242666322
PER,national,national,1970,3404.48746273535
PER,national,national,1971,3474.09968688628
PER,national,national,1972,3500.78314670801
PER,national,national,1973,3625.43301411272
PER,national,national,1974,3866.6634321787
PER,national,national,1975,3933.70255577203
PER,national,national,1976,3893.41831349783
PER,national,national,1977,3811.69775974603
PER,national,national,1978,3619.69303247044
PER,national,national,1979,3674.96184299482
PER,national,national,1980,3797.43621611508
PER,national,national,1981,3909.66676934412
PER,national,national,1982,3805.24470888803
PER,national,national,1983,3325.45532400634
PER,national,national,1984,3361.21738023781
PER,national,national,1985,3347.82743034644
PER,national,national,1986,3578.0009133316
PER,national,national,1987,3837.26769850321
PER,national,national,1988,3397.01630742059
PER,national,national,1989,2912.6643430804
PER,national,national,1990,2706.92253156841
PER,national,national,1991,2709.27754515647
PER,national,national,1992,2640.31373880219
PER,national,national,1993,2723.2842310292
PER,national,national,1994,2998.57693125514
PER,national,national,1995,3158.98338644792
PER,national,national,1996,3186.90077024092
PER,national,national,1997,3331.15151093297
PER,national,national,1998,3258.29746206218
PER,national,national,1999,3250.37802318947
PER,national,national,2000,3286.27308475523
PER,national,national,2001,3261.6642505136
PER,national,national,2002,3398.74991419297
PER,national,national,2003,3502.79165687646
PER,national,national,2004,3640.60299869744
PER,national,national,2005,3835.13219279722
PER,national,national,2006,4091.36268615581
PER,national,national,2007,4407.79121686416
PER,national,national,2008,4778.52642172313
PER,national,national,2009,4801.17153740507
PER,national,national,2010,5167.39259325937
PER,national,national,2011,5453.45718713631
PER,national,national,2012,5740.04346272472
PER,national,national,2013,6021.46142765232
PER,national,national,2014,6103.91864749969
PER,national,national,2015,6231.71150338894
PER,national,national,2016,6392.25474941014
PER,national,national,2017,6457.41940254721
PER,national,national,2018,6593.14437459526
PER,national,national,2019,6626.26083494969
PER,national,national,2020,5831.83024758521
PER,national,national,2021,6547.42006938295
PER,national,national,2022,6661.66496902346
PER,national,national,2023,6552.55403560046
PER,national,national,2024,6681.78830141408
PER,national,national,2025,6806.74332862554
PER,national,national,2026,6905.7050247497
PER,national,national,2027,7011.73059287734
PER,national,national,2028,7115.88485147062
PER,national,national,2029,7221.89532577183
PER,national,national,2030,7328.87576723017
PHL,national,national,1960,1123.78209985097
PHL,national,national,1961,1150.62906591249
PHL,national,national,1962,1168.60880130542
PHL,national,national,1963,1211.82149964873
PHL,national,national,1964,1214.70925765174
PHL,national,national,1965,1241.10921657209
PHL,national,national,1966,1257.98440674326
PHL,national,national,1967,1285.29310108254
PHL,national,national,1968,1311.52148743691
PHL,national,national,1969,1334.73174875424
PHL,national,national,1970,1348.64912776685
PHL,national,national,1971,1388.24899936664
PHL,national,national,1972,1430.58532250613
PHL,national,national,1973,1522.01742055732
PHL,national,national,1974,1540.04224358033
PHL,national,national,1975,1587.49928262321
PHL,national,national,1976,1683.65998860833
PHL,national,national,1977,1730.59409733868
PHL,national,national,1978,1772.22820174877
PHL,national,national,1979,1822.14502277696
PHL,national,national,1980,1867.56862359787
PHL,national,national,1981,1881.81520263893
PHL,national,national,1982,1898.13930587999
PHL,national,national,1983,1878.60173417873
PHL,national,national,1984,1696.57673829111
PHL,national,national,1985,1537.66555846745
PHL,national,national,1986,1551.4089278181
PHL,national,national,1987,1576.97337034206
PHL,national,national,1988,1638.03682410746
PHL,national,national,1989,1696.00236354085
PHL,national,national,1990,1704.07568906112
PHL,national,national,1991,1656.38349711577
PHL,national,national,1992,1624.34939812793
PHL,national,national,1993,1620.3550584059
PHL,national,national,1994,1654.74613909627
PHL,national,national,1995,1693.80873088593
PHL,national,national,1996,1752.23800111748
PHL,national,national,1997,1800.25913144999
PHL,national,national,1998,1746.52590520447
PHL,national,national,1999,1759.4210523287
PHL,national,national,2000,1793.34760866258
PHL,national,national,2001,1807.70892532174
PHL,national,national,2002,1837.25429294391
PHL,national,national,2003,1892.82162002816
PHL,national,national,2004,1978.3448914123
PHL,national,national,2005,2037.8776606782
PHL,national,national,2006,2110.42044789942
PHL,national,national,2007,2209.34651092393
PHL,national,national,2008,2264.94629082173
PHL,national,national,2009,2256.72554844721
PHL,national,national,2010,2373.14312085009
PHL,national,national,2011,2416.75212076537
PHL,national,national,2012,2533.74141971272
PHL,national,national,2013,2654.41506946871
PHL,national,national,2014,2776.92005916931
PHL,national,national,2015,2909.85818014474
PHL,national,national,2016,3076.33741880211
PHL,national,national,2017,3247.45038795053
PHL,national,national,2018,3410.93647986368
PHL,national,national,2019,3575.88170930212
PHL,national,national,2020,3198.6669001424
PHL,national,national,2021,3350.97587601524
PHL,national,national,2022,3577.70136587922
PHL,national,national,2023,3745.65232883132
PHL,national,national,2024,3917.08574653495
PHL,national,national,2025,4093.13588681219
PHL,national,national,2026,4281.39929535762
PHL,national,national,2027,4481.40434967233
PHL,national,national,2028,4710.01513052444
PHL,national,national,2029,4953.22332755016
PHL,national,national,2030,5209.77561400542
PLW,national,national,1970,12683.7524532806
PLW,national,national,1971,12276.4051465789
PLW,national,national,1972,11896.3050134052
PLW,national,national,1973,11629.7891191244
PLW,national,national,1974,11553.9121604525
PLW,national,national,1975,11589.8911069357
PLW,national,national,1976,11684.3038805666
PLW,national,national,1977,11866.215822322
PLW,national,national,1978,11896.8317683858
PLW,national,national,1979,11942.4421622004
PLW,national,national,1980,11914.2785295049
PLW,national,national,1981,11707.8051625167
PLW,national,national,1982,11457.4312525024
PLW,national,national,1983,11471.0653715566
PLW,national,national,1984,11723.9997673234
PLW,national,national,1985,12049.7042361075
PLW,national,national,1986,12407.9615753105
PLW,national,national,1987,12800.8955480309
PLW,national,national,1988,13214.2149556937
PLW,national,national,1989,13651.1286415343
PLW,national,national,1990,14070.9843239086
PLW,national,national,1991,14027.231769185
PLW,national,national,1992,12632.9851409395
PLW,national,national,1993,11355.9657262895
PLW,national,national,1994,11995.8577130037
PLW,national,national,1995,12954.5886619785
PLW,national,national,1996,13663.5948635718
PLW,national,national,1997,13626.527492666
PLW,national,national,1998,13349.1027848724
PLW,national,national,1999,12479.6193602106
PLW,national,national,2000,12268.1083618108
PLW,national,national,2001,12905.333197258
PLW,national,national,2002,13175.1321945064
PLW,national,national,2003,12875.6192685414
PLW,national,national,2004,13284.770137987
PLW,national,national,2005,13657.5770622208
PLW,national,national,2006,13875.7717507435
PLW,national,national,2007,14071.6903518354
PLW,national,national,2008,13444.3673105849
PLW,national,national,2009,12879.0776934148
PLW,national,national,2010,13180.9266800081
PLW,national,national,2011,13963.1368162659
PLW,national,national,2012,14193.3909236098
PLW,national,national,2013,14089.4692411209
PLW,national,national,2014,14832.6762361219
PLW,national,national,2015,15667.5738525219
PLW,national,national,2016,15467.7187638008
PLW,national,national,2017,15080.5391807922
PLW,national,national,2018,15102.6510510511
PLW,national,national,2019,14909.6732305776
PLW,national,national,2020,13742.9975893543
PLW,national,national,2021,12238.902002501
PLW,national,national,2022,12192.2954166353
PLW,national,national,2023,12307.9251058552
PLW,national,national,2024,13310.9339852351
PLW,national,national,2025,14302.3472833233
PLW,national,national,2026,14806.5429119784
PLW,national,national,2027,15249.5626270184
PLW,national,national,2028,15658.1267587331
PLW,national,national,2029,16063.5582975959
PLW,national,national,2030,16472.3885464807
PNG,national,national,1960,1312.56006039716
PNG,national,national,1961,1358.94134628412
PNG,national,national,1962,1412.56784779974
PNG,national,national,1963,1437.51485607465
PNG,national,national,1964,1527.22988798729
PNG,national,national,1965,1648.27983167304
PNG,national,national,1966,1705.99059094553
PNG,national,national,1967,1736.12038081553
PNG,national,national,1968,1771.43806840821
PNG,national,national,1969,1874.00506195675
PNG,national,national,1970,2028.5358613526
PNG,national,national,1971,2105.15949919314
PNG,national,national,1972,2171.49663633103
PNG,national,national,1973,2259.80527474783
PNG,national,national,1974,2266.53521520955
PNG,national,national,1975,2196.98934842024
PNG,national,national,1976,2076.43535316399
PNG,national,national,1977,2048.9082542917
PNG,national,national,1978,2177.15239817535
PNG,national,national,1979,2171.05741868956
PNG,national,national,1980,2077.58361339529
PNG,national,national,1981,2029.42105281099
PNG,national,national,1982,1994.61292972615
PNG,national,national,1983,2016.07588072498
PNG,national,national,1984,1966.70397098497
PNG,national,national,1985,2002.02298435765
PNG,national,national,1986,2051.25221816556
PNG,national,national,1987,2062.9612180845
PNG,national,national,1988,2077.6016087929
PNG,national,national,1989,2002.68081599173
PNG,national,national,1990,1892.30679279448
PNG,national,national,1991,2008.35151943089
PNG,national,national,1992,2206.99633305172
PNG,national,national,1993,2515.6383945071
PNG,national,national,1994,2570.33691061958
PNG,national,national,1995,2397.40045298857
PNG,national,national,1996,2492.07962762784
PNG,national,national,1997,2310.98773975643
PNG,national,national,1998,2147.04526266919
PNG,national,national,1999,2112.0950973955
PNG,national,national,2000,1989.57882204274
PNG,national,national,2001,1920.78003889393
PNG,national,national,2002,1854.41831737462
PNG,national,national,2003,1832.67870314447
PNG,national,national,2004,1821.84741071002
PNG,national,national,2005,1875.82273480514
PNG,national,national,2006,1915.2349405788
PNG,national,national,2007,2000.9726186689
PNG,national,national,2008,1934.03201558753
PNG,national,national,2009,2003.24109727039
PNG,national,national,2010,2140.50939027384
PNG,national,national,2011,2102.03192060639
PNG,national,national,2012,2139.48096660428
PNG,national,national,2013,2162.10592595591
PNG,national,national,2014,2391.3578028163
PNG,national,national,2015,2484.5963398603
PNG,national,national,2016,2557.09463030035
PNG,national,national,2017,2584.8883636271
PNG,national,national,2018,2518.45899317321
PNG,national,national,2019,2572.56177971872
PNG,national,national,2020,2438.61137934805
PNG,national,national,2021,2378.37168116559
PNG,national,national,2022,2467.23488917127
PNG,national,national,2023,2496.50840962288
PNG,national,national,2024,2558.71919542346
PNG,national,national,2025,2622.98366945454
PNG,national,national,2026,2661.20469370164
PNG,national,national,2027,2698.07718831353
PNG,national,national,2028,2725.29554208156
PNG,national,national,2029,2751.98780637125
PNG,national,national,2030,2778.94199627904
POL,national,national,1960,3117.07998317787
POL,national,national,1961,3321.43878792865
POL,national,national,1962,3238.72212886286
POL,national,national,1963,3395.03228606807
POL,national,national,1964,3511.20053519723
POL,national,national,1965,3671.159956773
POL,national,national,1966,3869.43665423953
POL,national,national,1967,3977.69816389917
POL,national,national,1968,4185.09802229208
POL,national,national,1969,4111.50452415266
POL,national,national,1970,4292.75132122329
POL,national,national,1971,4563.4050953724
POL,national,national,1972,4857.17087720165
POL,national,national,1973,5177.08972035317
POL,national,national,1974,5430.10538337795
POL,national,national,1975,5630.81492375818
POL,national,national,1976,5715.35621500925
POL,national,national,1977,5767.6623376538
POL,national,national,1978,5924.58070558743
POL,national,national,1979,5760.3638089127
POL,national,national,1980,5564.51995435986
POL,national,national,1981,4963.42930125114
POL,national,national,1982,4679.86583869491
POL,national,national,1983,4872.67537016106
POL,national,national,1984,4813.18404070517
POL,national,national,1985,4961.8360281651
POL,national,national,1986,5103.6529915262
POL,national,national,1987,5194.57525367942
POL,national,national,1988,5360.12298226797
POL,national,national,1989,5558.89456511013
POL,national,national,1990,5111.3453296443
POL,national,national,1991,4735.9276980893
POL,national,national,1992,4840.16858549117
POL,national,national,1993,5008.34908886395
POL,national,national,1994,5262.31523522496
POL,national,national,1995,5671.89573674798
POL,national,national,1996,6012.95806433166
POL,national,national,1997,6391.13172823376
POL,national,national,1998,6684.11477782234
POL,national,national,1999,6998.79475144289
POL,national,national,2000,7401.57697647848
POL,national,national,2001,7494.96089503246
POL,national,national,2002,7640.99307757777
POL,national,national,2003,7915.55424389704
POL,national,national,2004,8323.38773754587
POL,national,national,2005,8598.57681241557
POL,national,national,2006,9137.65850849801
POL,national,national,2007,9760.7042604352
POL,national,national,2008,10187.2017910883
POL,national,national,2009,10446.5289138524
POL,national,national,2010,10808.3975674238
POL,national,national,2011,11370.313427173
POL,national,national,2012,11542.2353368014
POL,national,national,2013,11628.2286809525
POL,national,national,2014,12093.1622787394
POL,national,national,2015,12637.5220324406
POL,national,national,2016,13026.1858988718
POL,national,national,2017,13695.6452848724
POL,national,national,2018,14551.0850277089
POL,national,national,2019,15221.3090624454
POL,national,national,2020,14937.5960275482
POL,national,national,2021,16368.6239689025
POL,national,national,2022,17303.64494323
POL,national,national,2023,17391.1441481102
POL,national,national,2024,17970.1679873977
POL,national,national,2025,18642.6201194651
POL,national,national,2026,19299.3747570186
POL,national,national,2027,19958.6285839335
POL,national,national,2028,20585.7220079001
POL,national,national,2029,21209.6276477703
POL,national,national,2030,21834.0974970352
PRI,national,national,1960,6470.79094876961
PRI,national,national,1961,6836.06575730705
PRI,national,national,1962,7259.63164270442
PRI,national,national,1963,7667.75854993488
PRI,national,national,1964,8149.67279674313
PRI,national,national,1965,8708.19393702601
PRI,national,national,1966,9213.16132137125
PRI,national,national,1967,9669.36177669617
PRI,national,national,1968,10302.486670625
PRI,national,national,1969,11099.1349247044
PRI,national,national,1970,11744.5811710189
PRI,national,national,1971,12317.2478382184
PRI,national,national,1972,12879.2686170881
PRI,national,national,1973,13188.7039480455
PRI,national,national,1974,13077.6507244457
PRI,national,national,1975,13204.9075717132
PRI,national,national,1976,13793.4285987018
PRI,national,national,1977,14481.5271926277
PRI,national,national,1978,15361.8787892992
PRI,national,national,1979,16090.5228729151
PRI,national,national,1980,16329.7859480395
PRI,national,national,1981,16117.7189247437
PRI,national,national,1982,15639.7655994457
PRI,national,national,1983,15749.7843837931
PRI,national,national,1984,16294.0295567276
PRI,national,national,1985,16790.2089418837
PRI,national,national,1986,17526.2253474278
PRI,national,national,1987,18375.4757323141
PRI,national,national,1988,19134.8417270475
PRI,national,national,1989,19093.7060879834
PRI,national,national,1990,18881.9433948143
PRI,national,national,1991,19400.5050026812
PRI,national,national,1992,20143.1445922514
PRI,national,national,1993,20846.0954422996
PRI,national,national,1994,21556.5440459524
PRI,national,national,1995,22064.9985308549
PRI,national,national,1996,22627.4568202629
PRI,national,national,1997,23629.3221258819
PRI,national,national,1998,24785.705729883
PRI,national,national,1999,25753.0323922316
PRI,national,national,2000,26927.1651340983
PRI,national,national,2001,27831.3749048361
PRI,national,national,2002,27939.0996022435
PRI,national,national,2003,29156.8030829813
PRI,national,national,2004,30095.5029989723
PRI,national,national,2005,29667.4775515189
PRI,national,national,2006,29433.7923421985
PRI,national,national,2007,29161.9885204441
PRI,national,national,2008,28770.9494797313
PRI,national,national,2009,28578.9227517528
PRI,national,national,2010,28706.5278190009
PRI,national,national,2011,29000.6724413866
PRI,national,national,2012,29303.2393738773
PRI,national,national,2013,29490.3452283005
PRI,national,national,2014,29659.0334193968
PRI,national,national,2015,29862.5156557688
PRI,national,national,2016,29885.3889995431
PRI,national,national,2017,29748.1019217648
PRI,national,national,2018,29934.0593515655
PRI,national,national,2019,29163.0775979862
PRI,national,national,2020,28280.8926228767
PRI,national,national,2021,29118.3341713551
PRI,national,national,2022,29971.3648348564
PRI,national,national,2023,30086.8424394326
PRI,national,national,2024,30540.4114867126
PRI,national,national,2025,30448.3295470912
PRI,national,national,2026,30570.7357140325
PRI,national,national,2027,31031.6009883767
PRI,national,national,2028,31374.6636848039
PRI,national,national,2029,31784.5834547409
PRI,national,national,2030,32199.860035043
PRK,national,national,1990,2455.81857694823
PRK,national,national,1991,2315.95886869544
PRK,national,national,1992,2120.54612462779
PRK,national,national,1993,1996.29334047591
PRK,national,national,1994,1925.9560329888
PRK,national,national,1995,1816.00900994004
PRK,national,national,1996,1733.09950574924
PRK,national,national,1997,1604.89952674453
PRK,national,national,1998,1579.93092964188
PRK,national,national,1999,1664.64215028779
PRK,national,national,2000,1657.14443577225
PRK,national,national,2001,1704.37326161717
PRK,national,national,2002,1710.94957201576
PRK,national,national,2003,1729.62207872068
PRK,national,national,2004,1753.69193369254
PRK,national,national,2005,1808.06182579764
PRK,national,national,2006,1778.49565915524
PRK,national,national,2007,1746.92756249456
PRK,national,national,2008,1794.65737167766
PRK,national,national,2009,1768.88974979975
PRK,national,national,2010,1751.43628161136
PRK,national,national,2011,1756.61080668874
PRK,national,national,2012,1770.92094154285
PRK,national,national,2013,1781.30084534494
PRK,national,national,2014,1791.34364009763
PRK,national,national,2015,1762.51667533842
PRK,national,national,2016,1821.21208790605
PRK,national,national,2017,1749.05952798693
PRK,national,national,2018,1668.54457376405
PRK,national,national,2019,1666.81437717366
PRK,national,national,2020,1584.377085405
PRK,national,national,2021,1577.13211047099
PRK,national,national,2022,1568.84698959985
PRT,national,national,1960,4066.9628380453
PRT,national,national,1961,4257.64924544872
PRT,national,national,1962,4506.63075070471
PRT,national,national,1963,4752.12012787288
PRT,national,national,1964,5049.21314390612
PRT,national,national,1965,5448.5113625045
PRT,national,national,1966,5713.62224830786
PRT,national,national,1967,6183.78510391531
PRT,national,national,1968,6761.48060575555
PRT,national,national,1969,6967.11704577386
PRT,national,national,1970,7669.76358295349
PRT,national,national,1971,8213.09616294278
PRT,national,national,1972,8885.13112739897
PRT,national,national,1973,9877.26966763582
PRT,national,national,1974,9851.77003221477
PRT,national,national,1975,9072.04105143795
PRT,national,national,1976,9426.09684563121
PRT,national,national,1977,9849.07294858498
PRT,national,national,1978,10017.7470539075
PRT,national,national,1979,10469.8022679495
PRT,national,national,1980,10832.5150495876
PRT,national,national,1981,10912.762481445
PRT,national,national,1982,11077.8609853574
PRT,national,national,1983,11007.4941383306
PRT,national,national,1984,10759.1013686348
PRT,national,national,1985,11030.9414837527
PRT,national,national,1986,11477.2841185958
PRT,national,national,1987,12212.9852416535
PRT,national,national,1988,13141.2824179545
PRT,national,national,1989,14008.090736446
PRT,national,national,1990,14593.2547484179
PRT,national,national,1991,15265.8627897796
PRT,national,national,1992,15444.1838248682
PRT,national,national,1993,15110.1228224777
PRT,national,national,1994,15214.9142471067
PRT,national,national,1995,15811.7000553673
PRT,national,national,1996,16304.3794881171
PRT,national,national,1997,16946.0868319509
PRT,national,national,1998,17671.3135096042
PRT,national,national,1999,18258.0910764888
PRT,national,national,2000,18822.0932874528
PRT,national,national,2001,19053.0899271768
PRT,national,national,2002,19095.1102477948
PRT,national,national,2003,18846.5411815772
PRT,national,national,2004,19137.8371065037
PRT,national,national,2005,19251.7145595409
PRT,national,national,2006,19529.3121306472
PRT,national,national,2007,19979.5706126396
PRT,national,national,2008,20014.4748812235
PRT,national,national,2009,19371.131868075
PRT,national,national,2010,19698.6836541739
PRT,national,national,2011,19389.6395563318
PRT,national,national,2012,18679.7626580948
PRT,national,national,2013,18597.721407072
PRT,national,national,2014,18836.8967511808
PRT,national,national,2015,19215.7813014347
PRT,national,national,2016,19662.823085477
PRT,national,national,2017,20364.1963711444
PRT,national,national,2018,20997.7744915886
PRT,national,national,2019,21569.1874470753
PRT,national,national,2020,19778.7138255776
PRT,national,national,2021,20747.6990979031
PRT,national,national,2022,22042.86817027
PRT,national,national,2023,22292.4218368837
PRT,national,national,2024,22699.0783184226
PRT,national,national,2025,23013.356273567
PRT,national,national,2026,23379.2019225969
PRT,national,national,2027,23777.356371032
PRT,national,national,2028,24231.0156097057
PRT,national,national,2029,24680.1875210788
PRT,national,national,2030,25137.6865511352
PRY,national,national,1960,1508.16141282722
PRY,national,national,1961,1575.52406103644
PRY,national,national,1962,1589.79545588368
PRY,national,national,1963,1624.51869505985
PRY,national,national,1964,1651.13204882209
PRY,national,national,1965,1710.03289597261
PRY,national,national,1966,1702.11401817257
PRY,national,national,1967,1814.19962099789
PRY,national,national,1968,1852.79561030551
PRY,national,national,1969,1896.19771964484
PRY,national,national,1970,1957.05006174244
PRY,national,national,1971,2019.34109541627
PRY,national,national,1972,2103.85688114327
PRY,national,national,1973,2203.53402180623
PRY,national,national,1974,2329.53831328205
PRY,national,national,1975,2428.10852282564
PRY,national,national,1976,2547.26283802519
PRY,national,national,1977,2770.71211550828
PRY,national,national,1978,3027.55721498509
PRY,national,national,1979,3301.62489424794
PRY,national,national,1980,3592.56127303015
PRY,national,national,1981,3816.55409047898
PRY,national,national,1982,3659.88259197454
PRY,national,national,1983,3450.26584009734
PRY,national,national,1984,3448.83908839232
PRY,national,national,1985,3504.47829642444
PRY,national,national,1986,3575.79690422229
PRY,national,national,1987,3739.83410213482
PRY,national,national,1988,3851.51631859871
PRY,national,national,1989,4006.15999912344
PRY,national,national,1990,4059.77343113311
PRY,national,national,1991,4091.49044786451
PRY,national,national,1992,4054.04426060844
PRY,national,national,1993,4147.78440621564
PRY,national,national,1994,4262.14495791711
PRY,national,national,1995,4445.18978188914
PRY,national,national,1996,4411.37280078232
PRY,national,national,1997,4496.02336469138
PRY,national,national,1998,4402.11110078249
PRY,national,national,1999,4252.49065726668
PRY,national,national,2000,4074.48953320404
PRY,national,national,2001,3972.88427866686
PRY,national,national,2002,3916.4402230868
PRY,national,national,2003,4035.71833919883
PRY,national,national,2004,4151.34584799368
PRY,national,national,2005,4193.2808652562
PRY,national,national,2006,4349.31197066182
PRY,national,national,2007,4540.38235899198
PRY,national,national,2008,4788.6631877791
PRY,national,national,2009,4727.59685811395
PRY,national,national,2010,5191.05014254402
PRY,national,national,2011,5342.19015717376
PRY,national,national,2012,5230.26244858764
PRY,national,national,2013,5583.12274473463
PRY,national,national,2014,5794.47644401603
PRY,national,national,2015,5879.33792308671
PRY,national,national,2016,6041.95879367268
PRY,national,national,2017,6243.13363139058
PRY,national,national,2018,6354.2392005297
PRY,national,national,2019,6243.53620897773
PRY,national,national,2020,6109.19608100615
PRY,national,national,2021,6278.11006663828
PRY,national,national,2022,6218.19790694079
PRY,national,national,2023,6431.71872824395
PRY,national,national,2024,6587.68896222938
PRY,national,national,2025,6771.45254583077
PRY,national,national,2026,6964.18098490221
PRY,national,national,2027,7165.80830795033
PRY,national,national,2028,7334.93579445847
PRY,national,national,2029,7510.22170378283
PRY,national,national,2030,7692.37309641137
PSE,national,national,1960,815.283874560319
PSE,national,national,1961,829.428034305805
PSE,national,national,1962,863.519086000054
PSE,national,national,1963,899.060820745121
PSE,national,national,1964,937.503921591826
PSE,national,national,1965,980.299071590989
PSE,national,national,1966,1057.91061480981
PSE,national,national,1967,1034.337015234
PSE,national,national,1968,956.000130489769
PSE,national,national,1969,1012.21409870901
PSE,national,national,1970,1090.91365421594
PSE,national,national,1971,1210.59500590852
PSE,national,national,1972,1377.06088599001
PSE,national,national,1973,1282.76648768677
PSE,national,national,1974,1508.34770208913
PSE,national,national,1975,1481.51006564898
PSE,national,national,1976,1670.09886225546
PSE,national,national,1977,1609.89551564647
PSE,national,national,1978,1767.65729742304
PSE,national,national,1979,1696.2111571702
PSE,national,national,1980,1900.03212581028
PSE,national,national,1981,1744.80903937264
PSE,national,national,1982,1845.26884064186
PSE,national,national,1983,1716.52071988167
PSE,national,national,1984,1743.35835632182
PSE,national,national,1985,1675.17625293333
PSE,national,national,1986,1933.03516521642
PSE,national,national,1987,1814.80449657466
PSE,national,national,1988,1720.87276903413
PSE,national,national,1989,1698.02451098373
PSE,national,national,1990,1938.47522665699
PSE,national,national,1991,1716.21997073156
PSE,national,national,1992,1962.27544487177
PSE,national,national,1993,2004.84212464962
PSE,national,national,1994,2137.38928909208
PSE,national,national,1995,2189.26513719427
PSE,national,national,1996,2118.82007591199
PSE,national,national,1997,2323.20642242172
PSE,national,national,1998,2589.20364997364
PSE,national,national,1999,2732.87293952355
PSE,national,national,2000,2436.01207739636
PSE,national,national,2001,2153.45735383203
PSE,national,national,2002,1836.98042481351
PSE,national,national,2003,2041.60484619659
PSE,national,national,2004,2426.41565630382
PSE,national,national,2005,2632.24627423958
PSE,national,national,2006,2540.26763083127
PSE,national,national,2007,2569.98434108953
PSE,national,national,2008,2685.98601828464
PSE,national,national,2009,2840.01594969395
PSE,national,national,2010,2927.08101953403
PSE,national,national,2011,3128.10811061384
PSE,national,national,2012,3237.91619995789
PSE,national,national,2013,3309.63120243098
PSE,national,national,2014,3227.84934482645
PSE,national,national,2015,3272.15432360708
PSE,national,national,2016,3483.09903532972
PSE,national,national,2017,3462.97986107136
PSE,national,national,2018,3417.79440837962
PSE,national,national,2019,3378.4346209191
PSE,national,national,2020,2922.46801084844
PSE,national,national,2021,3051.48607007995
PSE,national,national,2022,3099.9609010368
PSE,national,national,2023,2862.88117465434
PSE,national,national,2024,2053.87152172327
PSE,national,national,2025,1974.13397315732
PSE,national,national,2026,2007.67319063977
PSE,national,national,2027,2276.36724105964
PSE,national,national,2028,NA
PSE,national,national,2029,NA
PSE,national,national,2030,NA
PYF,national,national,1965,22582.084181978
PYF,national,national,1966,23921.7627164815
PYF,national,national,1967,22026.5017849215
PYF,national,national,1968,24458.5641799943
PYF,national,national,1969,22989.2913438253
PYF,national,national,1970,22564.2663340812
PYF,national,national,1971,24429.354436693
PYF,national,national,1972,22529.5764623497
PYF,national,national,1973,23513.6770746409
PYF,national,national,1974,26878.9374119206
PYF,national,national,1975,24782.1713432428
PYF,national,national,1976,26025.1982731831
PYF,national,national,1977,25782.4124826686
PYF,national,national,1978,27463.0163929729
PYF,national,national,1979,27647.1216711826
PYF,national,national,1980,26910.8404297756
PYF,national,national,1981,26761.7546564362
PYF,national,national,1982,26376.8714082878
PYF,national,national,1983,26212.2764852799
PYF,national,national,1984,26113.4696326268
PYF,national,national,1985,25163.3555859418
PYF,national,national,1986,27852.0804208694
PYF,national,national,1987,27497.8301160879
PYF,national,national,1988,25864.0230370184
PYF,national,national,1989,25833.1940246399
PYF,national,national,1990,25342.1157174355
PYF,national,national,1991,25766.7638065207
PYF,national,national,1992,24933.3669552914
PYF,national,national,1993,24191.2981812085
PYF,national,national,1994,23405.4942440451
PYF,national,national,1995,22959.6747923088
PYF,national,national,1996,22465.2346902156
PYF,national,national,1997,22081.9651115685
PYF,national,national,1998,22101.0730319946
PYF,national,national,1999,22166.3576479058
PYF,national,national,2000,22529.4204625605
PYF,national,national,2001,22106.6097058994
PYF,national,national,2002,21962.7419700283
PYF,national,national,2003,22085.6312739799
PYF,national,national,2004,21949.745848647
PYF,national,national,2005,21690.8777482043
PYF,national,national,2006,21574.8955072307
PYF,national,national,2007,21677.9679897729
PYF,national,national,2008,21522.6426724175
PYF,national,national,2009,20527.6460736068
PYF,national,national,2010,19940.1012325915
PYF,national,national,2011,19267.8068740427
PYF,national,national,2012,18994.2338194189
PYF,national,national,2013,18955.8663945498
PYF,national,national,2014,18953.9227286257
PYF,national,national,2015,19166.9594761931
PYF,national,national,2016,19528.9384707459
PYF,national,national,2017,20317.0801960458
PYF,national,national,2018,20709.4063003772
PYF,national,national,2019,21328.0761355656
PYF,national,national,2020,19811.8102319951
PYF,national,national,2021,20184.6793974187
PYF,national,national,2022,21042.0714472319
QAT,national,national,1960,76324.4140723343
QAT,national,national,1961,70803.5578717254
QAT,national,national,1962,67575.39664631
QAT,national,national,1963,65543.9317160304
QAT,national,national,1964,61565.6462275664
QAT,national,national,1965,59982.2127150999
QAT,national,national,1966,73932.4808677882
QAT,national,national,1967,81092.2272384429
QAT,national,national,1968,84658.9659522383
QAT,national,national,1969,82070.0156747125
QAT,national,national,1970,75772.7662679911
QAT,national,national,1971,73839.0944989145
QAT,national,national,1972,73532.8310010297
QAT,national,national,1973,73744.3404408212
QAT,national,national,1974,71286.8587304743
QAT,national,national,1975,69330.9888458745
QAT,national,national,1976,69382.6139783951
QAT,national,national,1977,59679.7489355926
QAT,national,national,1978,60529.9560378642
QAT,national,national,1979,59542.2423253994
QAT,national,national,1980,55253.8106422396
QAT,national,national,1981,52401.4404787492
QAT,national,national,1982,45982.0956020623
QAT,national,national,1983,42654.7862100155
QAT,national,national,1984,42309.9926342738
QAT,national,national,1985,39368.8959543709
QAT,national,national,1986,39682.2413016259
QAT,national,national,1987,38241.8097772146
QAT,national,national,1988,39095.6038311878
QAT,national,national,1989,40125.0328862519
QAT,national,national,1990,40125.4450320925
QAT,national,national,1991,38185.1513329494
QAT,national,national,1992,41171.7235066225
QAT,national,national,1993,39377.8741609676
QAT,national,national,1994,38744.0142152536
QAT,national,national,1995,38526.8534768908
QAT,national,national,1996,39095.0579501611
QAT,national,national,1997,48844.9174942535
QAT,national,national,1998,51513.6335015126
QAT,national,national,1999,50917.3964102353
QAT,national,national,2000,52234.4244373565
QAT,national,national,2001,51633.9606840175
QAT,national,national,2002,52752.7081230353
QAT,national,national,2003,52255.3835016224
QAT,national,national,2004,59990.3064867664
QAT,national,national,2005,60416.7829217551
QAT,national,national,2006,64676.3968892258
QAT,national,national,2007,61423.0870888622
QAT,national,national,2008,61213.7943874193
QAT,national,national,2009,60781.874945265
QAT,national,national,2010,72333.9848623762
QAT,national,national,2011,81608.5716870182
QAT,national,national,2012,80621.8607158041
QAT,national,national,2013,76486.9692979253
QAT,national,national,2014,71756.0649338302
QAT,national,national,2015,68985.2946961507
QAT,national,national,2016,67294.4585771356
QAT,national,national,2017,64497.6987225375
QAT,national,national,2018,64410.8171280981
QAT,national,national,2019,63430.4607641011
QAT,national,national,2020,57769.604101576
QAT,national,national,2021,65488.5117915042
QAT,national,national,2022,64315.6263669902
QAT,national,national,2023,65111.0333213131
QAT,national,national,2024,65460.5021716583
QAT,national,national,2025,66493.0174148436
QAT,national,national,2026,69364.2466149414
QAT,national,national,2027,73894.3119427273
QAT,national,national,2028,76128.5876741645
QAT,national,national,2029,76968.9694786707
QAT,national,national,2030,79187.6442040818
ROU,national,national,1960,2194.26905564335
ROU,national,national,1961,2322.0001318596
ROU,national,national,1962,2388.91984532706
ROU,national,national,1963,2542.84908753453
ROU,national,national,1964,2687.55684705936
ROU,national,national,1965,2839.80044782689
ROU,national,national,1966,3145.42792299304
ROU,national,national,1967,3264.70736777395
ROU,national,national,1968,3259.98166145868
ROU,national,national,1969,3360.78301249517
ROU,national,national,1970,3395.33655895792
ROU,national,national,1971,3833.46167875827
ROU,national,national,1972,4041.95070992774
ROU,national,national,1973,4137.74312696907
ROU,national,national,1974,4328.35098116633
ROU,national,national,1975,4476.52795304924
ROU,national,national,1976,4661.47093657149
ROU,national,national,1977,4720.52680956315
ROU,national,national,1978,4835.4489653751
ROU,national,national,1979,4936.89374789868
ROU,national,national,1980,4921.67257693743
ROU,national,national,1981,4897.39922154884
ROU,national,national,1982,5064.35123465277
ROU,national,national,1983,5346.57111675395
ROU,national,national,1984,5644.412553779
ROU,national,national,1985,5613.30961443172
ROU,national,national,1986,5717.84400191485
ROU,national,national,1987,5730.94547018147
ROU,national,national,1988,5672.52121264832
ROU,national,national,1989,5324.25716602076
ROU,national,national,1990,5019.43702748333
ROU,national,national,1991,4409.1517208357
ROU,national,national,1992,4059.09860455382
ROU,national,national,1993,4126.76859277572
ROU,national,national,1994,4295.27065788629
ROU,national,national,1995,4572.25803354276
ROU,national,national,1996,4764.63682106299
ROU,national,national,1997,4546.66753054721
ROU,national,national,1998,4463.60791806212
ROU,national,national,1999,4453.78126046181
ROU,national,national,2000,4569.30914768462
ROU,national,national,2001,4875.30310600635
ROU,national,national,2002,5248.54994632668
ROU,national,national,2003,5410.30835796252
ROU,national,national,2004,6008.64048461485
ROU,national,national,2005,6328.09022324183
ROU,national,national,2006,6876.77841417966
ROU,national,national,2007,7483.97375820611
ROU,national,national,2008,8318.00342795388
ROU,national,national,2009,7924.87058070212
ROU,national,national,2010,7660.70667630517
ROU,national,national,2011,8044.57194920892
ROU,national,national,2012,8234.28553425194
ROU,national,national,2013,8287.95844089676
ROU,national,national,2014,8661.47397274241
ROU,national,national,2015,8977.01748158196
ROU,national,national,2016,9286.87678236598
ROU,national,national,2017,10106.2269557253
ROU,national,national,2018,10788.015091463
ROU,national,national,2019,11270.4758020159
ROU,national,national,2020,10916.3126056493
ROU,national,national,2021,11607.9771173075
ROU,national,national,2022,12114.8715109948
ROU,national,national,2023,12399.0008278388
ROU,national,national,2024,12710.0498239981
ROU,national,national,2025,12944.2618140902
ROU,national,national,2026,13262.3859079609
ROU,national,national,2027,13670.4378517714
ROU,national,national,2028,14218.4724449242
ROU,national,national,2029,14801.9802691083
ROU,national,national,2030,15423.6187088264
RUS,national,national,1960,3528.47083060749
RUS,national,national,1961,3729.75304282677
RUS,national,national,1962,3955.16372212597
RUS,national,national,1963,4066.91662228558
RUS,national,national,1964,4288.51754362479
RUS,national,national,1965,4487.89487686408
RUS,national,national,1966,4772.99176420307
RUS,national,national,1967,5043.48457936211
RUS,national,national,1968,5327.9465070411
RUS,national,national,1969,5437.15956856072
RUS,national,national,1970,5863.2175004192
RUS,national,national,1971,6074.65906719845
RUS,national,national,1972,6213.08027307796
RUS,national,national,1973,6661.99675269637
RUS,national,national,1974,6858.19928763568
RUS,national,national,1975,7088.68964421486
RUS,national,national,1976,7255.04907513427
RUS,national,national,1977,7423.94834469367
RUS,national,national,1978,7510.93781811336
RUS,national,national,1979,7535.06628519327
RUS,national,national,1980,7749.04769061252
RUS,national,national,1981,7793.49486681236
RUS,national,national,1982,7789.05014919237
RUS,national,national,1983,7886.19897717203
RUS,national,national,1984,7860.16563111212
RUS,national,national,1985,7921.12175847191
RUS,national,national,1986,8060.17792401141
RUS,national,national,1987,7998.58683699163
RUS,national,national,1988,8076.68687517135
RUS,national,national,1989,8105.89501953125
RUS,national,national,1990,7849.51904296875
RUS,national,national,1991,7432.021484375
RUS,national,national,1992,6345.912109375
RUS,national,national,1993,5798.91455078125
RUS,national,national,1994,5071.74267578125
RUS,national,national,1995,4862.646484375
RUS,national,national,1996,4686.86279296875
RUS,national,national,1997,4760.33935546875
RUS,national,national,1998,4515.50927734375
RUS,national,national,1999,4819.38037109375
RUS,national,national,2000,5323.66650390625
RUS,national,national,2001,5618.95556640625
RUS,national,national,2002,5910.171875
RUS,national,national,2003,6370.45361328125
RUS,national,national,2004,6856.67822265625
RUS,national,national,2005,7323.38525390625
RUS,national,national,2006,7949.89697265625
RUS,national,national,2007,8640.40625
RUS,national,national,2008,9093.7001953125
RUS,national,national,2009,8381.8681640625
RUS,national,national,2010,8755.1201171875
RUS,national,national,2011,9120.8203125
RUS,national,national,2012,9464.0107421875
RUS,national,national,2013,9601.537109375
RUS,national,national,2014,9493.8125
RUS,national,national,2015,9277.7138671875
RUS,national,national,2016,9269.3193359375
RUS,national,national,2017,9418.9140625
RUS,national,national,2018,9674.787109375
RUS,national,national,2019,9882.0244140625
RUS,national,national,2020,9632.3251953125
RUS,national,national,2021,10206.9453125
RUS,national,national,2022,10030.0390625
RUS,national,national,2023,10420.5712890625
RUS,national,national,2024,10814.5763317734
RUS,national,national,2025,11025.7643408776
RUS,national,national,2026,11175.3031441307
RUS,national,national,2027,11329.9136866358
RUS,national,national,2028,11498.0898949185
RUS,national,national,2029,11674.3008131112
RUS,national,national,2030,11851.8259867057
RWA,national,national,1960,335.44054845198
RWA,national,national,1961,312.295029587478
RWA,national,national,1962,339.041827192223
RWA,national,national,1963,298.910277894213
RWA,national,national,1964,255.692566066485
RWA,national,national,1965,266.551563148732
RWA,national,national,1966,277.262725431494
RWA,national,national,1967,287.621587349501
RWA,national,national,1968,298.387208442383
RWA,national,national,1969,321.172780966621
RWA,national,national,1970,330.236181110858
RWA,national,national,1971,324.489921580625
RWA,national,national,1972,316.070377505099
RWA,national,national,1973,317.553370740467
RWA,national,national,1974,312.73257542941
RWA,national,national,1975,297.252663635946
RWA,national,national,1976,344.884442651426
RWA,national,national,1977,341.522797120368
RWA,national,national,1978,361.897081281619
RWA,national,national,1979,392.810997687851
RWA,national,national,1980,414.885246695717
RWA,national,national,1981,423.670722722151
RWA,national,national,1982,417.422766099406
RWA,national,national,1983,427.87076480964
RWA,national,national,1984,396.153513356985
RWA,national,national,1985,399.872371105643
RWA,national,national,1986,407.894108925502
RWA,national,national,1987,394.648217615939
RWA,national,national,1988,399.46629075647
RWA,national,national,1989,387.279944529604
RWA,national,national,1990,368.21957991856
RWA,national,national,1991,351.728521330576
RWA,national,national,1992,364.809184619657
RWA,national,national,1993,322.716798987982
RWA,national,national,1994,188.658266938085
RWA,national,national,1995,305.387805791359
RWA,national,national,1996,291.210822676605
RWA,national,national,1997,286.805176925216
RWA,national,national,1998,299.60112137886
RWA,national,national,1999,310.098111246406
RWA,national,national,2000,333.355069767411
RWA,national,national,2001,358.446036782143
RWA,national,national,2002,400.27039679917
RWA,national,national,2003,400.191596187801
RWA,national,national,2004,418.780971680294
RWA,national,national,2005,446.029782373711
RWA,national,national,2006,474.364570468705
RWA,national,national,2007,497.171591741909
RWA,national,national,2008,538.325339161514
RWA,national,national,2009,557.397770789373
RWA,national,national,2010,583.371380762055
RWA,national,national,2011,614.539612560495
RWA,national,national,2012,651.852778822614
RWA,national,national,2013,666.408748050251
RWA,national,national,2014,690.610352732156
RWA,national,national,2015,733.998585018273
RWA,national,national,2016,759.606241725671
RWA,national,national,2017,771.069190383494
RWA,national,national,2018,817.57838732716
RWA,national,national,2019,874.639605475352
RWA,national,national,2020,826.391257189481
RWA,national,national,2021,896.267225355832
RWA,national,national,2022,948.379194381944
RWA,national,national,2023,1004.21571099829
RWA,national,national,2024,1046.75977171892
RWA,national,national,2025,1103.91690726185
RWA,national,national,2026,1167.57953367533
RWA,national,national,2027,1235.98965666745
RWA,national,national,2028,1299.2371149795
RWA,national,national,2029,1365.29258278221
RWA,national,national,2030,1432.49683559222
SAU,national,national,1960,15761.6278904303
SAU,national,national,1961,16998.8342494921
SAU,national,national,1962,18339.1015202004
SAU,national,national,1963,19212.3500405104
SAU,national,national,1964,20138.5544135419
SAU,national,national,1965,21759.202856764
SAU,national,national,1966,22678.9285107353
SAU,national,national,1967,23781.3990082294
SAU,national,national,1968,24624.5048561679
SAU,national,national,1969,25084.2864987182
SAU,national,national,1970,36714.8736322175
SAU,national,national,1971,40470.8496032266
SAU,national,national,1972,45836.9760868091
SAU,national,national,1973,53404.888111278
SAU,national,national,1974,58886.8570068022
SAU,national,national,1975,52813.1669806907
SAU,national,national,1976,57668.1937956802
SAU,national,national,1977,57760.5279547671
SAU,national,national,1978,54647.1309727725
SAU,national,national,1979,57217.4348895227
SAU,national,national,1980,57088.5851288021
SAU,national,national,1981,55380.0235743548
SAU,national,national,1982,43708.9443909348
SAU,national,national,1983,36605.6381527089
SAU,national,national,1984,33110.122395931
SAU,national,national,1985,29009.4766121825
SAU,national,national,1986,27682.5666706465
SAU,national,national,1987,25342.214456865
SAU,national,national,1988,25615.0084808268
SAU,national,national,1989,24453.551804864
SAU,national,national,1990,25470.2738583136
SAU,national,national,1991,26279.7272309324
SAU,national,national,1992,26246.6642117063
SAU,national,national,1993,25205.0461527272
SAU,national,national,1994,24379.1807555485
SAU,national,national,1995,23462.9068748862
SAU,national,national,1996,23288.8661714378
SAU,national,national,1997,23000.8405788344
SAU,national,national,1998,22778.5751742478
SAU,national,national,1999,21829.8543190947
SAU,national,national,2000,21862.716081319
SAU,national,national,2001,20826.2090357035
SAU,national,national,2002,19678.7591105989
SAU,national,national,2003,20406.4507586687
SAU,national,national,2004,21172.8992556898
SAU,national,national,2005,21460.1352100343
SAU,national,national,2006,21242.1265778774
SAU,national,national,2007,20829.8389773483
SAU,national,national,2008,21255.3966323385
SAU,national,national,2009,20221.3196152235
SAU,national,national,2010,21452.2279704984
SAU,national,national,2011,22754.1058113664
SAU,national,national,2012,22997.746224663
SAU,national,national,2013,22338.5338759623
SAU,national,national,2014,22628.601848725
SAU,national,national,2015,22453.571552265
SAU,national,national,2016,22035.8042885977
SAU,national,national,2017,22219.9383333817
SAU,national,national,2018,23523.9456479821
SAU,national,national,2019,23886.9767401289
SAU,national,national,2020,21944.785821998
SAU,national,national,2021,23633.8601193936
SAU,national,national,2022,24304.9858794751
SAU,national,national,2023,23331.7694701019
SAU,national,national,2024,23223.4914354537
SAU,national,national,2025,23451.773140268
SAU,national,national,2026,24099.5118648589
SAU,national,national,2027,24794.1878857097
SAU,national,national,2028,25079.8852877291
SAU,national,national,2029,25368.7683727739
SAU,national,national,2030,25687.5014263968
SDN,national,national,1960,851.732421875
SDN,national,national,1961,828.766967773438
SDN,national,national,1962,861.476318359375
SDN,national,national,1963,813.293090820313
SDN,national,national,1964,780.661743164063
SDN,national,national,1965,808.854431152344
SDN,national,national,1966,757.518859863281
SDN,national,national,1967,746.402099609375
SDN,national,national,1968,739.073913574219
SDN,national,national,1969,727.628051757813
SDN,national,national,1970,748.2431640625
SDN,national,national,1971,742.029479980469
SDN,national,national,1972,682.653015136719
SDN,national,national,1973,661.991394042969
SDN,national,national,1974,711.013854980469
SDN,national,national,1975,795.953491210938
SDN,national,national,1976,898.202575683594
SDN,national,national,1977,923.200622558594
SDN,national,national,1978,837.251831054688
SDN,national,national,1979,765.673095703125
SDN,national,national,1980,747.91943359375
SDN,national,national,1981,773.544799804688
SDN,national,national,1982,790.597045898438
SDN,national,national,1983,782.225158691406
SDN,national,national,1984,726.964111328125
SDN,national,national,1985,669.103332519531
SDN,national,national,1986,692.196655273438
SDN,national,national,1987,776.530822753906
SDN,national,national,1988,764.454162597656
SDN,national,national,1989,823.076843261719
SDN,national,national,1990,764.450439453125
SDN,national,national,1991,805.367309570313
SDN,national,national,1992,842.008605957031
SDN,national,national,1993,862.978149414063
SDN,national,national,1994,850.299438476563
SDN,national,national,1995,877.693298339844
SDN,national,national,1996,908.66015625
SDN,national,national,1997,1050.31994628906
SDN,national,national,1998,1069.27197265625
SDN,national,national,1999,1074.88098144531
SDN,national,national,2000,1111.11865234375
SDN,national,national,2001,1150.17626953125
SDN,national,national,2002,1185.21533203125
SDN,national,national,2003,1226.42077636719
SDN,national,national,2004,1255.67114257813
SDN,national,national,2005,1290.24438476563
SDN,national,national,2006,1336.1240234375
SDN,national,national,2007,1372.10961914063
SDN,national,national,2008,1381.62561035156
SDN,national,national,2009,1301.34729003906
SDN,national,national,2010,1311.22314453125
SDN,national,national,2011,1388.21813964844
SDN,national,national,2012,1288.25854492188
SDN,national,national,2013,1283.45922851563
SDN,national,national,2014,1307.3896484375
SDN,national,national,2015,1292.37963867188
SDN,national,national,2016,1297.15454101563
SDN,national,national,2017,1261.87353515625
SDN,national,national,2018,1185.94445800781
SDN,national,national,2019,1126.55297851563
SDN,national,national,2020,1056.86474609375
SDN,national,national,2021,1009.54888916016
SDN,national,national,2022,973.225280761719
SDN,national,national,2023,767.248779296875
SDN,national,national,2024,596.238242242548
SDN,national,national,2025,610.504577761864
SDN,national,national,2026,650.855455970371
SDN,national,national,2027,661.615784976614
SDN,national,national,2028,696.044643513582
SDN,national,national,2029,717.353028481213
SDN,national,national,2030,730.637843446558
SEN,national,national,1960,1151.00213857223
SEN,national,national,1961,1152.52290412241
SEN,national,national,1962,1118.94105784212
SEN,national,national,1963,1108.08162394471
SEN,national,national,1964,1118.91076488152
SEN,national,national,1965,1101.64022957194
SEN,national,national,1966,1100.59486152036
SEN,national,national,1967,1055.3388045333
SEN,national,national,1968,1088.7452650791
SEN,national,national,1969,987.490527976809
SEN,national,national,1970,1040.51139206618
SEN,national,national,1971,1008.44746972351
SEN,national,national,1972,1041.19576478941
SEN,national,national,1973,954.176200047314
SEN,national,national,1974,965.741329994361
SEN,national,national,1975,1010.12268801923
SEN,national,national,1976,1071.68040327701
SEN,national,national,1977,1017.81439448073
SEN,national,national,1978,955.002175635959
SEN,national,national,1979,997.714580570366
SEN,national,national,1980,1012.16661480231
SEN,national,national,1981,1037.70140590886
SEN,national,national,1982,1091.73478914466
SEN,national,national,1983,1002.79157255651
SEN,national,national,1984,1014.21873121746
SEN,national,national,1985,1020.46425733551
SEN,national,national,1986,1022.55326037551
SEN,national,national,1987,1055.32454152497
SEN,national,national,1988,1016.8279275159
SEN,national,national,1989,1027.27575950199
SEN,national,national,1990,990.777522619822
SEN,national,national,1991,988.63221583773
SEN,national,national,1992,974.054860027128
SEN,national,national,1993,960.506561720788
SEN,national,national,1994,934.692068072302
SEN,national,national,1995,960.84709282163
SEN,national,national,1996,956.588791201654
SEN,national,national,1997,962.736689457399
SEN,national,national,1998,995.979085689636
SEN,national,national,1999,1033.76396461633
SEN,national,national,2000,1048.37474052363
SEN,national,national,2001,1067.36886550595
SEN,national,national,2002,1042.25509944289
SEN,national,national,2003,1074.38578467686
SEN,national,national,2004,1098.20064546027
SEN,national,national,2005,1119.0505307548
SEN,national,national,2006,1118.7830430051
SEN,national,national,2007,1123.99862153285
SEN,national,national,2008,1138.66883930214
SEN,national,national,2009,1142.65317233964
SEN,national,national,2010,1153.53431121583
SEN,national,national,2011,1139.74447892639
SEN,national,national,2012,1154.05677992367
SEN,national,national,2013,1147.3859217191
SEN,national,national,2014,1180.7987108505
SEN,national,national,2015,1218.00613555438
SEN,national,national,2016,1257.40906915928
SEN,national,national,2017,1312.10932776049
SEN,national,national,2018,1355.09610863712
SEN,national,national,2019,1379.60875249861
SEN,national,national,2020,1361.79143748646
SEN,national,national,2021,1414.5395109385
SEN,national,national,2022,1432.86013001798
SEN,national,national,2023,1463.19101905166
SEN,national,national,2024,1509.55568684296
SEN,national,national,2025,1591.49388797653
SEN,national,national,2026,1648.05437599434
SEN,national,national,2027,1718.79742980645
SEN,national,national,2028,1758.5227039847
SEN,national,national,2029,1790.18661982958
SEN,national,national,2030,1838.02492474245
SGP,national,national,1960,3611.95365142064
SGP,national,national,1961,3777.39463491526
SGP,national,national,1962,3951.76046995379
SGP,national,national,1963,4239.9926615122
SGP,national,national,1964,4004.45879353131
SGP,national,national,1965,4214.50928654512
SGP,national,national,1966,4529.52603020969
SGP,national,national,1967,4984.78417700352
SGP,national,national,1968,5562.32007695611
SGP,national,national,1969,6237.25093664419
SGP,national,national,1970,6997.19902931212
SGP,national,national,1971,7722.8645117911
SGP,national,national,1972,8590.60864812538
SGP,national,national,1973,9325.56611338064
SGP,national,national,1974,9732.7270627095
SGP,national,national,1975,9974.22091805681
SGP,national,national,1976,10572.5669041736
SGP,national,national,1977,11141.5797970038
SGP,national,national,1978,11863.6939677002
SGP,national,national,1979,12834.1600895857
SGP,national,national,1980,13953.890170834
SGP,national,national,1981,14737.3005854209
SGP,national,national,1982,15106.2507664821
SGP,national,national,1983,16186.9145138401
SGP,national,national,1984,17280.3703822303
SGP,national,national,1985,17149.31550146
SGP,national,national,1986,17396.0281363675
SGP,national,national,1987,18986.7527003627
SGP,national,national,1988,20595.9751389187
SGP,national,national,1989,22031.8971300219
SGP,national,national,1990,23272.7000932159
SGP,national,national,1991,24132.7153290621
SGP,national,national,1992,24973.4311358112
SGP,national,national,1993,27139.9524278985
SGP,national,national,1994,29220.2727915476
SGP,national,national,1995,30379.8991144598
SGP,national,national,1996,31349.3171805131
SGP,national,national,1997,32835.2518506082
SGP,national,national,1998,31043.108180076
SGP,national,national,1999,32557.0469904063
SGP,national,national,2000,34890.0811365168
SGP,national,national,2001,33597.8690808226
SGP,national,national,2002,34598.8267483781
SGP,national,national,2003,36709.7965038255
SGP,national,national,2004,39856.6356222613
SGP,national,national,2005,41798.4880834671
SGP,national,national,2006,44159.4101820552
SGP,national,national,2007,46178.8139470199
SGP,national,national,2008,44601.5799302699
SGP,national,national,2009,43331.8746638962
SGP,national,national,2010,48752.0515441859
SGP,national,national,2011,50713.5326393594
SGP,national,national,2012,51679.352717333
SGP,national,national,2013,53298.9728558286
SGP,national,national,2014,54681.9336458253
SGP,national,national,2015,55645.6068614606
SGP,national,national,2016,56899.485124515
SGP,national,national,2017,59414.6549459103
SGP,national,national,2018,61216.1250918658
SGP,national,national,2019,61333.6563161696
SGP,national,national,2020,59144.3539186758
SGP,national,national,2021,67638.6459886659
SGP,national,national,2022,67948.8928271514
SGP,national,national,2023,65422.4603166668
SGP,national,national,2024,66889.5926726363
SGP,national,national,2025,68155.4895183071
SGP,national,national,2026,69963.8401063148
SGP,national,national,2027,71309.4095164027
SGP,national,national,2028,72487.3282927466
SGP,national,national,2029,73747.4543866726
SGP,national,national,2030,75011.0283731481
SLB,national,national,1980,2211.58798966749
SLB,national,national,1981,2097.67551414204
SLB,national,national,1982,1992.78025273894
SLB,national,national,1983,2000.7854676883
SLB,national,national,1984,1937.46099936846
SLB,national,national,1985,1815.03273059725
SLB,national,national,1986,1753.11438313886
SLB,national,national,1987,1840.38750654081
SLB,national,national,1988,1804.42269759638
SLB,national,national,1989,1822.71021603378
SLB,national,national,1990,1805.7455346015
SLB,national,national,1991,1856.38271673266
SLB,national,national,1992,2029.96795439512
SLB,national,national,1993,2049.29308753255
SLB,national,national,1994,2151.04597183789
SLB,national,national,1995,2299.99401501925
SLB,national,national,1996,2270.47720120585
SLB,national,national,1997,2186.42335260732
SLB,national,national,1998,2153.37470167047
SLB,national,national,1999,2086.02456092051
SLB,national,national,2000,1747.73099551254
SLB,national,national,2001,1577.66696008378
SLB,national,national,2002,1504.85795225232
SLB,national,national,2003,1573.85522149264
SLB,national,national,2004,1664.58030147977
SLB,national,national,2005,1755.72812344484
SLB,national,national,2006,1796.71896309507
SLB,national,national,2007,1830.23675931387
SLB,national,national,2008,1911.19452897184
SLB,national,national,2009,1930.45659372799
SLB,national,national,2010,2058.95426620207
SLB,national,national,2011,2132.01998399541
SLB,national,national,2012,2105.90758922315
SLB,national,national,2013,2136.72036781191
SLB,national,national,2014,2085.15500132222
SLB,national,national,2015,2045.47889485251
SLB,national,national,2016,2084.24598380679
SLB,national,national,2017,2075.36230008714
SLB,national,national,2018,2061.89784418456
SLB,national,national,2019,2043.07578936317
SLB,national,national,2020,1930.64258596415
SLB,national,national,2021,1933.17055918223
SLB,national,national,2022,1932.78966817916
SLB,national,national,2023,1945.14986518195
SLB,national,national,2024,1953.49132876554
SLB,national,national,2025,1957.80561690465
SLB,national,national,2026,1964.64973942748
SLB,national,national,2027,1976.00522867258
SLB,national,national,2028,1998.3836420157
SLB,national,national,2029,2021.77364941348
SLB,national,national,2030,2044.93349316175
SLE,national,national,1960,789.436953115777
SLE,national,national,1961,791.206346882974
SLE,national,national,1962,813.710223414248
SLE,national,national,1963,813.640352862891
SLE,national,national,1964,852.94911549257
SLE,national,national,1965,897.79597784399
SLE,national,national,1966,896.366195928181
SLE,national,national,1967,879.982975882064
SLE,national,national,1968,880.862511624672
SLE,national,national,1969,938.060006447801
SLE,national,national,1970,999.795896441752
SLE,national,national,1971,1015.37943526575
SLE,national,national,1972,1005.8942997709
SLE,national,national,1973,1009.73373738029
SLE,national,national,1974,1025.9265266804
SLE,national,national,1975,1024.04715224296
SLE,national,national,1976,1001.21706445093
SLE,national,national,1977,983.330183766149
SLE,national,national,1978,987.732048484612
SLE,national,national,1979,1012.34317508182
SLE,national,national,1980,1040.4248279512
SLE,national,national,1981,1048.97270154191
SLE,national,national,1982,1076.8012864746
SLE,national,national,1983,1031.91547010635
SLE,national,national,1984,1050.87714465347
SLE,national,national,1985,973.270125176627
SLE,national,national,1986,961.531198599851
SLE,national,national,1987,1003.77921457383
SLE,national,national,1988,907.86812714025
SLE,national,national,1989,891.934889155399
SLE,national,national,1990,886.058367601776
SLE,national,national,1991,896.339164880344
SLE,national,national,1992,739.840408666788
SLE,national,national,1993,751.676201452901
SLE,national,national,1994,734.216726239304
SLE,national,national,1995,674.499465246237
SLE,national,national,1996,683.055057701964
SLE,national,national,1997,634.673262757861
SLE,national,national,1998,639.675904788056
SLE,national,national,1999,623.782841349838
SLE,national,national,2000,649.404708238465
SLE,national,national,2001,573.319808206318
SLE,national,national,2002,684.719710400667
SLE,national,national,2003,719.793625697478
SLE,national,national,2004,740.951027512485
SLE,national,national,2005,752.690253176869
SLE,national,national,2006,767.797732668035
SLE,national,national,2007,811.033383728662
SLE,national,national,2008,834.032131697465
SLE,national,national,2009,837.924748136024
SLE,national,national,2010,869.552043593205
SLE,national,national,2011,898.064605764694
SLE,national,national,2012,1008.71326115035
SLE,national,national,2013,1191.69433194611
SLE,national,national,2014,1216.61116951572
SLE,national,national,2015,945.148168480629
SLE,national,national,2016,981.743978922239
SLE,national,national,2017,994.582742641008
SLE,national,national,2018,1005.24821808651
SLE,national,national,2019,1036.22706679474
SLE,national,national,2020,999.888885139707
SLE,national,national,2021,1035.03777484863
SLE,national,national,2022,1066.03912308826
SLE,national,national,2023,1102.44133602893
SLE,national,national,2024,1123.33831597084
SLE,national,national,2025,1145.82486090798
SLE,national,national,2026,1170.46659109864
SLE,national,national,2027,1195.97099257255
SLE,national,national,2028,1225.19389555978
SLE,national,national,2029,1255.66381838959
SLE,national,national,2030,1287.05176363461
SLV,national,national,1960,2213.62921174914
SLV,national,national,1961,2219.92463787569
SLV,national,national,1962,2409.5743499381
SLV,national,national,1963,2436.32991097595
SLV,national,national,1964,2582.6985684183
SLV,national,national,1965,2636.99661875982
SLV,national,national,1966,2747.27195376382
SLV,national,national,1967,2816.01216463995
SLV,national,national,1968,2827.32143813783
SLV,national,national,1969,2847.56496825494
SLV,national,national,1970,2858.56429944097
SLV,national,national,1971,2898.75101500994
SLV,national,national,1972,3004.66954382527
SLV,national,national,1973,3077.74959330351
SLV,national,national,1974,3168.28127650095
SLV,national,national,1975,3189.0656409164
SLV,national,national,1976,3278.58861289779
SLV,national,national,1977,3426.85616236824
SLV,national,national,1978,3532.98751537256
SLV,national,national,1979,3320.1122024217
SLV,national,national,1980,2757.38812393103
SLV,national,national,1981,2582.45156646321
SLV,national,national,1982,2392.38390078794
SLV,national,national,1983,2385.3964125653
SLV,national,national,1984,2371.58493413585
SLV,national,national,1985,2339.0115535039
SLV,national,national,1986,2297.53500731075
SLV,national,national,1987,2309.06459110733
SLV,national,national,1988,2305.62179387936
SLV,national,national,1989,2282.53716167277
SLV,national,national,1990,2348.20460167761
SLV,national,national,1991,2341.93382299132
SLV,national,national,1992,2465.75989060719
SLV,national,national,1993,2574.95134564317
SLV,national,national,1994,2670.21278543567
SLV,national,national,1995,2773.32529027549
SLV,national,national,1996,2775.04629038695
SLV,national,national,1997,2842.88487409077
SLV,national,national,1998,2900.32064261101
SLV,national,national,1999,2946.4330235012
SLV,national,national,2000,2964.89346881406
SLV,national,national,2001,2978.59734844669
SLV,national,national,2002,3016.06307728602
SLV,national,national,2003,3057.16467629097
SLV,national,national,2004,3081.23629665234
SLV,national,national,2005,3163.36118376833
SLV,national,national,2006,3302.34817354347
SLV,national,national,2007,3359.1623024135
SLV,national,national,2008,3420.44927357444
SLV,national,national,2009,3337.81150878211
SLV,national,national,2010,3398.49346060363
SLV,national,national,2011,3514.069144355
SLV,national,national,2012,3601.44222914588
SLV,national,national,2013,3665.1547327058
SLV,national,national,2014,3713.94992016222
SLV,national,national,2015,3790.34089108162
SLV,national,national,2016,3875.84691357954
SLV,national,national,2017,3954.84014277572
SLV,national,national,2018,4046.16291720583
SLV,national,national,2019,4143.11437097867
SLV,national,national,2020,3808.53195436409
SLV,national,national,2021,4247.54750394978
SLV,national,national,2022,4349.40019721335
SLV,national,national,2023,4481.19664108356
SLV,national,national,2024,4594.96432770452
SLV,national,national,2025,4675.16776207255
SLV,national,national,2026,4768.85342080571
SLV,national,national,2027,4888.17251305213
SLV,national,national,2028,5017.80708761873
SLV,national,national,2029,5132.92030396517
SLV,national,national,2030,5250.67414616393
SMR,national,national,1997,48409.5476837524
SMR,national,national,1998,51376.4362163713
SMR,national,national,1999,55318.4458342113
SMR,national,national,2000,55806.9219720449
SMR,national,national,2001,58173.2936031775
SMR,national,national,2002,57615.4100635074
SMR,national,national,2003,59090.2331058555
SMR,national,national,2004,58393.2236678918
SMR,national,national,2005,59049.5774485922
SMR,national,national,2006,60604.3508911242
SMR,national,national,2007,62776.9461598748
SMR,national,national,2008,61572.7435735639
SMR,national,national,2009,52873.2681862909
SMR,national,national,2010,49672.6977770842
SMR,national,national,2011,46450.0251706982
SMR,national,national,2012,42082.5554467713
SMR,national,national,2013,42293.4870685544
SMR,national,national,2014,42492.8509160139
SMR,national,national,2015,43146.8240435428
SMR,national,national,2016,43886.2146896896
SMR,national,national,2017,43057.7784775102
SMR,national,national,2018,42818.6962696679
SMR,national,national,2019,43525.4225717352
SMR,national,national,2020,40506.8521137898
SMR,national,national,2021,46834.1395065822
SMR,national,national,2022,51277.3460993917
SMR,national,national,2023,51325.1859879875
SMR,national,national,2024,51528.1172392467
SMR,national,national,2025,51887.735153897
SMR,national,national,2026,52405.05998289
SMR,national,national,2027,52866.4014773865
SMR,national,national,2028,53382.943411334
SMR,national,national,2029,53904.5314799129
SMR,national,national,2030,54431.2151164686
SOM,national,national,1960,318.824845311643
SOM,national,national,1961,300.513447578988
SOM,national,national,1962,313.492629282954
SOM,national,national,1963,313.980378677245
SOM,national,national,1964,287.182909955233
SOM,national,national,1965,263.102807813897
SOM,national,national,1966,279.600783941981
SOM,national,national,1967,288.543384766335
SOM,national,national,1968,286.759474276259
SOM,national,national,1969,274.575454674311
SOM,national,national,1970,279.670925461605
SOM,national,national,1971,278.264344024451
SOM,national,national,1972,311.416444716735
SOM,national,national,1973,266.402570604986
SOM,national,national,1974,261.538403913059
SOM,national,national,1975,292.525201535728
SOM,national,national,1976,279.998625197598
SOM,national,national,1977,309.814737633381
SOM,national,national,1978,305.259543579661
SOM,national,national,1979,256.278948256268
SOM,national,national,1980,239.470257539711
SOM,national,national,1981,252.485065197096
SOM,national,national,1982,258.564171660347
SOM,national,national,1983,221.454005841594
SOM,national,national,1984,220.505305927198
SOM,national,national,1985,231.960675624016
SOM,national,national,1986,217.822057769879
SOM,national,national,1987,231.385134253141
SOM,national,national,1988,239.054087908916
SOM,national,national,1989,252.360864310088
SOM,national,national,1990,259.40003710693
SOM,national,national,1991,277.598818656264
SOM,national,national,1992,266.498425696668
SOM,national,national,1993,269.406220446972
SOM,national,national,1994,210.446206963212
SOM,national,national,1995,211.087543240614
SOM,national,national,1996,219.936394792198
SOM,national,national,1997,214.852363909301
SOM,national,national,1998,219.712173654863
SOM,national,national,1999,226.444124329962
SOM,national,national,2000,233.032406774336
SOM,national,national,2001,239.839088175856
SOM,national,national,2002,248.636468605335
SOM,national,national,2003,257.910352385283
SOM,national,national,2004,266.257287496335
SOM,national,national,2005,275.457056977944
SOM,national,national,2006,284.47080657478
SOM,national,national,2007,294.210421748355
SOM,national,national,2008,304.741466711122
SOM,national,national,2009,317.038203436977
SOM,national,national,2010,329.970524319027
SOM,national,national,2011,349.577469611358
SOM,national,national,2012,369.617226464266
SOM,national,national,2013,397.108794017201
SOM,national,national,2014,417.516794459335
SOM,national,national,2015,445.583078625015
SOM,national,national,2016,458.921476933292
SOM,national,national,2017,506.501096987553
SOM,national,national,2018,498.981062089377
SOM,national,national,2019,494.559375806552
SOM,national,national,2020,463.032522124252
SOM,national,national,2021,461.842091966231
SOM,national,national,2022,460.299643149511
SOM,national,national,2023,465.160693722591
SOM,national,national,2024,470.589231068912
SOM,national,national,2025,476.060464293193
SOM,national,national,2026,482.058362936456
SOM,national,national,2027,494.79512726596
SOM,national,national,2028,502.015125314741
SOM,national,national,2029,510.316877151893
SOM,national,national,2030,518.755984287453
SRB,national,national,1960,2233.28685243488
SRB,national,national,1961,2284.19764694328
SRB,national,national,1962,2396.76707035628
SRB,national,national,1963,2666.02860575623
SRB,national,national,1964,2922.27960478181
SRB,national,national,1965,2959.04851192676
SRB,national,national,1966,3195.50086864353
SRB,national,national,1967,3226.04734534856
SRB,national,national,1968,3258.85652403175
SRB,national,national,1969,3608.44397965606
SRB,national,national,1970,3685.37584691318
SRB,national,national,1971,4007.24520330514
SRB,national,national,1972,4156.01785836856
SRB,national,national,1973,4364.75211585298
SRB,national,national,1974,4707.55146554283
SRB,national,national,1975,4807.11035258146
SRB,national,national,1976,5021.50136501126
SRB,national,national,1977,5390.32178744984
SRB,national,national,1978,5632.99657460652
SRB,national,national,1979,6093.45642716022
SRB,national,national,1980,6066.30400342241
SRB,national,national,1981,6159.07478452659
SRB,national,national,1982,6193.58098969339
SRB,national,national,1983,6056.68752001527
SRB,national,national,1984,6146.62992364676
SRB,national,national,1985,6131.35668529425
SRB,national,national,1986,6324.2520289316
SRB,national,national,1987,6207.1572015623
SRB,national,national,1988,6105.33561254551
SRB,national,national,1989,6201.50044661692
SRB,national,national,1990,5517.59877372083
SRB,national,national,1991,5010.75742087199
SRB,national,national,1992,3715.16985716468
SRB,national,national,1993,2643.76451351567
SRB,national,national,1994,2777.92849202337
SRB,national,national,1995,3012.49818951388
SRB,national,national,1996,3200.76826306115
SRB,national,national,1997,3497.55046734497
SRB,national,national,1998,3699.40387054927
SRB,national,national,1999,3329.45173036535
SRB,national,national,2000,3542.35373929055
SRB,national,national,2001,3788.9822937535
SRB,national,national,2002,4038.65254639261
SRB,national,national,2003,4233.77646622459
SRB,national,national,2004,4527.43497714122
SRB,national,national,2005,4809.13847725945
SRB,national,national,2006,5016.41284072937
SRB,national,national,2007,5431.27888961402
SRB,national,national,2008,5735.94771592691
SRB,national,national,2009,5578.01198011964
SRB,national,national,2010,5690.7032693018
SRB,national,national,2011,5737.00119892159
SRB,national,national,2012,5739.30750190714
SRB,national,national,2013,5793.33614236087
SRB,national,national,2014,5716.5404784933
SRB,national,national,2015,5820.3215576888
SRB,national,national,2016,6024.95753018527
SRB,national,national,2017,6200.26060347164
SRB,national,national,2018,6524.0796846826
SRB,national,national,2019,6870.75746352687
SRB,national,national,2020,6850.96677811138
SRB,national,national,2021,7465.67530944906
SRB,national,national,2022,7857.40327149497
SRB,national,national,2023,8210.55401378745
SRB,national,national,2024,8566.35857708047
SRB,national,national,2025,8927.29842932428
SRB,national,national,2026,9340.79119002295
SRB,national,national,2027,9797.44237926133
SRB,national,national,2028,10219.8992279697
SRB,national,national,2029,10706.4918498244
SRB,national,national,2030,11218.4727569407
SSD,national,national,2008,2291.49291132053
SSD,national,national,2009,2294.43596492274
SSD,national,national,2010,2184.15503957575
SSD,national,national,2011,1571.21800450041
SSD,national,national,2012,1117.17910894216
SSD,national,national,2013,1181.12847338487
SSD,national,national,2014,1138.62105297122
SSD,national,national,2015,1102.41743324233
SSD,national,national,2016,928.564036679702
SSD,national,national,2017,850.118079351127
SSD,national,national,2018,806.835820027855
SSD,national,national,2019,789.271900710093
SSD,national,national,2020,716.527583176381
SSD,national,national,2021,733.438861964165
SSD,national,national,2022,675.812854729287
SSD,national,national,2023,673.410276954093
SSD,national,national,2024,481.505273644712
SSD,national,national,2025,449.415281012353
SSD,national,national,2026,570.250142869705
SSD,national,national,2027,585.966759156324
SSD,national,national,2028,598.415151837326
SSD,national,national,2029,609.398841732524
SSD,national,national,2030,621.14329382437
STP,national,national,1960,593.778027999366
STP,national,national,1961,638.574891058489
STP,national,national,1962,680.297459593948
STP,national,national,1963,721.580843197454
STP,national,national,1964,761.107487073151
STP,national,national,1965,797.559836425183
STP,national,national,1966,843.674254280164
STP,national,national,1967,880.126603632196
STP,national,national,1968,914.822213256419
STP,national,national,1969,950.835377676499
STP,national,national,1970,985.09180236877
STP,national,national,1971,1015.74666793194
STP,national,national,1972,1017.08121320436
STP,national,national,1973,1011.34975679533
STP,national,national,1974,1045.17670623037
STP,national,national,1975,1075.52552217484
STP,national,national,1976,1065.93941593131
STP,national,national,1977,1281.27707655704
STP,national,national,1978,1283.3570836238
STP,national,national,1979,1454.96872023117
STP,national,national,1980,1405.76061531863
STP,national,national,1981,1234.82085380117
STP,national,national,1982,1249.50268222753
STP,national,national,1983,1179.55626040759
STP,national,national,1984,1087.44153359985
STP,national,national,1985,1163.80724250137
STP,national,national,1986,1071.36164381493
STP,national,national,1987,1014.69125831664
STP,national,national,1988,1008.24359402711
STP,national,national,1989,1013.50760361265
STP,national,national,1990,967.490807502814
STP,national,national,1991,957.946483063679
STP,national,national,1992,946.482495103288
STP,national,national,1993,939.606669438019
STP,national,national,1994,943.891404294867
STP,national,national,1995,947.331538535199
STP,national,national,1996,947.030151309961
STP,national,national,1997,942.971185295678
STP,national,national,1998,953.9855008639
STP,national,national,1999,966.2268289095
STP,national,national,2000,959.938180991352
STP,national,national,2001,973.424252100436
STP,national,national,2002,982.32906557627
STP,national,national,2003,1036.86196260207
STP,national,national,2004,1047.05796134884
STP,national,national,2005,1089.14778798762
STP,national,national,2006,1157.0861446542
STP,national,national,2007,1170.51612474435
STP,national,national,2008,1214.14114724792
STP,national,national,2009,1225.60541902997
STP,national,national,2010,1216.3502521663
STP,national,national,2011,1214.96130276731
STP,national,national,2012,1225.6945255615
STP,national,national,2013,1263.70423995281
STP,national,national,2014,1301.32146445028
STP,national,national,2015,1298.10946596396
STP,national,national,2016,1342.533807689
STP,national,national,2017,1375.59403284199
STP,national,national,2018,1413.84348618541
STP,national,national,2019,1420.66008316091
STP,national,national,2020,1430.84119299096
STP,national,national,2021,1428.28676097975
STP,national,national,2022,1403.23356704678
STP,national,national,2023,1380.60169416257
STP,national,national,2024,1366.3417304556
STP,national,national,2025,1381.03787392931
STP,national,national,2026,1419.32854245121
STP,national,national,2027,1449.1610613495
STP,national,national,2028,1470.39320262997
STP,national,national,2029,1492.08103184293
STP,national,national,2030,1514.23849932529
SUR,national,national,1960,3940.0813479359
SUR,national,national,1961,3994.89569571431
SUR,national,national,1962,3988.11140027838
SUR,national,national,1963,4025.39761164569
SUR,national,national,1964,4120.48612086465
SUR,national,national,1965,4456.89702951005
SUR,national,national,1966,5133.97497313157
SUR,national,national,1967,5561.3080987637
SUR,national,national,1968,5782.53661381848
SUR,national,national,1969,5840.34086091936
SUR,national,national,1970,5799.86722281584
SUR,national,national,1971,5834.02486729504
SUR,national,national,1972,5719.04237661422
SUR,national,national,1973,5639.38579790557
SUR,national,national,1974,5692.08851903754
SUR,national,national,1975,5888.95396298107
SUR,national,national,1976,6454.72147950716
SUR,national,national,1977,7172.62107128024
SUR,national,national,1978,7717.46333376568
SUR,national,national,1979,7750.38885062687
SUR,national,national,1980,7110.25141539986
SUR,national,national,1981,7613.41613760027
SUR,national,national,1982,7272.42377342797
SUR,national,national,1983,6948.36988386005
SUR,national,national,1984,6754.87416435162
SUR,national,national,1985,6804.88235329589
SUR,national,national,1986,6765.64454752431
SUR,national,national,1987,6272.92938552246
SUR,national,national,1988,6672.84558173621
SUR,national,national,1989,6847.85742586796
SUR,national,national,1990,6474.95571162121
SUR,national,national,1991,6609.4013410012
SUR,national,national,1992,6594.9041494915
SUR,national,national,1993,6127.17764098658
SUR,national,national,1994,6290.15749631679
SUR,national,national,1995,6184.2834422862
SUR,national,national,1996,6114.83571706509
SUR,national,national,1997,6330.13718248353
SUR,national,national,1998,6343.51344766536
SUR,national,national,1999,6127.31035739875
SUR,national,national,2000,6128.31602380553
SUR,national,national,2001,6255.55274185687
SUR,national,national,2002,6301.31731043167
SUR,national,national,2003,6567.84309876847
SUR,national,national,2004,7021.98919924338
SUR,national,national,2005,7261.8171350196
SUR,national,national,2006,7599.35696921481
SUR,national,national,2007,7897.25648915828
SUR,national,national,2008,8129.11464659446
SUR,national,national,2009,8276.69079768793
SUR,national,national,2010,8603.90786745855
SUR,national,national,2011,9003.28597674886
SUR,national,national,2012,9140.92898611536
SUR,national,national,2013,9303.46008775809
SUR,national,national,2014,9224.24378410547
SUR,national,national,2015,8813.61705392067
SUR,national,national,2016,8293.31553031406
SUR,national,national,2017,8338.69235401862
SUR,national,national,2018,8666.64870697797
SUR,national,national,2019,8677.30522021731
SUR,national,national,2020,7213.10766669943
SUR,national,national,2021,6973.89941868115
SUR,national,national,2022,7081.33357325783
SUR,national,national,2023,7195.10209033209
SUR,national,national,2024,7296.36184449464
SUR,national,national,2025,7458.2170903656
SUR,national,national,2026,7638.00938376729
SUR,national,national,2027,7837.81475981657
SUR,national,national,2028,11603.2389943504
SUR,national,national,2029,14566.1000803024
SUR,national,national,2030,14894.7586962037
SVK,national,national,1985,8209.07040125002
SVK,national,national,1986,8505.75030487539
SVK,national,national,1987,8666.24926913174
SVK,national,national,1988,8795.4822013901
SVK,national,national,1989,8847.59225472008
SVK,national,national,1990,8597.46399873616
SVK,national,national,1991,7338.79871066771
SVK,national,national,1992,6843.30031185734
SVK,national,national,1993,6946.84551124536
SVK,national,national,1994,7348.91832054302
SVK,national,national,1995,7755.62339473121
SVK,national,national,1996,8212.83202531548
SVK,national,national,1997,8647.39444587014
SVK,national,national,1998,8966.21926255304
SVK,national,national,1999,8914.68322907316
SVK,national,national,2000,8997.21205983851
SVK,national,national,2001,9277.35799766772
SVK,national,national,2002,9690.68462796365
SVK,national,national,2003,10168.0224775637
SVK,national,national,2004,10718.2101357286
SVK,national,national,2005,11412.1592874654
SVK,national,national,2006,12430.2014562792
SVK,national,national,2007,13770.9603683827
SVK,national,national,2008,14497.1115099188
SVK,national,national,2009,13680.7537015807
SVK,national,national,2010,14596.1478430022
SVK,national,national,2011,14950.8735594537
SVK,national,national,2012,15159.6571004823
SVK,national,national,2013,15249.8825237603
SVK,national,national,2014,15647.6491148855
SVK,national,national,2015,16442.0760860018
SVK,national,national,2016,16740.7414999051
SVK,national,national,2017,17195.2888048325
SVK,national,national,2018,17869.0149419565
SVK,national,national,2019,18250.9802872053
SVK,national,national,2020,17763.8564029317
SVK,national,national,2021,18821.1163135169
SVK,national,national,2022,18959.6818363057
SVK,national,national,2023,19238.7622372766
SVK,national,national,2024,19685.5601412731
SVK,national,national,2025,20160.2531911553
SVK,national,national,2026,20575.2361974567
SVK,national,national,2027,21068.9358214283
SVK,national,national,2028,21659.8875939195
SVK,national,national,2029,22186.8556993876
SVK,national,national,2030,22706.7694521627
SVN,national,national,1960,5391.90140341426
SVN,national,national,1961,5839.6587425673
SVN,national,national,1962,6040.58514517883
SVN,national,national,1963,6675.72328676733
SVN,national,national,1964,7242.38089413243
SVN,national,national,1965,7216.04222712343
SVN,national,national,1966,7547.15689809374
SVN,national,national,1967,7724.00223372561
SVN,national,national,1968,8143.91583918342
SVN,national,national,1969,8861.08011517138
SVN,national,national,1970,9634.68439189293
SVN,national,national,1971,10277.3478669126
SVN,national,national,1972,10737.8982728986
SVN,national,national,1973,11347.4502808212
SVN,national,national,1974,12356.5974939375
SVN,national,national,1975,12947.3361682823
SVN,national,national,1976,13140.7372374627
SVN,national,national,1977,13993.3575152112
SVN,national,national,1978,15061.2023290905
SVN,national,national,1979,16079.3799423242
SVN,national,national,1980,15916.8327402115
SVN,national,national,1981,15749.7703380401
SVN,national,national,1982,15453.272200853
SVN,national,national,1983,15390.0594000314
SVN,national,national,1984,15539.8135353112
SVN,national,national,1985,15549.5964687717
SVN,national,national,1986,15895.0092732611
SVN,national,national,1987,15691.0727372772
SVN,national,national,1988,15113.1271297653
SVN,national,national,1989,14928.0039273592
SVN,national,national,1990,13615.5857769678
SVN,national,national,1991,12395.9177026624
SVN,national,national,1992,11735.8460166299
SVN,national,national,1993,12098.341410018
SVN,national,national,1994,12757.6301133778
SVN,national,national,1995,13278.7427797574
SVN,national,national,1996,13674.1833709721
SVN,national,national,1997,14400.671212846
SVN,national,national,1998,14874.2902934445
SVN,national,national,1999,15646.6889507489
SVN,national,national,2000,16146.1215958752
SVN,national,national,2001,16576.7160906192
SVN,national,national,2002,17099.6583810838
SVN,national,national,2003,17635.3610248185
SVN,national,national,2004,18425.2598378487
SVN,national,national,2005,19102.2771961477
SVN,national,national,2006,20166.5324125858
SVN,national,national,2007,21485.7811592397
SVN,national,national,2008,22175.2369942549
SVN,national,national,2009,20307.6185841652
SVN,national,national,2010,20444.1199248351
SVN,national,national,2011,20535.4157335883
SVN,national,national,2012,19894.8697893882
SVN,national,national,2013,19704.2184304723
SVN,national,national,2014,20228.7077025728
SVN,national,national,2015,20697.2748530619
SVN,national,national,2016,21309.7120251737
SVN,national,national,2017,22397.7638081191
SVN,national,national,2018,23293.9665948387
SVN,national,national,2019,23943.1796396034
SVN,national,national,2020,22811.8052853002
SVN,national,national,2021,24659.2499013385
SVN,national,national,2022,25276.9355802471
SVN,national,national,2023,25708.8691396365
SVN,national,national,2024,26069.890389984
SVN,national,national,2025,26566.8533327093
SVN,national,national,2026,27106.0681355479
SVN,national,national,2027,27716.5631456153
SVN,national,national,2028,28389.793530874
SVN,national,national,2029,29053.7220970417
SVN,national,national,2030,29734.5850339715
SWE,national,national,1960,16812.1516339638
SWE,national,national,1961,17683.7975893067
SWE,national,national,1962,18335.5525150726
SWE,national,national,1963,19203.9132600174
SWE,national,national,1964,20361.1524238685
SWE,national,national,1965,20941.0909432355
SWE,national,national,1966,21176.4666220693
SWE,national,national,1967,21721.8399978607
SWE,national,national,1968,22386.0274483069
SWE,national,national,1969,23342.7425016141
SWE,national,national,1970,24622.947878957
SWE,national,national,1971,24685.1047786533
SWE,national,national,1972,25175.5783894299
SWE,national,national,1973,26129.4639468973
SWE,national,national,1974,26887.0053913592
SWE,national,national,1975,27464.0686210301
SWE,national,national,1976,27653.9107272497
SWE,national,national,1977,27116.0070001824
SWE,national,national,1978,27510.7438516574
SWE,national,national,1979,28504.8851836266
SWE,national,national,1980,28930.6721003824
SWE,national,national,1981,29027.4269109053
SWE,national,national,1982,29373.0783683788
SWE,national,national,1983,29917.8065169672
SWE,national,national,1984,31154.8675252983
SWE,national,national,1985,31775.4021053726
SWE,national,national,1986,32554.7804658913
SWE,national,national,1987,33534.5321337656
SWE,national,national,1988,34234.9882140715
SWE,national,national,1989,34910.1676505081
SWE,national,national,1990,34902.9205848639
SWE,national,national,1991,34268.5547150561
SWE,national,national,1992,33673.4365945351
SWE,national,national,1993,32786.8795033975
SWE,national,national,1994,33861.971357929
SWE,national,national,1995,35063.9008956006
SWE,national,national,1996,35604.9683604031
SWE,national,national,1997,36675.2077147134
SWE,national,national,1998,38211.1186220399
SWE,national,national,1999,39785.3801572029
SWE,national,national,2000,41561.0967168749
SWE,national,national,2001,42013.7004264801
SWE,national,national,2002,42831.0188619575
SWE,national,national,2003,43474.579217835
SWE,national,national,2004,45113.8308513761
SWE,national,national,2005,46188.8411079246
SWE,national,national,2006,48077.4408695625
SWE,national,national,2007,49261.2399453051
SWE,national,national,2008,48427.7563778
SWE,national,national,2009,45973.5537675417
SWE,national,national,2010,48204.6580784176
SWE,national,national,2011,49355.6899419737
SWE,national,national,2012,48788.8671231037
SWE,national,national,2013,48927.5973053354
SWE,national,national,2014,49556.7005007699
SWE,national,national,2015,51197.9529341175
SWE,national,national,2016,51746.6969632478
SWE,national,national,2017,51985.932464245
SWE,national,national,2018,52363.3829181296
SWE,national,national,2019,53156.8613091273
SWE,national,national,2020,51715.78104096
SWE,national,national,2021,54458.3535600817
SWE,national,national,2022,54878.2919511876
SWE,national,national,2023,54449.7982042953
SWE,national,national,2024,54457.6575800269
SWE,national,national,2025,54837.328227255
SWE,national,national,2026,55691.1674723593
SWE,national,national,2027,56516.0889921619
SWE,national,national,2028,57093.1295639897
SWE,national,national,2029,57693.2013642384
SWE,national,national,2030,58320.1270176706
SWZ,national,national,1960,416.8615771276
SWZ,national,national,1961,458.388017761001
SWZ,national,national,1962,541.440899027802
SWZ,national,national,1963,557.412606963725
SWZ,national,national,1964,623.961390030073
SWZ,national,national,1965,702.755149180628
SWZ,national,national,1966,713.935344735774
SWZ,national,national,1967,761.850468543544
SWZ,national,national,1968,707.546661561405
SWZ,national,national,1969,718.726857116551
SWZ,national,national,1970,907.193010760447
SWZ,national,national,1971,1004.62605418686
SWZ,national,national,1972,1030.45837643506
SWZ,national,national,1973,1092.31947926656
SWZ,national,national,1974,1122.37225672262
SWZ,national,national,1975,1241.49542759642
SWZ,national,national,1976,1178.82683816201
SWZ,national,national,1977,1153.22677947946
SWZ,national,national,1978,1130.66205866432
SWZ,national,national,1979,1127.91494933731
SWZ,national,national,1980,1226.99401501998
SWZ,national,national,1981,1360.65919448942
SWZ,national,national,1982,1331.61416232861
SWZ,national,national,1983,1304.05429586037
SWZ,national,national,1984,1340.02264437211
SWZ,national,national,1985,1340.79137109949
SWZ,national,national,1986,1446.77123661608
SWZ,national,national,1987,1594.96994656791
SWZ,national,national,1988,1623.27588765044
SWZ,national,national,1989,1749.72158516625
SWZ,national,national,1990,2033.43213786875
SWZ,national,national,1991,1987.74992522957
SWZ,national,national,1992,1975.26202755719
SWZ,national,national,1993,1978.11226164136
SWZ,national,national,1994,2025.82170351005
SWZ,national,national,1995,2125.28547140934
SWZ,national,national,1996,2163.66818696594
SWZ,national,national,1997,2193.58543626071
SWZ,national,national,1998,2221.9722866781
SWZ,national,national,1999,2262.84213156876
SWZ,national,national,2000,2279.16365357531
SWZ,national,national,2001,2282.05736333109
SWZ,national,national,2002,2363.17915443936
SWZ,national,national,2003,2438.16987981592
SWZ,national,national,2004,2511.32070846495
SWZ,national,national,2005,2647.50508593652
SWZ,national,national,2006,2792.13843471862
SWZ,national,national,2007,2899.22020182905
SWZ,national,national,2008,2903.38102850651
SWZ,national,national,2009,2929.97720488048
SWZ,national,national,2010,3023.35956185278
SWZ,national,national,2011,3074.20267496598
SWZ,national,national,2012,3222.72150185206
SWZ,national,national,2013,3329.00880495832
SWZ,national,national,2014,3367.36337022137
SWZ,national,national,2015,3393.53367834668
SWZ,national,national,2016,3492.83223049081
SWZ,national,national,2017,3552.08584648306
SWZ,national,national,2018,3546.53861936884
SWZ,national,national,2019,3687.99051427485
SWZ,national,national,2020,3542.91502785498
SWZ,national,national,2021,3621.25805750801
SWZ,national,national,2022,3582.22100266559
SWZ,national,national,2023,3726.43642993545
SWZ,national,national,2024,3856.97486827494
SWZ,national,national,2025,4006.77803266308
SWZ,national,national,2026,4122.14137810486
SWZ,national,national,2027,4193.43321140654
SWZ,national,national,2028,4288.44787853386
SWZ,national,national,2029,4372.59549832665
SWZ,national,national,2030,4433.53419297946
SXM,national,national,2009,37548.9474627441
SXM,national,national,2010,38403.0705201664
SXM,national,national,2011,39615.1371367338
SXM,national,national,2012,39298.9873567827
SXM,national,national,2013,38889.7715088035
SXM,national,national,2014,38623.1999405819
SXM,national,national,2015,37839.6283815163
SXM,national,national,2016,37428.7027557069
SXM,national,national,2017,33945.4185182499
SXM,national,national,2018,31047.7241050626
SXM,national,national,2019,33877.976645467
SXM,national,national,2020,28920.3773007159
SXM,national,national,2021,29834.6350068383
SXM,national,national,2022,32316.8721521009
SXM,national,national,2023,33066.2495331081
SYC,national,national,1960,3169.8719362006
SYC,national,national,1961,2931.52295872465
SYC,national,national,1962,3094.82323303369
SYC,national,national,1963,3322.94260496593
SYC,national,national,1964,3432.56045494626
SYC,national,national,1965,3311.93105019453
SYC,national,national,1966,3679.30050746873
SYC,national,national,1967,3608.07514941437
SYC,national,national,1968,3787.78708615717
SYC,national,national,1969,3698.74352837889
SYC,national,national,1970,3934.10745937442
SYC,national,national,1971,4466.48702153242
SYC,national,national,1972,4635.19530046487
SYC,national,national,1973,4978.1966610497
SYC,national,national,1974,4952.09433656679
SYC,national,national,1975,4992.67635279626
SYC,national,national,1976,5689.07506488881
SYC,national,national,1977,5226.17270451846
SYC,national,national,1978,6294.51380248905
SYC,national,national,1979,7226.36841156741
SYC,national,national,1980,6795.44213443153
SYC,national,national,1981,6453.04441345632
SYC,national,national,1982,6282.31243363473
SYC,national,national,1983,6251.16837292603
SYC,national,national,1984,6481.83312252185
SYC,national,national,1985,7091.31069778707
SYC,national,national,1986,7100.93735358387
SYC,national,national,1987,7137.55603586632
SYC,national,national,1988,7489.74029923645
SYC,national,national,1989,8210.90696953337
SYC,national,national,1990,8779.85231337378
SYC,national,national,1991,8902.83798776266
SYC,national,national,1992,9497.7554107084
SYC,national,national,1993,9981.2446035158
SYC,national,national,1994,9481.8805265777
SYC,national,national,1995,9388.81967720743
SYC,national,national,1996,10177.0904671696
SYC,national,national,1997,11284.8459766598
SYC,national,national,1998,11339.3481297046
SYC,national,national,1999,11326.9386083063
SYC,national,national,2000,11703.7535246117
SYC,national,national,2001,11427.9413083015
SYC,national,national,2002,11218.2606464315
SYC,national,national,2003,10677.9692081272
SYC,national,national,2004,10412.0868936027
SYC,national,national,2005,11297.3118190493
SYC,national,national,2006,12105.4475265558
SYC,national,national,2007,13112.8210098816
SYC,national,national,2008,12473.2921769121
SYC,national,national,2009,12116.3783687977
SYC,national,national,2010,12313.5566919249
SYC,national,national,2011,13843.7116081878
SYC,national,national,2012,14135.0010570653
SYC,national,national,2013,14050.3135581314
SYC,national,national,2014,14395.6158118771
SYC,national,national,2015,15333.1051727105
SYC,national,national,2016,16962.6753972731
SYC,national,national,2017,17921.5731976918
SYC,national,national,2018,18628.1862276696
SYC,national,national,2019,19481.6461053742
SYC,national,national,2020,17048.361729788
SYC,national,national,2021,17005.0422063679
SYC,national,national,2022,16188.7813275605
SYC,national,national,2023,16715.2650923889
SYC,national,national,2024,17085.9105410591
SYC,national,national,2025,17391.463585959
SYC,national,national,2026,17913.2083631109
SYC,national,national,2027,18432.5750056132
SYC,national,national,2028,18911.641058468
SYC,national,national,2029,19401.2261517156
SYC,national,national,2030,19899.2073761807
SYR,national,national,1960,517.131104707469
SYR,national,national,1961,556.254997907388
SYR,national,national,1962,672.561494844598
SYR,national,national,1963,596.198375304358
SYR,national,national,1964,631.862193058275
SYR,national,national,1965,626.628051461563
SYR,national,national,1966,560.706901573536
SYR,national,national,1967,588.017555419018
SYR,national,national,1968,590.710133908472
SYR,national,national,1969,679.257950875701
SYR,national,national,1970,645.574906678052
SYR,national,national,1971,680.206357438042
SYR,national,national,1972,826.2108641919
SYR,national,national,1973,715.160556387001
SYR,national,national,1974,869.846666377176
SYR,national,national,1975,978.291795882869
SYR,national,national,1976,1061.23601879935
SYR,national,national,1977,1006.95039324288
SYR,national,national,1978,1069.74647788341
SYR,national,national,1979,1043.21855688668
SYR,national,national,1980,1155.12896457471
SYR,national,national,1981,1204.049
SYR,national,national,1982,1197.2509
SYR,national,national,1983,1183.9324
SYR,national,national,1984,1056.1254
SYR,national,national,1985,1114.9634
SYR,national,national,1986,991.11035
SYR,national,national,1987,973.62024
SYR,national,national,1988,1110.6226
SYR,national,national,1989,927.8067
SYR,national,national,1990,931.88507
SYR,national,national,1991,972.28583
SYR,national,national,1992,1065.2047
SYR,national,national,1993,1097.1104
SYR,national,national,1994,1142.064
SYR,national,national,1995,1188.1754
SYR,national,national,1996,1270.0513
SYR,national,national,1997,1299.2986
SYR,national,national,1998,1352.1279
SYR,national,national,1999,1271.3223
SYR,national,national,2000,1248.3849
SYR,national,national,2001,1230.8719
SYR,national,national,2002,1249.0062
SYR,national,national,2003,1307.4814
SYR,national,national,2004,1440.5695
SYR,national,national,2005,1556.7902
SYR,national,national,2006,1553.6063
SYR,national,national,2007,1645.6656
SYR,national,national,2008,1662.4812
SYR,national,national,2009,1637.4709
SYR,national,national,2010,1724.1127
SYR,national,national,2011,1856.0482
SYR,national,national,2012,1269.1753
SYR,national,national,2013,853.21729
SYR,national,national,2014,751.57831
SYR,national,national,2015,750.33582
SYR,national,national,2016,658.58069
SYR,national,national,2017,758.61377
SYR,national,national,2018,846.9422
SYR,national,national,2019,871.23022
SYR,national,national,2020,631.0556
SYR,national,national,2021,623.90643
SYR,national,national,2022,634.2522
SYR,national,national,2023,596.520938737895
SYR,national,national,2024,561.898058746801
SYR,national,national,2025,535.598230747511
SYR,national,national,2026,426.035115841569
SYR,national,national,2027,373.849179828392
SYR,national,national,2028,NA
SYR,national,national,2029,NA
SYR,national,national,2030,NA
TCA,national,national,2011,25215.8650392422
TCA,national,national,2012,23975.034869719
TCA,national,national,2013,23132.9846383537
TCA,national,national,2014,24145.8283072302
TCA,national,national,2015,25736.101625461
TCA,national,national,2016,26370.3822681677
TCA,national,national,2017,24681.724417852
TCA,national,national,2018,25034.1163096131
TCA,national,national,2019,25382.1833321986
TCA,national,national,2020,18073.2852240745
TCA,national,national,2021,19331.2436023591
TCA,national,national,2022,20259.3160723391
TCA,national,national,2023,20346.6552687741
TCD,national,national,1960,556.410974884483
TCD,national,national,1961,552.927968383641
TCD,national,national,1962,570.888731518261
TCD,national,national,1963,550.437733422396
TCD,national,national,1964,525.815383558217
TCD,national,national,1965,518.539510735879
TCD,national,national,1966,499.301578607083
TCD,national,national,1967,493.436872964327
TCD,national,national,1968,481.6105174758
TCD,national,national,1969,504.476373164192
TCD,national,national,1970,503.283215178759
TCD,national,national,1971,481.700060089825
TCD,national,national,1972,476.482931287022
TCD,national,national,1973,426.401364383199
TCD,national,national,1974,437.413638075291
TCD,national,national,1975,466.65612367778
TCD,national,national,1976,471.063577003181
TCD,national,national,1977,472.654630543573
TCD,national,national,1978,461.935658366348
TCD,national,national,1979,355.318834738027
TCD,national,national,1980,333.085913914995
TCD,national,national,1981,336.149836771895
TCD,national,national,1982,337.866168645107
TCD,national,national,1983,371.949547390403
TCD,national,national,1984,374.603793045139
TCD,national,national,1985,451.663504628142
TCD,national,national,1986,420.456662542463
TCD,national,national,1987,396.282320672438
TCD,national,national,1988,442.400105015875
TCD,national,national,1989,448.543347709338
TCD,national,national,1990,418.073577118017
TCD,national,national,1991,437.462532768457
TCD,national,national,1992,452.837955096819
TCD,national,national,1993,372.8025112816
TCD,national,national,1994,401.253269860237
TCD,national,national,1995,388.702782263829
TCD,national,national,1996,380.096965706397
TCD,national,national,1997,387.959417945816
TCD,national,national,1998,400.89675561707
TCD,national,national,1999,384.413940597204
TCD,national,national,2000,368.078261898703
TCD,national,national,2001,397.356889219968
TCD,national,national,2002,416.339854809106
TCD,national,national,2003,458.923045624901
TCD,national,national,2004,586.537221681774
TCD,national,national,2005,661.008702427265
TCD,national,national,2006,641.784341007243
TCD,national,national,2007,640.337914179992
TCD,national,national,2008,637.193939261993
TCD,national,national,2009,640.760736157705
TCD,national,national,2010,702.835158960433
TCD,national,national,2011,679.01873437328
TCD,national,national,2012,713.813698623546
TCD,national,national,2013,728.044325802741
TCD,national,national,2014,750.984908083218
TCD,national,national,2015,747.588448455507
TCD,national,national,2016,679.167834353956
TCD,national,national,2017,637.440946195503
TCD,national,national,2018,631.014596004206
TCD,national,national,2019,630.861050028594
TCD,national,national,2020,601.325555951846
TCD,national,national,2021,574.17448671329
TCD,national,national,2022,570.220902592433
TCD,national,national,2023,567.181912180859
TCD,national,national,2024,568.92809163377
TCD,national,national,2025,569.117666108918
TCD,national,national,2026,579.649152096733
TCD,national,national,2027,588.528919184024
TCD,national,national,2028,591.25527828394
TCD,national,national,2029,592.071841969483
TCD,national,national,2030,592.972623207836
TGO,national,national,1960,449.342571123456
TGO,national,national,1961,495.260470360098
TGO,national,national,1962,504.980902456275
TGO,national,national,1963,520.58164440682
TGO,national,national,1964,582.294454390453
TGO,national,national,1965,654.061732972202
TGO,national,national,1966,691.451959641266
TGO,national,national,1967,701.203612884496
TGO,national,national,1968,706.573764739944
TGO,national,national,1969,752.502896802327
TGO,national,national,1970,744.017512363706
TGO,national,national,1971,720.521016300951
TGO,national,national,1972,753.67150790579
TGO,national,national,1973,762.218127277909
TGO,national,national,1974,779.009571600141
TGO,national,national,1975,778.537116054192
TGO,national,national,1976,744.302164516937
TGO,national,national,1977,777.212650636677
TGO,national,national,1978,842.402349661254
TGO,national,national,1979,778.697805985064
TGO,national,national,1980,867.453987999739
TGO,national,national,1981,813.046118165912
TGO,national,national,1982,758.250855831716
TGO,national,national,1983,693.197430248275
TGO,national,national,1984,707.57203386595
TGO,national,national,1985,723.385264185823
TGO,national,national,1986,712.728451572789
TGO,national,national,1987,694.906734484293
TGO,national,national,1988,719.001777895741
TGO,national,national,1989,726.293484428614
TGO,national,national,1990,703.623896219833
TGO,national,national,1991,678.869787556389
TGO,national,national,1992,633.668979961274
TGO,national,national,1993,541.357021911529
TGO,national,national,1994,620.182575480635
TGO,national,national,1995,640.349863205312
TGO,national,national,1996,671.504221462105
TGO,national,national,1997,744.126581926862
TGO,national,national,1998,706.68952385752
TGO,national,national,1999,704.043789285316
TGO,national,national,2000,679.533367700848
TGO,national,national,2001,667.298281784325
TGO,national,national,2002,675.440744386282
TGO,national,national,2003,702.799200216835
TGO,national,national,2004,678.287546160331
TGO,national,national,2005,630.248628319525
TGO,national,national,2006,629.079855938738
TGO,national,national,2007,603.837896358253
TGO,national,national,2008,610.405655722251
TGO,national,national,2009,625.711836727455
TGO,national,national,2010,644.563730311597
TGO,national,national,2011,663.963778088896
TGO,national,national,2012,687.495795744285
TGO,national,national,2013,709.092304171157
TGO,national,national,2014,730.291525419946
TGO,national,national,2015,751.052405084336
TGO,national,national,2016,763.276549113054
TGO,national,national,2017,774.276909071917
TGO,national,national,2018,791.59353236921
TGO,national,national,2019,810.514132815471
TGO,national,national,2020,806.956490395231
TGO,national,national,2021,835.199051274184
TGO,national,national,2022,862.763712696128
TGO,national,national,2023,896.874686928368
TGO,national,national,2024,922.096998252583
TGO,national,national,2025,944.970033848373
TGO,national,national,2026,973.026300934945
TGO,national,national,2027,1002.86625418992
TGO,national,national,2028,1033.02431681044
TGO,national,national,2029,1064.08929080543
TGO,national,national,2030,1096.08844669101
THA,national,national,1960,592.465635112506
THA,national,national,1961,606.205592712551
THA,national,national,1962,632.983035716153
THA,national,national,1963,663.55436582592
THA,national,national,1964,688.017307298417
THA,national,national,1965,722.392299176819
THA,national,national,1966,779.304978301365
THA,national,national,1967,822.065821475732
THA,national,national,1968,863.617164738641
THA,national,national,1969,894.636115562961
THA,national,national,1970,969.511716318085
THA,national,national,1971,989.909220029885
THA,national,national,1972,1005.14454673498
THA,national,national,1973,1079.19199094554
THA,national,national,1974,1099.02939594966
THA,national,national,1975,1125.83955126106
THA,national,national,1976,1202.74424654629
THA,national,national,1977,1291.9197681028
THA,national,national,1978,1394.18134022016
THA,national,national,1979,1438.53929504306
THA,national,national,1980,1482.08742004737
THA,national,national,1981,1538.43127414973
THA,national,national,1982,1589.42168596819
THA,national,national,1983,1645.99169094684
THA,national,national,1984,1707.9308019841
THA,national,national,1985,1754.62716249659
THA,national,national,1986,1818.90504659625
THA,national,national,1987,1957.75963674452
THA,national,national,1988,2180.41358654182
THA,national,national,1989,2406.26996824545
THA,national,national,1990,2631.51971095863
THA,national,national,1991,2810.56702001316
THA,national,national,1992,2989.85385369019
THA,national,national,1993,3186.99707103229
THA,national,national,1994,3391.48986604062
THA,national,national,1995,3614.93244016732
THA,national,national,1996,3766.86364433088
THA,national,national,1997,3614.60848543994
THA,national,national,1998,3295.36018381294
THA,national,national,1999,3403.08737356896
THA,national,national,2000,3514.71662970608
THA,national,national,2001,3599.02524877358
THA,national,national,2002,3783.75422073266
THA,national,national,2003,4018.15538187068
THA,national,national,2004,4232.77157261934
THA,national,national,2005,4372.25730206261
THA,national,national,2006,4551.5250018314
THA,national,national,2007,4760.66708464831
THA,national,national,2008,4805.76393990836
THA,national,national,2009,4737.45679763314
THA,national,national,2010,5059.35747831657
THA,national,national,2011,5070.23740191942
THA,national,national,2012,5403.87846036273
THA,national,national,2013,5516.61164164135
THA,national,national,2014,5541.46599361845
THA,national,national,2015,5688.85335397884
THA,national,national,2016,5857.78052935926
THA,national,national,2017,6076.74307700082
THA,national,national,2018,6314.19948412043
THA,national,national,2019,6434.53770518034
THA,national,national,2020,6035.18627737077
THA,national,national,2021,6122.49238460162
THA,national,national,2022,6272.57590996341
THA,national,national,2023,6393.88744975198
THA,national,national,2024,6565.13530386875
THA,national,national,2025,6665.98825589326
THA,national,national,2026,6778.72098952726
THA,national,national,2027,6919.46678032245
THA,national,national,2028,7064.55171028101
THA,national,national,2029,7226.17395914469
THA,national,national,2030,7399.90183250294
TJK,national,national,1973,1725.04110500081
TJK,national,national,1980,1518.62818895889
TJK,national,national,1981,1485.85584377425
TJK,national,national,1982,1453.08349858962
TJK,national,national,1983,1466.03386079968
TJK,national,national,1984,1445.41899850612
TJK,national,national,1985,1417.66822234171
TJK,national,national,1986,1420.20197771086
TJK,national,national,1987,1355.73849750343
TJK,national,national,1988,1491.07389448452
TJK,national,national,1989,1353.85336651245
TJK,national,national,1990,1312.94701318034
TJK,national,national,1991,1188.37461269952
TJK,national,national,1992,827.586884623268
TJK,national,national,1993,682.727259317268
TJK,national,national,1994,528.04821736829
TJK,national,national,1995,452.904385394465
TJK,national,national,1996,369.934883507426
TJK,national,national,1997,371.661243144454
TJK,national,national,1998,389.089746664022
TJK,national,national,1999,401.406381787908
TJK,national,national,2000,429.537300984643
TJK,national,national,2001,461.681195760256
TJK,national,national,2002,501.80856647117
TJK,national,national,2003,546.391479808684
TJK,national,national,2004,590.957111385699
TJK,national,national,2005,618.333702588577
TJK,national,national,2006,649.163328755334
TJK,national,national,2007,686.48090192413
TJK,national,national,2008,726.185491338269
TJK,national,national,2009,739.212878526331
TJK,national,national,2010,770.604105393791
TJK,national,national,2011,809.368229154093
TJK,national,national,2012,849.519080831738
TJK,national,national,2013,889.882383099979
TJK,national,national,2014,925.970961482804
TJK,national,national,2015,956.916310930656
TJK,national,national,2016,997.352614556708
TJK,national,national,2017,1042.26391757642
TJK,national,national,2018,1094.8002018221
TJK,national,national,2019,1148.34676712493
TJK,national,national,2020,1171.90127480359
TJK,national,national,2021,1254.06999592306
TJK,national,national,2022,1325.75545290849
TJK,national,national,2023,1407.1075436221
TJK,national,national,2024,1477.00742789359
TJK,national,national,2025,1544.99499849815
TJK,national,national,2026,1592.06076978049
TJK,national,national,2027,1638.70975831644
TJK,national,national,2028,1686.25781177339
TJK,national,national,2029,1735.74660347937
TJK,national,national,2030,1787.14147546179
TKM,national,national,1973,3285.90897438329
TKM,national,national,1980,2888.67833013834
TKM,national,national,1981,2847.24674681386
TKM,national,national,1982,2808.37794183935
TKM,national,national,1983,2791.29275283957
TKM,national,national,1984,2696.89708361577
TKM,national,national,1985,2642.22447881646
TKM,national,national,1986,2649.91281386637
TKM,national,national,1987,2645.64151661642
TKM,national,national,1988,2849.29129851136
TKM,national,national,1989,2651.25204178569
TKM,national,national,1990,3495.74838854006
TKM,national,national,1991,3252.31233981197
TKM,national,national,1992,2703.31865628693
TKM,national,national,1993,2684.18035580245
TKM,national,national,1994,2174.38821394629
TKM,national,national,1995,1981.94402262254
TKM,national,national,1996,2078.71862628194
TKM,national,national,1997,1810.78048140778
TKM,national,national,1998,1906.90538588317
TKM,national,national,1999,2181.15938103368
TKM,national,national,2000,2255.01496788934
TKM,national,national,2001,2306.30057631688
TKM,national,national,2002,2266.6336625636
TKM,national,national,2003,2295.29620574541
TKM,national,national,2004,2364.26725156856
TKM,national,national,2005,2622.61796328876
TKM,national,national,2006,2856.77457038028
TKM,national,national,2007,3114.06330033038
TKM,national,national,2008,3504.34843278483
TKM,national,national,2009,3645.43522420841
TKM,national,national,2010,3900.14237925855
TKM,national,national,2011,4379.74943394339
TKM,national,national,2012,4761.0792759807
TKM,national,national,2013,5131.16736462999
TKM,national,national,2014,5533.03528846527
TKM,national,national,2015,5759.497903834
TKM,national,national,2016,5977.83828113854
TKM,national,national,2017,6222.55590558882
TKM,national,national,2018,6460.94356849428
TKM,national,national,2019,6718.16608056274
TKM,national,national,2020,6965.11226889286
TKM,national,national,2021,7248.70763225719
TKM,national,national,2022,7551.03650143157
TKM,national,national,2023,7880.44528570939
TKM,national,national,2024,7964.36251126696
TKM,national,national,2025,8047.70790039561
TKM,national,national,2026,8143.70415517156
TKM,national,national,2027,8242.85738535283
TKM,national,national,2028,8341.6511221878
TKM,national,national,2029,8444.68768066483
TKM,national,national,2030,8551.45603729621
TLS,national,national,1990,633.182490483019
TLS,national,national,1991,684.870530173927
TLS,national,national,1992,736.5916481012
TLS,national,national,1993,789.90069743491
TLS,national,national,1994,823.062424783438
TLS,national,national,1995,854.130472722832
TLS,national,national,1996,897.360531368488
TLS,national,national,1997,907.916565963385
TLS,national,national,1998,865.831377976116
TLS,national,national,1999,631.072912537913
TLS,national,national,2000,1117.56429796112
TLS,national,national,2001,1192.78575791112
TLS,national,national,2002,1028.1319342253
TLS,national,national,2003,964.322564618129
TLS,national,national,2004,955.470548287377
TLS,national,national,2005,964.026614173558
TLS,national,national,2006,897.573763670928
TLS,national,national,2007,961.848462090268
TLS,national,national,2008,1042.86835443002
TLS,national,national,2009,1120.09698448398
TLS,national,national,2010,1195.38086241831
TLS,national,national,2011,1237.48383284275
TLS,national,national,2012,1269.41629276068
TLS,national,national,2013,1281.92864092574
TLS,national,national,2014,1312.96494079465
TLS,national,national,2015,1319.59297370991
TLS,national,national,2016,1333.6585468432
TLS,national,national,2017,1267.08660142883
TLS,national,national,2018,1237.20064730412
TLS,national,national,2019,1507.24748294374
TLS,national,national,2020,1947.83997138866
TLS,national,national,2021,2015.69270191369
TLS,national,national,2022,1578.38322939547
TLS,national,national,2023,1278.41861343542
TLS,national,national,2024,1298.22152037102
TLS,national,national,2025,1326.96878986863
TLS,national,national,2026,1355.02086762345
TLS,national,national,2027,1383.14593956083
TLS,national,national,2028,1406.22024541778
TLS,national,national,2029,1427.84693546924
TLS,national,national,2030,1449.68768627486
TON,national,national,1980,2336.59170121825
TON,national,national,1981,2649.39746054645
TON,national,national,1982,2736.39640628067
TON,national,national,1983,2787.13274351789
TON,national,national,1984,2903.54295594023
TON,national,national,1985,3027.15239295785
TON,national,national,1986,3098.28058486421
TON,national,national,1987,3099.32717641102
TON,national,national,1988,3059.83476104191
TON,national,national,1989,3023.36544206846
TON,national,national,1990,3080.36141436924
TON,national,national,1991,3175.06417417608
TON,national,national,1992,3235.08870869103
TON,national,national,1993,3373.59478424731
TON,national,national,1994,3560.53655873838
TON,national,national,1995,3667.80721240349
TON,national,national,1996,3650.35408917003
TON,national,national,1997,3660.6645200777
TON,national,national,1998,3719.52004633825
TON,national,national,1999,3808.25455627569
TON,national,national,2000,3883.93310951726
TON,national,national,2001,3976.08510001913
TON,national,national,2002,4040.59325379746
TON,national,national,2003,3979.12853935724
TON,national,national,2004,3904.06528450303
TON,national,national,2005,3827.65926222464
TON,national,national,2006,3720.5716927666
TON,national,national,2007,3749.74840637569
TON,national,national,2008,3732.1811117913
TON,national,national,2009,3642.36921180141
TON,national,national,2010,3773.37282116196
TON,national,national,2011,3912.68076323948
TON,national,national,2012,3947.38159130294
TON,national,national,2013,4010.49255191425
TON,national,national,2014,4091.35942715116
TON,national,national,2015,4271.85898431136
TON,national,national,2016,4494.21970768836
TON,national,national,2017,4579.73337271704
TON,national,national,2018,4583.84643894604
TON,national,national,2019,4616.89124049944
TON,national,national,2020,4670.11544440098
TON,national,national,2021,4638.96675535652
TON,national,national,2022,4652.74572475068
TON,national,national,2023,4755.65034351508
TON,national,national,2024,4852.05371698643
TON,national,national,2025,4971.43696544391
TON,national,national,2026,5078.2199961987
TON,national,national,2027,5183.80420842904
TON,national,national,2028,5277.28568846242
TON,national,national,2029,5354.48754936822
TON,national,national,2030,5432.84095437436
TTO,national,national,1960,4291.33151924754
TTO,national,national,1961,4790.51579523462
TTO,national,national,1962,4826.55324892306
TTO,national,national,1963,5002.6577659465
TTO,national,national,1964,5289.08455611401
TTO,national,national,1965,5237.08723837566
TTO,national,national,1966,5365.67684824911
TTO,national,national,1967,5398.09614270664
TTO,national,national,1968,5605.83272123412
TTO,national,national,1969,5690.20549050177
TTO,national,national,1970,5827.31147025161
TTO,national,national,1971,5822.66529120637
TTO,national,national,1972,6084.3722447604
TTO,national,national,1973,6107.34799949789
TTO,national,national,1974,6261.2491709821
TTO,national,national,1975,6277.14249686274
TTO,national,national,1976,6598.76235282274
TTO,national,national,1977,7112.35604683433
TTO,national,national,1978,7725.81816276785
TTO,national,national,1979,7900.86193877609
TTO,national,national,1980,8612.15578354562
TTO,national,national,1981,8900.12918941624
TTO,national,national,1982,9135.30195561534
TTO,national,national,1983,8105.31993450338
TTO,national,national,1984,7558.10856116382
TTO,national,national,1985,7158.9818195523
TTO,national,national,1986,6833.5365881953
TTO,national,national,1987,6445.51757775836
TTO,national,national,1988,6128.90683648475
TTO,national,national,1989,6021.59411328172
TTO,national,national,1990,6060.68867588952
TTO,national,national,1991,6199.99274007375
TTO,national,national,1992,6774.74903683363
TTO,national,national,1993,6683.21232126499
TTO,national,national,1994,6879.30612193249
TTO,national,national,1995,7103.75296238966
TTO,national,national,1996,7576.87784770112
TTO,national,national,1997,8116.255226338
TTO,national,national,1998,8746.26879621874
TTO,national,national,1999,9415.92386592851
TTO,national,national,2000,10027.1128846253
TTO,national,national,2001,10399.4482776793
TTO,national,national,2002,11170.5188749668
TTO,national,national,2003,12719.6915336038
TTO,national,national,2004,13662.8295086723
TTO,national,national,2005,15081.5729909563
TTO,national,national,2006,17028.1736253313
TTO,national,national,2007,17765.9500776632
TTO,national,national,2008,18292.7390900279
TTO,national,national,2009,17469.0934975054
TTO,national,national,2010,17945.4187450448
TTO,national,national,2011,17753.7548307468
TTO,national,national,2012,18973.3363141699
TTO,national,national,2013,19564.8491613038
TTO,national,national,2014,20246.5238461771
TTO,national,national,2015,20024.754663902
TTO,national,national,2016,18459.6367502723
TTO,national,national,2017,17537.9540218964
TTO,national,national,2018,17399.4608022944
TTO,national,national,2019,17400.9710162015
TTO,national,national,2020,15789.6138011089
TTO,national,national,2021,15616.2902959174
TTO,national,national,2022,15868.1008675736
TTO,national,national,2023,16061.9004827224
TTO,national,national,2024,16242.4682479223
TTO,national,national,2025,16666.5442807446
TTO,national,national,2026,16862.3316930366
TTO,national,national,2027,17395.9127275868
TTO,national,national,2028,17837.1957155431
TTO,national,national,2029,18283.1978847487
TTO,national,national,2030,18533.6232301233
TUN,national,national,1960,1330.07554891506
TUN,national,national,1961,1422.01911791993
TUN,national,national,1962,1340.3332507983
TUN,national,national,1963,1180.78841140727
TUN,national,national,1964,1109.84740732615
TUN,national,national,1965,1064.734577967
TUN,national,national,1966,1079.99692830946
TUN,national,national,1967,1057.05200824443
TUN,national,national,1968,1138.64491078789
TUN,national,national,1969,1162.96415201392
TUN,national,national,1970,1187.21474553589
TUN,national,national,1971,1280.09146794825
TUN,national,national,1972,1469.53829675624
TUN,national,national,1973,1422.82584451781
TUN,national,national,1974,1497.83527716021
TUN,national,national,1975,1562.53068820471
TUN,national,national,1976,1641.27430527916
TUN,national,national,1977,1653.43901793638
TUN,national,national,1978,1717.12278120807
TUN,national,national,1979,1788.22383921429
TUN,national,national,1980,1877.33704672611
TUN,national,national,1981,1936.27745370962
TUN,national,national,1982,1884.78471774582
TUN,national,national,1983,1932.42642326986
TUN,national,national,1984,1996.46587010646
TUN,national,national,1985,2055.19411663607
TUN,national,national,1986,1974.71524315474
TUN,national,national,1987,2055.74166466697
TUN,national,national,1988,2009.64036881522
TUN,national,national,1989,2000.28930212012
TUN,national,national,1990,2114.47309080904
TUN,national,national,1991,2151.21130992292
TUN,national,national,1992,2270.86744293948
TUN,national,national,1993,2274.64477979221
TUN,national,national,1994,2305.16426828743
TUN,national,national,1995,2322.59508752734
TUN,national,national,1996,2452.91248308547
TUN,national,national,1997,2551.55386456589
TUN,national,national,1998,2639.87840884849
TUN,national,national,1999,2766.57366349293
TUN,national,national,2000,2864.55075602101
TUN,national,national,2001,2941.74275551058
TUN,national,national,2002,2950.20794016332
TUN,national,national,2003,3058.23292911168
TUN,national,national,2004,3218.72738670507
TUN,national,national,2005,3301.94245942789
TUN,national,national,2006,3444.55582504699
TUN,national,national,2007,3642.12450341045
TUN,national,national,2008,3760.12316696001
TUN,national,national,2009,3835.25509911786
TUN,national,national,2010,3906.91133143991
TUN,national,national,2011,3784.74620448381
TUN,national,national,2012,3900.05126518371
TUN,national,national,2013,3947.59276091668
TUN,national,national,2014,4021.60476871861
TUN,national,national,2015,4014.94773686432
TUN,national,national,2016,4015.29664102169
TUN,national,national,2017,4062.22677519573
TUN,national,national,2018,4128.10393763368
TUN,national,national,2019,4154.95861594283
TUN,national,national,2020,3749.26722435797
TUN,national,national,2021,3902.54258302726
TUN,national,national,2022,3983.49130488497
TUN,national,national,2023,3958.56222854122
TUN,national,national,2024,3990.19181710563
TUN,national,national,2025,4043.35732041576
TUN,national,national,2026,4087.32727458272
TUN,national,national,2027,4135.20436245594
TUN,national,national,2028,4160.5830800932
TUN,national,national,2029,4187.10203252905
TUN,national,national,2030,4214.68732311889
TUR,national,national,1960,2433.64795766479
TUR,national,national,1961,2395.05066814989
TUR,national,national,1962,2461.13508397299
TUR,national,national,1963,2613.44761423936
TUR,national,national,1964,2684.79795187659
TUR,national,national,1965,2692.14218409619
TUR,national,national,1966,2918.88528464921
TUR,national,national,1967,2978.66706448119
TUR,national,national,1968,3101.20900932124
TUR,national,national,1969,3149.65940426992
TUR,national,national,1970,3176.00880883904
TUR,national,national,1971,3274.15428162962
TUR,national,national,1972,3433.85188995088
TUR,national,national,1973,3464.79537209951
TUR,national,national,1974,3578.49959691341
TUR,national,national,1975,3756.48135434753
TUR,national,national,1976,4065.58728135886
TUR,national,national,1977,4118.25240481207
TUR,national,national,1978,4096.63005790493
TUR,national,national,1979,3991.93559037465
TUR,national,national,1980,3817.19377054419
TUR,national,national,1981,3923.74378235456
TUR,national,national,1982,3977.6077588603
TUR,national,national,1983,4078.35503979309
TUR,national,national,1984,4253.1857646653
TUR,national,national,1985,4336.22005151852
TUR,national,national,1986,4542.53345551319
TUR,national,national,1987,4873.09953000526
TUR,national,national,1988,4887.59929309889
TUR,national,national,1989,4806.64171466079
TUR,national,national,1990,5154.62432505626
TUR,national,national,1991,5101.20725011469
TUR,national,national,1992,5267.51548598504
TUR,national,national,1993,5573.56502081975
TUR,national,national,1994,5221.80789335628
TUR,national,national,1995,5541.74699484825
TUR,national,national,1996,5861.70189076597
TUR,national,national,1997,6215.40337957423
TUR,national,national,1998,6276.80835064274
TUR,national,national,1999,5991.37218649156
TUR,national,national,2000,6325.0960882995
TUR,national,national,2001,5887.68576603671
TUR,national,national,2002,6192.18555011794
TUR,national,national,2003,6473.46273839035
TUR,national,national,2004,7028.75556387992
TUR,national,national,2005,7579.37203227654
TUR,national,national,2006,8023.15099265417
TUR,national,national,2007,8414.25350387565
TUR,national,national,2008,8376.14924620652
TUR,national,national,2009,7862.87076474477
TUR,national,national,2010,8396.92342026278
TUR,national,national,2011,9201.33726059829
TUR,national,national,2012,9519.81508910914
TUR,national,national,2013,10195.8475785153
TUR,national,national,2014,10556.1170411504
TUR,national,national,2015,11049.9951100942
TUR,national,national,2016,11264.6145749335
TUR,national,national,2017,11953.6664174026
TUR,national,national,2018,12148.2931275476
TUR,national,national,2019,12073.8690708145
TUR,national,national,2020,12179.6626536773
TUR,national,national,2021,13449.9291299333
TUR,national,national,2022,14055.1031460453
TUR,national,national,2023,14713.5670729157
TUR,national,national,2024,15078.5813597065
TUR,national,national,2025,15512.0976607313
TUR,national,national,2026,16027.9079642307
TUR,national,national,2027,16648.8419891751
TUR,national,national,2028,17185.9740218366
TUR,national,national,2029,17771.2377956811
TUR,national,national,2030,18422.4140678199
TUV,national,national,1970,2435.17474701489
TUV,national,national,1971,2387.33440865195
TUV,national,national,1972,2337.90270361547
TUV,national,national,1973,2297.20893293803
TUV,national,national,1974,2203.95816697513
TUV,national,national,1975,2066.06812776167
TUV,national,national,1976,1956.79791178129
TUV,national,national,1977,1804.13909241825
TUV,national,national,1978,1702.08841977479
TUV,national,national,1979,1641.76535990535
TUV,national,national,1980,1590.96075030684
TUV,national,national,1981,1597.62775483214
TUV,national,national,1982,1317.70001104881
TUV,national,national,1983,1412.9006993372
TUV,national,national,1984,1496.60501526062
TUV,national,national,1985,1442.84746867701
TUV,national,national,1986,1731.913772882
TUV,national,national,1987,1908.42569769573
TUV,national,national,1988,2237.59193215442
TUV,national,national,1989,2157.53418798733
TUV,national,national,1990,2450.79726036268
TUV,national,national,1991,2502.27716517093
TUV,national,national,1992,2540.7562718213
TUV,national,national,1993,2619.69518382039
TUV,national,national,1994,2863.67111176146
TUV,national,national,1995,2698.96068050891
TUV,national,national,1996,2521.22126914168
TUV,national,national,1997,2756.31403388992
TUV,national,national,1998,3166.39547155271
TUV,national,national,1999,3102.1067626385
TUV,national,national,2000,3056.55101983122
TUV,national,national,2001,3043.15907920605
TUV,national,national,2002,3320.16858154912
TUV,national,national,2003,3152.22822039796
TUV,national,national,2004,3042.6128529965
TUV,national,national,2005,2864.90524160208
TUV,national,national,2006,2900.92710155819
TUV,national,national,2007,3069.67368184077
TUV,national,national,2008,3230.22109521715
TUV,national,national,2009,2987.80397939993
TUV,national,national,2010,2879.29645720352
TUV,national,national,2011,3028.2511217061
TUV,national,national,2012,2922.07629963849
TUV,national,national,2013,3030.55285189857
TUV,national,national,2014,3035.24325598472
TUV,national,national,2015,3357.83417700071
TUV,national,national,2016,3558.61212970652
TUV,national,national,2017,3666.20189700038
TUV,national,national,2018,3757.85997284742
TUV,national,national,2019,4345.99606453315
TUV,national,national,2020,4233.0183205634
TUV,national,national,2021,4396.04894488478
TUV,national,national,2022,4515.29701517492
TUV,national,national,2023,4773.34085526672
TUV,national,national,2024,4921.32051495856
TUV,national,national,2025,5043.88579076682
TUV,national,national,2026,5145.44449169054
TUV,national,national,2027,5243.99042021284
TUV,national,national,2028,5331.38485574359
TUV,national,national,2029,5414.48134488128
TUV,national,national,2030,5488.82181639074
TWN,national,national,1960,2400.34685353053
TWN,national,national,1961,2479.35687977099
TWN,national,national,1962,2588.41297232824
TWN,national,national,1963,2740.8689384542
TWN,national,national,1964,2977.89901717557
TWN,national,national,1965,3210.47782681298
TWN,national,national,1966,3398.54394561069
TWN,national,national,1967,3672.29699427481
TWN,national,national,1968,3877.0553721374
TWN,national,national,1969,4139.6802480916
TWN,national,national,1970,4500.23304389313
TWN,national,national,1971,4974.29320133588
TWN,national,national,1972,5521.79929866412
TWN,national,national,1973,6116.04372137405
TWN,national,national,1974,6070.41821326336
TWN,national,national,1975,6247.35615935115
TWN,national,national,1976,6949.54385734733
TWN,national,national,1977,7513.74221374046
TWN,national,national,1978,8367.2730605916
TWN,national,national,1979,8865.81519799618
TWN,national,national,1980,9329.86
TWN,national,national,1981,9812.17
TWN,national,national,1982,10105.42
TWN,national,national,1983,10856.15
TWN,national,national,1984,11772.49
TWN,national,national,1985,12182.15
TWN,national,national,1986,13448.6
TWN,national,national,1987,14997.41
TWN,national,national,1988,16014.54
TWN,national,national,1989,17236.67
TWN,national,national,1990,17973.55
TWN,national,national,1991,19284.92
TWN,national,national,1992,20689.94
TWN,national,national,1993,21896.81
TWN,national,national,1994,23336.9
TWN,national,national,1995,24644.51
TWN,national,national,1996,25962.49
TWN,national,national,1997,27258.29
TWN,national,national,1998,28163.81
TWN,national,national,1999,29836.94
TWN,national,national,2000,31458.54
TWN,national,national,2001,30839.2
TWN,national,national,2002,32363.2
TWN,national,national,2003,33605.42
TWN,national,national,2004,35807.58
TWN,national,national,2005,37600.58
TWN,national,national,2006,39585.83
TWN,national,national,2007,42146.91
TWN,national,national,2008,42338.63
TWN,national,national,2009,41506.65
TWN,national,national,2010,45675.52
TWN,national,national,2011,47225.64
TWN,national,national,2012,48086.54
TWN,national,national,2013,49159.18
TWN,national,national,2014,51346.79
TWN,national,national,2015,51970.07
TWN,national,national,2016,52987.59
TWN,national,national,2017,54669.26
TWN,national,national,2018,56150.59
TWN,national,national,2019,57836.22
TWN,national,national,2020,59901.22
TWN,national,national,2021,64374.93
TWN,national,national,2022,66158.62
TWN,national,national,2023,67044.34
TWN,national,national,2024,69547.51
TWN,national,national,2025,71594.1952964059
TWN,national,national,2026,73446.7661927363
TWN,national,national,2027,75244.7976000818
TWN,national,national,2028,77009.8232448043
TWN,national,national,2029,78802.3005792279
TWN,national,national,2030,80512.8151517301
TZA,national,national,1960,834.492431640625
TZA,national,national,1961,820.259765625
TZA,national,national,1962,869.289978027344
TZA,national,national,1963,897.041076660156
TZA,national,national,1964,918.554931640625
TZA,national,national,1965,929.989868164063
TZA,national,national,1966,1006.95916748047
TZA,national,national,1967,1030.11999511719
TZA,national,national,1968,1059.94592285156
TZA,national,national,1969,1058.02795410156
TZA,national,national,1970,547.600341796875
TZA,national,national,1971,549.467468261719
TZA,national,national,1972,567.920104980469
TZA,national,national,1973,581.759033203125
TZA,national,national,1974,572.999633789063
TZA,national,national,1975,574.565002441406
TZA,national,national,1976,572.357055664063
TZA,national,national,1977,552.289428710938
TZA,national,national,1978,544.240051269531
TZA,national,national,1979,539.403015136719
TZA,national,national,1980,536.933166503906
TZA,national,national,1981,515.711853027344
TZA,national,national,1982,498.374603271484
TZA,national,national,1983,480.399017333984
TZA,national,national,1984,486.725524902344
TZA,national,national,1985,476.979888916016
TZA,national,national,1986,486.831359863281
TZA,national,national,1987,493.825897216797
TZA,national,national,1988,513.868591308594
TZA,national,national,1989,519.22265625
TZA,national,national,1990,541.544799804688
TZA,national,national,1991,538.966979980469
TZA,national,national,1992,528.781555175781
TZA,national,national,1993,518.66259765625
TZA,national,national,1994,506.972503662109
TZA,national,national,1995,508.840423583984
TZA,national,national,1996,522.333251953125
TZA,national,national,1997,529.954223632813
TZA,national,national,1998,535.363159179688
TZA,national,national,1999,546.605529785156
TZA,national,national,2000,555.348083496094
TZA,national,national,2001,573.400146484375
TZA,national,national,2002,598.421569824219
TZA,national,national,2003,621.720703125
TZA,national,national,2004,650.516540527344
TZA,national,national,2005,680.051208496094
TZA,national,national,2006,704.502746582031
TZA,national,national,2007,731.52001953125
TZA,national,national,2008,752.540466308594
TZA,national,national,2009,772.929565429688
TZA,national,national,2010,801.29931640625
TZA,national,national,2011,838.999267578125
TZA,national,national,2012,851.910705566406
TZA,national,national,2013,882.8115234375
TZA,national,national,2014,913.811218261719
TZA,national,national,2015,939.127319335938
TZA,national,national,2016,970.156127929688
TZA,national,national,2017,1001.88745117188
TZA,national,national,2018,1024.01525878906
TZA,national,national,2019,1051.7666015625
TZA,national,national,2020,1041.25964355469
TZA,national,national,2021,1054.31726074219
TZA,national,national,2022,1070.58532714844
TZA,national,national,2023,1092.86413574219
TZA,national,national,2024,1118.88932370713
TZA,national,national,2025,1148.84227398177
TZA,national,national,2026,1182.75165648548
TZA,national,national,2027,1220.94740536298
TZA,national,national,2028,1262.09279204401
TZA,national,national,2029,1304.69899506472
TZA,national,national,2030,1345.44335256676
UGA,national,national,1960,429.854064157336
UGA,national,national,1961,413.219430188187
UGA,national,national,1962,418.134208406345
UGA,national,national,1963,452.537655933449
UGA,national,national,1964,472.952888531951
UGA,national,national,1965,469.550349765534
UGA,national,national,1966,483.916624557072
UGA,national,national,1967,495.258420445128
UGA,national,national,1968,492.990061267517
UGA,national,national,1969,530.796047561038
UGA,national,national,1970,522.478730576463
UGA,national,national,1971,523.612910165269
UGA,national,national,1972,515.67365304363
UGA,national,national,1973,503.197677566768
UGA,national,national,1974,492.233941541647
UGA,national,national,1975,469.928409628469
UGA,national,national,1976,460.854972918024
UGA,national,national,1977,456.318254562801
UGA,national,national,1978,420.024507721021
UGA,national,national,1979,365.205827595415
UGA,national,national,1980,344.790594996914
UGA,national,national,1981,347.49847580582
UGA,national,national,1982,364.873123281743
UGA,national,national,1983,365.025171733593
UGA,national,national,1984,348.754163941999
UGA,national,national,1985,333.788233585671
UGA,national,national,1986,330.882231606389
UGA,national,national,1987,340.279887213834
UGA,national,national,1988,353.571859537592
UGA,national,national,1989,364.30458655364
UGA,national,national,1990,373.809895335763
UGA,national,national,1991,377.695058203659
UGA,national,national,1992,386.386780944982
UGA,national,national,1993,400.878125544387
UGA,national,national,1994,423.90925154422
UGA,national,national,1995,454.827050059228
UGA,national,national,1996,473.33928146952
UGA,national,national,1997,482.629820627533
UGA,national,national,1998,498.232186160304
UGA,national,national,1999,509.326474122274
UGA,national,national,2000,514.327050540522
UGA,national,national,2001,533.43094340538
UGA,national,national,2002,556.062939058222
UGA,national,national,2003,575.030014138592
UGA,national,national,2004,594.872151069117
UGA,national,national,2005,627.337676962531
UGA,national,national,2006,667.406391327346
UGA,national,national,2007,703.55370439535
UGA,national,national,2008,735.954016269437
UGA,national,national,2009,758.983478597777
UGA,national,national,2010,792.570229123679
UGA,national,national,2011,820.048417436361
UGA,national,national,2012,826.284569007739
UGA,national,national,2013,837.483667260542
UGA,national,national,2014,854.456637573455
UGA,national,national,2015,868.791490497513
UGA,national,national,2016,872.871125328184
UGA,national,national,2017,883.084503935765
UGA,national,national,2018,908.007114685025
UGA,national,national,2019,918.987066640035
UGA,national,national,2020,918.218353490832
UGA,national,national,2021,926.247865793844
UGA,national,national,2022,944.419926822942
UGA,national,national,2023,954.801937056908
UGA,national,national,2024,981.476659516447
UGA,national,national,2025,1014.33521430559
UGA,national,national,2026,1070.29736816987
UGA,national,national,2027,1108.52331695137
UGA,national,national,2028,1138.25128178617
UGA,national,national,2029,1175.93902758839
UGA,national,national,2030,1210.16227997754
UKR,national,national,1973,2555.87104759406
UKR,national,national,1980,2757.11048031328
UKR,national,national,1981,2831.35415452037
UKR,national,national,1982,2909.1797603778
UKR,national,national,1983,3024.45283348881
UKR,national,national,1984,3085.67130169465
UKR,national,national,1985,3056.69021834188
UKR,national,national,1986,3063.52845149254
UKR,national,national,1987,3141.6796875
UKR,national,national,1988,3209.2822265625
UKR,national,national,1989,3321.19091796875
UKR,national,national,1990,3102.310546875
UKR,national,national,1991,2826.06469726563
UKR,national,national,1992,2538.85278320313
UKR,national,national,1993,2177.23486328125
UKR,national,national,1994,1687.48449707031
UKR,national,national,1995,1493.38208007813
UKR,national,national,1996,1355.57336425781
UKR,national,national,1997,1326.27795410156
UKR,national,national,1998,1311.59362792969
UKR,national,national,1999,1319.533203125
UKR,national,national,2000,1409.22265625
UKR,national,national,2001,1547.2783203125
UKR,national,national,2002,1644.28125
UKR,national,national,2003,1814.25854492188
UKR,national,national,2004,2042.44494628906
UKR,national,national,2005,2122.6015625
UKR,national,national,2006,2298.13232421875
UKR,national,national,2007,2498.35205078125
UKR,national,national,2008,2567.69409179688
UKR,national,national,2009,2188.17016601563
UKR,national,national,2010,2285.93383789063
UKR,national,national,2011,2418.12084960938
UKR,national,national,2012,2426.92944335938
UKR,national,national,2013,2432.41625976563
UKR,national,national,2014,2308.6435546875
UKR,national,national,2015,2094.47387695313
UKR,national,national,2016,2156.0830078125
UKR,national,national,2017,2217.7529296875
UKR,national,national,2018,2308.6669921875
UKR,national,national,2019,2398.07836914063
UKR,national,national,2020,2324.107421875
UKR,national,national,2021,2426.6123046875
UKR,national,national,2022,1874.66296386719
UKR,national,national,2023,2159.94653320313
UKR,national,national,2024,2263.52736256105
UKR,national,national,2025,2260.34145572059
UKR,national,national,2026,2357.77988675814
UKR,national,national,2027,2468.05420696267
UKR,national,national,2028,2576.04568097902
UKR,national,national,2029,2686.02392595758
UKR,national,national,2030,2797.86316390789
URY,national,national,1960,6634.19064094179
URY,national,national,1961,6714.42564871062
URY,national,national,1962,6529.05672885775
URY,national,national,1963,6464.23937649481
URY,national,national,1964,6548.58687153197
URY,national,national,1965,6547.98299761764
URY,national,national,1966,6682.54699505643
URY,national,national,1967,6380.1382925838
URY,national,national,1968,6447.95879059088
URY,national,national,1969,6778.45463653142
URY,national,national,1970,6894.77166584278
URY,national,national,1971,6839.05314002361
URY,national,national,1972,6712.49475408714
URY,national,national,1973,6694.22057407495
URY,national,national,1974,6847.46769966687
URY,national,national,1975,7218.47356615208
URY,national,national,1976,7453.06660958971
URY,national,national,1977,7514.58267665845
URY,national,national,1978,7874.42397763508
URY,national,national,1979,8322.21087541239
URY,national,national,1980,8772.55429720278
URY,national,national,1981,8875.41372143275
URY,national,national,1982,7976.3987522595
URY,national,national,1983,7125.0572968269
URY,national,national,1984,7011.48236418771
URY,national,national,1985,7080.00108604848
URY,national,national,1986,7663.58167679033
URY,national,national,1987,8229.87299178332
URY,national,national,1988,8302.57484462415
URY,national,national,1989,8344.46966462033
URY,national,national,1990,8320.3559048693
URY,national,national,1991,8565.26927800028
URY,national,national,1992,9193.55122074713
URY,national,national,1993,9388.10939080161
URY,national,national,1994,10019.3479243955
URY,national,national,1995,9822.89680356996
URY,national,national,1996,10316.2027570949
URY,national,national,1997,11138.8676127212
URY,national,national,1998,11584.9491858277
URY,national,national,1999,11357.0866859804
URY,national,national,2000,11096.3309569487
URY,national,national,2001,10643.5574019273
URY,national,national,2002,9806.7713064359
URY,national,national,2003,9878.75684344081
URY,national,national,2004,10366.9067382871
URY,national,national,2005,11131.3984890038
URY,national,national,2006,11574.470540231
URY,national,national,2007,12310.482735502
URY,national,national,2008,13165.83628166
URY,national,national,2009,13691.71420689
URY,national,national,2010,14722.3780081191
URY,national,national,2011,15443.9961926395
URY,national,national,2012,15949.3176985435
URY,national,national,2013,16639.4054750651
URY,national,national,2014,17122.0364563225
URY,national,national,2015,17125.9016800298
URY,national,national,2016,17357.2349882717
URY,national,national,2017,17611.6036681064
URY,national,national,2018,17608.9441264801
URY,national,national,2019,17758.4384253485
URY,national,national,2020,16439.3140406635
URY,national,national,2021,17365.2637779599
URY,national,national,2022,18213.6956137768
URY,national,national,2023,18295.9066764742
URY,national,national,2024,18817.6357008683
URY,national,national,2025,19205.9606651594
URY,national,national,2026,19586.3626800117
URY,national,national,2027,19981.0661597666
URY,national,national,2028,20408.9446667629
URY,national,national,2029,20813.0759153292
URY,national,national,2030,21218.687132933
USA,national,national,1960,18991.5446025928
USA,national,national,1961,19108.9353645939
USA,national,national,1962,19965.1435753955
USA,national,national,1963,20545.7842453942
USA,national,national,1964,21437.5840704395
USA,national,national,1965,22526.2055148551
USA,national,national,1966,23714.9390278431
USA,national,national,1967,24044.565127902
USA,national,national,1968,24948.3568987924
USA,national,national,1969,25471.6161786519
USA,national,national,1970,25231.1271579892
USA,national,national,1971,25734.4828350051
USA,national,national,1972,26798.5336071197
USA,national,national,1973,28042.5519161527
USA,national,national,1974,27637.2997746126
USA,national,national,1975,27309.8688169354
USA,national,national,1976,28509.1430550141
USA,national,national,1977,29528.9663683544
USA,national,national,1978,30834.9992317542
USA,national,national,1979,31462.1003887938
USA,national,national,1980,31081.6216349433
USA,national,national,1981,31559.1293394228
USA,national,national,1982,30696.0834354928
USA,national,national,1983,31810.921609807
USA,national,national,1984,33818.8235513622
USA,national,national,1985,34918.1302012407
USA,national,national,1986,35794.8877746915
USA,national,national,1987,36701.9453875331
USA,national,national,1988,37889.3773471466
USA,national,national,1989,38911.5418950729
USA,national,national,1990,39200.0658112434
USA,national,national,1991,38637.8398140572
USA,national,national,1992,39447.9472855283
USA,national,national,1993,40002.4762252856
USA,national,national,1994,41106.9881843679
USA,national,national,1995,41710.8207249566
USA,national,national,1996,42783.8165697825
USA,national,national,1997,44151.6860414367
USA,national,national,1998,45596.4306843475
USA,national,national,1999,47234.2455275229
USA,national,national,2000,48616.25462578
USA,national,national,2001,48597.4246142005
USA,national,national,2002,48967.3661201159
USA,national,national,2003,49905.5233074236
USA,national,national,2004,51348.3473376223
USA,national,national,2005,52649.5713054684
USA,national,national,2006,53596.3152372
USA,national,national,2007,54152.8292651299
USA,national,national,2008,53703.9628961266
USA,national,national,2009,51863.6183411923
USA,national,national,2010,52821.4047643404
USA,national,national,2011,53259.2552138539
USA,national,national,2012,54080.2286497215
USA,national,national,2013,54844.2425797154
USA,national,national,2014,55817.5632471958
USA,national,national,2015,57040.2082136605
USA,national,national,2016,57658.6708825722
USA,national,national,2017,58703.1440780161
USA,national,national,2018,60127.2102762459
USA,national,national,2019,61400.5481543687
USA,national,national,2020,59493.1459820135
USA,national,national,2021,62996.2893837444
USA,national,national,2022,64342.1179383761
USA,national,national,2023,65875.177881434
USA,national,national,2024,67360.8692903536
USA,national,national,2025,67557.17980596
USA,national,national,2026,68379.5559229108
USA,national,national,2027,69359.1749802144
USA,national,national,2028,70414.5827504147
USA,national,national,2029,71487.5324894345
USA,national,national,2030,72577.8622651267
UZB,national,national,1973,1804.83468559263
UZB,national,national,1980,1655.56097375039
UZB,national,national,1981,1671.99885273301
UZB,national,national,1982,1686.88179721729
UZB,national,national,1983,1704.20821019897
UZB,national,national,1984,1596.91772981236
UZB,national,national,1985,1595.14066181424
UZB,national,national,1986,1533.60968237927
UZB,national,national,1987,1483.85177843185
UZB,national,national,1988,1575.30319486635
UZB,national,national,1989,1582.00842582912
UZB,national,national,1990,1569.0107998014
UZB,national,national,1991,1524.20427668934
UZB,national,national,1992,1320.59769274598
UZB,national,national,1993,1260.71649658634
UZB,national,national,1994,1169.86899033163
UZB,national,national,1995,1136.35843596834
UZB,national,national,1996,1134.17871135087
UZB,national,national,1997,1172.71784381554
UZB,national,national,1998,1204.09081234601
UZB,national,national,1999,1238.36591553092
UZB,national,national,2000,1269.72137546203
UZB,national,national,2001,1306.60633175098
UZB,national,national,2002,1341.95995981655
UZB,national,national,2003,1381.82572808803
UZB,national,national,2004,1466.61348891112
UZB,national,national,2005,1549.04577531624
UZB,national,national,2006,1643.1464561958
UZB,national,national,2007,1773.75803693225
UZB,national,national,2008,1904.45855506688
UZB,national,national,2009,2025.04298646073
UZB,national,national,2010,2144.64000565433
UZB,national,national,2011,2271.00936222974
UZB,national,national,2012,2395.84036755713
UZB,national,national,2013,2530.68447898548
UZB,national,national,2014,2659.99075095143
UZB,national,national,2015,2803.19018021751
UZB,national,national,2016,2918.67725852871
UZB,national,national,2017,2995.76761437609
UZB,national,national,2018,3108.16187861097
UZB,national,national,2019,3259.36964632427
UZB,national,national,2020,3249.05191093933
UZB,national,national,2021,3442.72484450189
UZB,national,national,2022,3576.71552716
UZB,national,national,2023,3725.67414578523
UZB,national,national,2024,3838.78527249094
UZB,national,national,2025,3985.5625901534
UZB,national,national,2026,4142.0124061038
UZB,national,national,2027,4300.53895106452
UZB,national,national,2028,4452.16273462232
UZB,national,national,2029,4609.21851837605
UZB,national,national,2030,4772.13483147726
VCT,national,national,1960,1886.32867615812
VCT,national,national,1961,1937.69876264836
VCT,national,national,1962,1977.81973044764
VCT,national,national,1963,1826.94948823929
VCT,national,national,1964,1868.12096538773
VCT,national,national,1965,1860.23610428068
VCT,national,national,1966,1837.50150191119
VCT,national,national,1967,1643.36334761877
VCT,national,national,1968,1731.76374528238
VCT,national,national,1969,1763.78570808684
VCT,national,national,1970,1934.87879878276
VCT,national,national,1971,1973.63270190958
VCT,national,national,1972,2460.13810369449
VCT,national,national,1973,2167.06343180797
VCT,national,national,1974,1958.74772085188
VCT,national,national,1975,1794.73156560767
VCT,national,national,1976,1965.11159232195
VCT,national,national,1977,2207.58884292469
VCT,national,national,1978,2405.13717985941
VCT,national,national,1979,2469.59167179968
VCT,national,national,1980,2512.073732135
VCT,national,national,1981,2606.46896497627
VCT,national,national,1982,2700.13153397121
VCT,national,national,1983,2736.24784932873
VCT,national,national,1984,2893.47310426376
VCT,national,national,1985,3049.08141735958
VCT,national,national,1986,3196.98770124886
VCT,national,national,1987,3189.97346395772
VCT,national,national,1988,3617.34725271639
VCT,national,national,1989,3647.95195151703
VCT,national,national,1990,3780.96337902128
VCT,national,national,1991,3809.92855111594
VCT,national,national,1992,4042.58490087582
VCT,national,national,1993,4205.9756394851
VCT,national,national,1994,4146.76955393898
VCT,national,national,1995,4463.73517266995
VCT,national,national,1996,4518.34640430572
VCT,national,national,1997,4675.81188533373
VCT,national,national,1998,4865.3845953016
VCT,national,national,1999,4989.05262665376
VCT,national,national,2000,5062.8308005303
VCT,national,national,2001,5153.33775703972
VCT,national,national,2002,5436.01127697085
VCT,national,national,2003,5810.31291683019
VCT,national,national,2004,6065.79528129188
VCT,national,national,2005,6238.03062132233
VCT,national,national,2006,6700.48065597991
VCT,national,national,2007,6953.11709388397
VCT,national,national,2008,7012.88002960716
VCT,national,national,2009,6948.77356913743
VCT,national,national,2010,6671.2735357515
VCT,national,national,2011,6667.81702530981
VCT,national,national,2012,6783.80062180219
VCT,national,national,2013,6989.48254510922
VCT,national,national,2014,7116.35480304653
VCT,national,national,2015,7353.73556054184
VCT,national,national,2016,7702.61696422722
VCT,national,national,2017,7864.94736898375
VCT,national,national,2018,8171.70522599219
VCT,national,national,2019,8285.71577107771
VCT,national,national,2020,8025.28499765773
VCT,national,national,2021,8139.63685875735
VCT,national,national,2022,8790.37418570094
VCT,national,national,2023,9385.71082837004
VCT,national,national,2024,9797.40176491948
VCT,national,national,2025,10352.5113113
VCT,national,national,2026,10725.3745122731
VCT,national,national,2027,11086.7131196424
VCT,national,national,2028,11373.6708922664
VCT,national,national,2029,11668.0557069603
VCT,national,national,2030,11970.0600394957
VEN,national,national,1960,16561.4773153042
VEN,national,national,1961,16718.6719250154
VEN,national,national,1962,17562.0551788568
VEN,national,national,1963,18086.948484327
VEN,national,national,1964,19162.7063786109
VEN,national,national,1965,19611.0527437001
VEN,national,national,1966,19374.5773743085
VEN,national,national,1967,19478.4625076829
VEN,national,national,1968,19847.5281130916
VEN,national,national,1969,20032.0609157959
VEN,national,national,1970,20898.6816336816
VEN,national,national,1971,20766.0913976644
VEN,national,national,1972,20688.1775476337
VEN,national,national,1973,21241.7759557468
VEN,national,national,1974,21792.6405445605
VEN,national,national,1975,22396.8146097111
VEN,national,national,1976,23475.3063232944
VEN,national,national,1977,24184.732431469
VEN,national,national,1978,23894.9475857406
VEN,national,national,1979,23421.9968469576
VEN,national,national,1980,22239.62
VEN,national,national,1981,21300.75
VEN,national,national,1982,21233.16
VEN,national,national,1983,18615
VEN,national,national,1984,19052.51
VEN,national,national,1985,18696.29
VEN,national,national,1986,19595.4
VEN,national,national,1987,20033.35
VEN,national,national,1988,20816.32
VEN,national,national,1989,17491.43
VEN,national,national,1990,18021.09
VEN,national,national,1991,19309.13
VEN,national,national,1992,20008.43
VEN,national,national,1993,19612.56
VEN,national,national,1994,18730.78
VEN,national,national,1995,19052.12
VEN,national,national,1996,18614.02
VEN,national,national,1997,19400.09
VEN,national,national,1998,19075.63
VEN,national,national,1999,17585.02
VEN,national,national,2000,17634.27
VEN,national,national,2001,17932.35
VEN,national,national,2002,16079.02
VEN,national,national,2003,14594.73
VEN,national,national,2004,16991.15
VEN,national,national,2005,18452.27
VEN,national,national,2006,19961.97
VEN,national,national,2007,21379.37
VEN,national,national,2008,22169.64
VEN,national,national,2009,21141.1
VEN,national,national,2010,20520.8
VEN,national,national,2011,21067.88
VEN,national,national,2012,21933.83
VEN,national,national,2013,21914.38
VEN,national,national,2014,20768.08
VEN,national,national,2015,20550.7853442468
VEN,national,national,2016,20422.7023629157
VEN,national,national,2017,20556.6011049501
VEN,national,national,2018,21079.1647057907
VEN,national,national,2019,21712.5233694229
VEN,national,national,2020,22089.6307960952
VEN,national,national,2021,22250.975067555
VEN,national,national,2022,22270.5412786876
VEN,national,national,2023,22201.4203133007
VEN,national,national,2024,22119.5969631951
VEN,national,national,2025,22033.2242437393
VEN,national,national,2026,21943.3363563869
VEN,national,national,2027,21848.0681283801
VEN,national,national,2028,NA
VEN,national,national,2029,NA
VEN,national,national,2030,NA
VIR,national,national,2002,43205.7246740388
VIR,national,national,2003,43036.1815136022
VIR,national,national,2004,44466.2872190216
VIR,national,national,2005,46021.5905731819
VIR,national,national,2006,47671.567182812
VIR,national,national,2007,49598.1259079427
VIR,national,national,2008,50174.7528938473
VIR,national,national,2009,46862.8076001874
VIR,national,national,2010,47162.7375570431
VIR,national,national,2011,43320.176769501
VIR,national,national,2012,36938.1682086351
VIR,national,national,2013,34663.6460602129
VIR,national,national,2014,34098.7109972738
VIR,national,national,2015,34007.3529411765
VIR,national,national,2016,34614.7482633247
VIR,national,national,2017,34435.4944455756
VIR,national,national,2018,35174.1019944986
VIR,national,national,2019,36309.7438446842
VIR,national,national,2020,35850.7433148653
VIR,national,national,2021,37313.0484931531
VIR,national,national,2022,36983.431060272
VNM,national,national,1960,511.556050710517
VNM,national,national,1961,519.586757943021
VNM,national,national,1962,566.566395253171
VNM,national,national,1963,564.558718445045
VNM,national,national,1964,572.990961039174
VNM,national,national,1965,561.346435552043
VNM,national,national,1966,549.701910064912
VNM,national,national,1967,467.788696293369
VNM,national,national,1968,447.310392850483
VNM,national,national,1969,473.008655994497
VNM,national,national,1970,470.599443824746
VNM,national,national,1971,482.645504673502
VNM,national,national,1972,513.162192157018
VNM,national,national,1973,535.246637046404
VNM,national,national,1974,501.116131308262
VNM,national,national,1975,454.538029359737
VNM,national,national,1976,517.98061649652
VNM,national,national,1977,523.602111559273
VNM,national,national,1978,515.972939688394
VNM,national,national,1979,508.74530317914
VNM,national,national,1980,484.653181481628
VNM,national,national,1981,502.273470376053
VNM,national,national,1982,532.71117879887
VNM,national,national,1983,559.875668745872
VNM,national,national,1984,595.491333343053
VNM,national,national,1985,603.977495797078
VNM,national,national,1986,607.58999788783
VNM,national,national,1987,616.715148033271
VNM,national,national,1988,635.398203948006
VNM,national,national,1989,668.323172497837
VNM,national,national,1990,687.860316254161
VNM,national,national,1991,713.747210806804
VNM,national,national,1992,759.910853953724
VNM,national,national,1993,805.606443630458
VNM,national,national,1994,861.122422555836
VNM,national,national,1995,927.625512005765
VNM,national,national,1996,998.924907248853
VNM,national,national,1997,1064.77802859908
VNM,national,national,1998,1110.1126773248
VNM,national,national,1999,1148.04465210832
VNM,national,national,2000,1212.19657794381
VNM,national,national,2001,1273.8052690094
VNM,national,national,2002,1340.51670460271
VNM,national,national,2003,1418.74337471509
VNM,national,national,2004,1510.94449049599
VNM,national,national,2005,1609.96268313651
VNM,national,national,2006,1699.67620343393
VNM,national,national,2007,1788.9485028957
VNM,national,national,2008,1856.00519883979
VNM,national,national,2009,1927.13427057454
VNM,national,national,2010,2027.58184375924
VNM,national,national,2011,2132.90453762087
VNM,national,national,2012,2224.11404253256
VNM,national,national,2013,2320.08431444934
VNM,national,national,2014,2439.28655744423
VNM,national,national,2015,2577.56885340113
VNM,national,national,2016,2715.57887431272
VNM,national,national,2017,2868.13680013379
VNM,national,national,2018,3048.28327602145
VNM,national,national,2019,3241.07648966529
VNM,national,national,2020,3303.16949807493
VNM,national,national,2021,3358.21734764714
VNM,national,national,2022,3603.86454848348
VNM,national,national,2023,3760.39771392507
VNM,national,national,2024,3969.66279231499
VNM,national,national,2025,4173.00992005353
VNM,national,national,2026,4401.97216209817
VNM,national,national,2027,4658.67635575877
VNM,national,national,2028,4868.68916908638
VNM,national,national,2029,5090.58651847578
VNM,national,national,2030,5322.59715132937
VUT,national,national,1979,2945.84276839669
VUT,national,national,1980,2550.89858735467
VUT,national,national,1981,2604.28011751948
VUT,national,national,1982,2594.70929363016
VUT,national,national,1983,2608.93239624515
VUT,national,national,1984,2788.76968941965
VUT,national,national,1985,2746.54222304121
VUT,national,national,1986,2673.41876072726
VUT,national,national,1987,2530.44415483704
VUT,national,national,1988,2424.5311059814
VUT,national,national,1989,2399.6672416003
VUT,national,national,1990,2613.88857994846
VUT,national,national,1991,2629.91166309721
VUT,national,national,1992,2631.76192140948
VUT,national,national,1993,2587.0267039921
VUT,national,national,1994,2755.42371758639
VUT,national,national,1995,2719.42786074845
VUT,national,national,1996,2721.27101129192
VUT,national,national,1997,2794.06558923154
VUT,national,national,1998,2768.49452460382
VUT,national,national,1999,2720.84088285459
VUT,national,national,2000,2816.55467270142
VUT,national,national,2001,2653.20552077911
VUT,national,national,2002,2453.23063016525
VUT,national,national,2003,2496.20135524205
VUT,national,national,2004,2533.08456900312
VUT,national,national,2005,2603.5705693897
VUT,national,national,2006,2756.32885029318
VUT,national,national,2007,2767.00051145415
VUT,national,national,2008,2849.60529447634
VUT,national,national,2009,2862.54154137255
VUT,national,national,2010,2831.4561125716
VUT,national,national,2011,2857.67479579179
VUT,national,national,2012,2823.80523018966
VUT,national,national,2013,2774.47446807163
VUT,national,national,2014,2798.19313971776
VUT,national,national,2015,2746.59171880997
VUT,national,national,2016,2812.11360434484
VUT,national,national,2017,2920.84492140374
VUT,national,national,2018,2934.41548444085
VUT,national,national,2019,2959.73897696398
VUT,national,national,2020,2747.30576044379
VUT,national,national,2021,2642.67305152596
VUT,national,national,2022,2631.5518630347
VUT,national,national,2023,2627.97526807247
VUT,national,national,2024,2562.49543402191
VUT,national,national,2025,2460.23845154084
VUT,national,national,2026,2461.09514659774
VUT,national,national,2027,2584.14040656146
VUT,national,national,2028,2554.29003942504
VUT,national,national,2029,2524.78448498375
VUT,national,national,2030,2495.61975007873
WSM,national,national,1970,2570.13001206745
WSM,national,national,1971,2715.88917570697
WSM,national,national,1972,2797.42945746535
WSM,national,national,1973,2698.1584963401
WSM,national,national,1974,2440.63014696664
WSM,national,national,1975,2440.89624523868
WSM,national,national,1976,2489.5817163977
WSM,national,national,1977,2522.8709250489
WSM,national,national,1978,2714.40405267008
WSM,national,national,1979,2742.52689901881
WSM,national,national,1980,2513.68307076682
WSM,national,national,1981,2367.36345507327
WSM,national,national,1982,2353.63181986224
WSM,national,national,1983,2371.65621651463
WSM,national,national,1984,2432.61419725833
WSM,national,national,1985,2545.55404378513
WSM,national,national,1986,2613.73639107124
WSM,national,national,1987,2591.24463282162
WSM,national,national,1988,2611.39730134195
WSM,national,national,1989,2594.88839625752
WSM,national,national,1990,2502.59673950738
WSM,national,national,1991,2461.62914171592
WSM,national,national,1992,2491.73439202821
WSM,national,national,1993,2489.24226637848
WSM,national,national,1994,2518.30392131558
WSM,national,national,1995,2670.52975371227
WSM,national,national,1996,2748.99543764645
WSM,national,national,1997,2765.8241608422
WSM,national,national,1998,2804.93250858271
WSM,national,national,1999,2884.96274157995
WSM,national,national,2000,3041.41810844505
WSM,national,national,2001,3214.40324269246
WSM,national,national,2002,3368.17051257985
WSM,national,national,2003,3490.36835784102
WSM,national,national,2004,3645.7602832369
WSM,national,national,2005,3788.35241137803
WSM,national,national,2006,3819.58871628736
WSM,national,national,2007,3872.06468551846
WSM,national,national,2008,3900.90862492763
WSM,national,national,2009,3978.54913832084
WSM,national,national,2010,4141.30599858455
WSM,national,national,2011,4104.68378292861
WSM,national,national,2012,3992.15191057473
WSM,national,national,2013,3971.81509869405
WSM,national,national,2014,4025.79907145306
WSM,national,national,2015,4228.79938130162
WSM,national,national,2016,4383.30554348178
WSM,national,national,2017,4357.18917300464
WSM,national,national,2018,4393.54296913499
WSM,national,national,2019,4374.57677910007
WSM,national,national,2020,4114.39614606367
WSM,national,national,2021,3828.17205794762
WSM,national,national,2022,3856.85026436749
WSM,national,national,2023,4092.44096209099
WSM,national,national,2024,4428.51833370461
WSM,national,national,2025,4538.82601619192
WSM,national,national,2026,4581.4024137243
WSM,national,national,2027,4647.80460058687
WSM,national,national,2028,4715.68223585573
WSM,national,national,2029,4780.74136773515
WSM,national,national,2030,4845.30895629652
XKX,national,national,2000,2316.46212515356
XKX,national,national,2001,2421.92696235883
XKX,national,national,2002,2349.66868556896
XKX,national,national,2003,2368.7292577097
XKX,national,national,2004,2245.93251527254
XKX,national,national,2005,2318.46867122907
XKX,national,national,2006,2368.14118784538
XKX,national,national,2007,2529.18508953495
XKX,national,national,2008,2543.59926351696
XKX,national,national,2009,2680.86121521141
XKX,national,national,2010,2822.63359634011
XKX,national,national,2011,2995.64952029477
XKX,national,national,2012,3021.35142613995
XKX,national,national,2013,3163.47189486431
XKX,national,national,2014,3279.02499043758
XKX,national,national,2015,3520.62850699375
XKX,national,national,2016,3739.17562318261
XKX,national,national,2017,3890.17807271082
XKX,national,national,2018,4009.12140760339
XKX,national,national,2019,4219.06693858503
XKX,national,national,2020,3990.94390114906
XKX,national,national,2021,4429.87349503716
XKX,national,national,2022,4666.3913779077
XKX,national,national,2023,4888.63522764435
XKX,national,national,2024,5071.86905801053
XKX,national,national,2025,5297.0716993413
XKX,national,national,2026,5520.16515213557
XKX,national,national,2027,5741.6907210909
XKX,national,national,2028,5971.58810943043
XKX,national,national,2029,6205.72101336642
XKX,national,national,2030,6453.94966152372
YEM,national,national,1960,730.821028923151
YEM,national,national,1961,734.624911962439
YEM,national,national,1962,738.904280381637
YEM,national,national,1963,745.561075700391
YEM,national,national,1964,749.364958739679
YEM,national,national,1965,755.07078329861
YEM,national,national,1966,763.154034757096
YEM,national,national,1967,772.188256975405
YEM,national,national,1968,779.320537674069
YEM,national,national,1969,788.354759892378
YEM,national,national,1970,932.4268300054
YEM,national,national,1971,1071.74404631931
YEM,national,national,1972,1133.08166032783
YEM,national,national,1973,1242.91878308726
YEM,national,national,1974,1285.23698189933
YEM,national,national,1975,1352.28042046678
YEM,national,national,1976,1518.22481805571
YEM,national,national,1977,1638.52261917318
YEM,national,national,1978,1728.86484135626
YEM,national,national,1979,1774.98692320763
YEM,national,national,1980,1735.52163667502
YEM,national,national,1981,1791.1534261246
YEM,national,national,1982,1770.70755478843
YEM,national,national,1983,1819.68254891926
YEM,national,national,1984,1835.84905183623
YEM,national,national,1985,1767.37915712905
YEM,national,national,1986,1751.68813959199
YEM,national,national,1987,1765.0017302295
YEM,national,national,1988,1781.64371852638
YEM,national,national,1989,1783.54566004602
YEM,national,national,1990,1722.20804603751
YEM,national,national,1991,1761.79473713817
YEM,national,national,1992,1835.26369433182
YEM,national,national,1993,1838.26523617821
YEM,national,national,1994,1890.73714903489
YEM,national,national,1995,1927.40468487887
YEM,national,national,1996,1949.97903724732
YEM,national,national,1997,1987.60771112175
YEM,national,national,1998,2041.65169736742
YEM,national,national,1999,2053.77836722442
YEM,national,national,2000,2114.6525823037
YEM,national,national,2001,2129.7524709271
YEM,national,national,2002,2148.86820679085
YEM,national,national,2003,2164.84028042254
YEM,national,national,2004,2185.7692431503
YEM,national,national,2005,2237.61638583134
YEM,national,national,2006,2234.72145551311
YEM,national,national,2007,2235.72953632143
YEM,national,national,2008,2244.02361513149
YEM,national,national,2009,2257.44759202018
YEM,national,national,2010,2356.19957378133
YEM,national,national,2011,1994.83660778618
YEM,national,national,2012,1981.45797496849
YEM,national,national,2013,2014.72887966873
YEM,national,national,2014,1950.16251980681
YEM,national,national,2015,1362.17379435676
YEM,national,national,2016,1197.95864387491
YEM,national,national,2017,1103.4563343966
YEM,national,national,2018,1079.3293698114
YEM,national,national,2019,1069.78648981973
YEM,national,national,2020,951.130341070454
YEM,national,national,2021,916.12989253681
YEM,national,national,2022,903.53363397836
YEM,national,national,2023,859.209303110809
YEM,national,national,2024,832.112081853979
YEM,national,national,2025,796.267723087799
YEM,national,national,2026,778.124419825855
YEM,national,national,2027,795.118152930228
YEM,national,national,2028,817.04601915127
YEM,national,national,2029,836.239648356748
YEM,national,national,2030,856.498412656309
ZAF,national,national,1960,3993.43679652042
ZAF,national,national,1961,4032.2227245037
ZAF,national,national,1962,4155.85711467972
ZAF,national,national,1963,4329.07391977209
ZAF,national,national,1964,4532.23430548773
ZAF,national,national,1965,4664.09699107786
ZAF,national,national,1966,4722.49942007925
ZAF,national,national,1967,4906.85685086378
ZAF,national,national,1968,4953.80064833126
ZAF,national,national,1969,5029.64691362757
ZAF,national,national,1970,5135.5615026895
ZAF,national,national,1971,5200.7432180827
ZAF,national,national,1972,5137.37692437712
ZAF,national,national,1973,5220.82176643606
ZAF,national,national,1974,5385.83133677931
ZAF,national,national,1975,5327.51843473453
ZAF,national,national,1976,5301.98639575895
ZAF,national,national,1977,5155.68575875517
ZAF,national,national,1978,5168.06930314104
ZAF,national,national,1979,5220.72505658187
ZAF,national,national,1980,5399.54067871187
ZAF,national,national,1981,5498.59203384975
ZAF,national,national,1982,5291.38261097586
ZAF,national,national,1983,5015.37142372166
ZAF,national,national,1984,5091.71936365917
ZAF,national,national,1985,4865.05694085787
ZAF,national,national,1986,4712.81869464239
ZAF,national,national,1987,4664.13011613961
ZAF,national,national,1988,4714.22284174624
ZAF,national,national,1989,4687.291051902
ZAF,national,national,1990,4544.23023212165
ZAF,national,national,1991,4396.36069450543
ZAF,national,national,1992,4225.814328485
ZAF,national,national,1993,4193.59826135345
ZAF,national,national,1994,4258.26184733408
ZAF,national,national,1995,4337.29729686998
ZAF,national,national,1996,4465.50649854807
ZAF,national,national,1997,4527.04992403877
ZAF,national,national,1998,4494.85711232358
ZAF,national,national,1999,4552.85007973031
ZAF,national,national,2000,4700.87555500704
ZAF,national,national,2001,4786.482450463
ZAF,national,national,2002,4916.81498068625
ZAF,national,national,2003,5011.62223150169
ZAF,national,national,2004,5187.35683424034
ZAF,national,national,2005,5406.07581377638
ZAF,national,national,2006,5650.9883176549
ZAF,national,national,2007,5891.42069421698
ZAF,national,national,2008,6009.71963138635
ZAF,national,national,2009,5847.05811084505
ZAF,national,national,2010,5953.94506512821
ZAF,national,national,2011,6067.12482726885
ZAF,national,national,2012,6121.55783860713
ZAF,national,national,2013,6170.87670863373
ZAF,national,national,2014,6155.00589462516
ZAF,national,national,2015,6112.27382485974
ZAF,national,national,2016,6095.295060428
ZAF,national,national,2017,6125.6920507497
ZAF,national,national,2018,6117.2701406047
ZAF,national,national,2019,6032.82972598668
ZAF,national,national,2020,5569.58483319272
ZAF,national,national,2021,5756.19549409213
ZAF,national,national,2022,5783.86090401536
ZAF,national,national,2023,5747.41965032482
ZAF,national,national,2024,5722.36966074284
ZAF,national,national,2025,5701.9313042093
ZAF,national,national,2026,5703.94520234081
ZAF,national,national,2027,5715.51739488705
ZAF,national,national,2028,5727.77426935762
ZAF,national,national,2029,5744.90888145498
ZAF,national,national,2030,5762.95222068464
ZMB,national,national,1960,1187.70460116133
ZMB,national,national,1961,1166.74596436267
ZMB,national,national,1962,1102.4458219947
ZMB,national,national,1963,1103.10813202806
ZMB,national,national,1964,1199.39219025665
ZMB,national,national,1965,1355.45680953779
ZMB,national,national,1966,1239.68921603925
ZMB,national,national,1967,1295.60864749847
ZMB,national,national,1968,1270.07901687655
ZMB,national,national,1969,1224.90387889791
ZMB,national,national,1970,1246.65383007205
ZMB,national,national,1971,1211.70972726075
ZMB,national,national,1972,1286.57716971439
ZMB,national,national,1973,1238.05913338778
ZMB,national,national,1974,1279.53707253685
ZMB,national,national,1975,1213.57721788882
ZMB,national,national,1976,1250.5415032312
ZMB,national,national,1977,1157.75814389903
ZMB,national,national,1978,1129.47163480066
ZMB,national,national,1979,1062.9629308153
ZMB,national,national,1980,1062.93600223771
ZMB,national,national,1981,1094.46195855082
ZMB,national,national,1982,1030.04718157436
ZMB,national,national,1983,977.759709968015
ZMB,national,national,1984,944.930593972368
ZMB,national,national,1985,931.808263595704
ZMB,national,national,1986,910.944542362099
ZMB,national,national,1987,908.680042753164
ZMB,national,national,1988,939.599679398111
ZMB,national,national,1989,905.747380200891
ZMB,national,national,1990,878.589205998477
ZMB,national,national,1991,856.761723583768
ZMB,national,national,1992,821.850104215064
ZMB,national,national,1993,857.039669609389
ZMB,national,national,1994,764.639411345433
ZMB,national,national,1995,768.035201563368
ZMB,national,national,1996,796.018059633101
ZMB,national,national,1997,805.53240180321
ZMB,national,national,1998,781.663383813883
ZMB,national,national,1999,796.377985981253
ZMB,national,national,2000,804.48463418783
ZMB,national,national,2001,822.020935308251
ZMB,national,national,2002,833.021177549004
ZMB,national,national,2003,863.650190656785
ZMB,national,national,2004,895.475258534826
ZMB,national,national,2005,929.079255855905
ZMB,national,national,2006,968.563565019492
ZMB,national,national,2007,1013.08567432637
ZMB,national,national,2008,1053.58612301068
ZMB,national,national,2009,1110.71918102486
ZMB,national,national,2010,1183.41712409199
ZMB,national,national,2011,1208.46424569634
ZMB,national,national,2012,1258.78938578996
ZMB,national,national,2013,1280.77012176778
ZMB,national,national,2014,1299.01241762504
ZMB,national,national,2015,1295.87788680068
ZMB,national,national,2016,1303.57513869133
ZMB,national,national,2017,1308.76829240086
ZMB,national,national,2018,1321.25045711573
ZMB,national,national,2019,1301.18132976178
ZMB,national,national,2020,1228.73500113195
ZMB,national,national,2021,1269.10821808895
ZMB,national,national,2022,1298.8480495593
ZMB,national,national,2023,1330.85998216751
ZMB,national,national,2024,1325.12814816797
ZMB,national,national,2025,1368.36791447342
ZMB,national,national,2026,1421.6258651368
ZMB,national,national,2027,1472.7352071725
ZMB,national,national,2028,1509.3363441814
ZMB,national,national,2029,1542.85887946868
ZMB,national,national,2030,1576.5583348287
ZWE,national,national,1960,1136.47127085805
ZWE,national,national,1961,1171.05203800967
ZWE,national,national,1962,1151.0788328245
ZWE,national,national,1963,1184.99899699303
ZWE,national,national,1964,1135.5056094232
ZWE,national,national,1965,1154.27107725284
ZWE,national,national,1966,1135.49484325682
ZWE,national,national,1967,1192.38410497335
ZWE,national,national,1968,1178.12910842312
ZWE,national,national,1969,1283.24326215818
ZWE,national,national,1970,1525.24499086181
ZWE,national,national,1971,1612.17868348534
ZWE,national,national,1972,1693.61550232852
ZWE,national,national,1973,1683.66943501132
ZWE,national,national,1974,1738.11537915866
ZWE,national,national,1975,1651.35208056141
ZWE,national,national,1976,1609.30120459705
ZWE,national,national,1977,1461.14780315799
ZWE,national,national,1978,1401.16042055375
ZWE,national,national,1979,1424.71763012991
ZWE,national,national,1980,1539.01307384678
ZWE,national,national,1981,1626.1619281116
ZWE,national,national,1982,1605.23660956789
ZWE,national,national,1983,1569.89269546597
ZWE,national,national,1984,1486.16439269174
ZWE,national,national,1985,1535.33572552354
ZWE,national,national,1986,1515.9484853641
ZWE,national,national,1987,1483.50575886295
ZWE,national,national,1988,1545.85497423912
ZWE,national,national,1989,1579.79623635923
ZWE,national,national,1990,1644.76971212984
ZWE,national,national,1991,1691.12400308824
ZWE,national,national,1992,1495.83463360423
ZWE,national,national,1993,1489.62921450639
ZWE,national,national,1994,1625.27489638828
ZWE,national,national,1995,1612.79519721935
ZWE,national,national,1996,1750.57993742626
ZWE,national,national,1997,1764.07413462982
ZWE,national,national,1998,1779.83287281089
ZWE,national,national,1999,1736.9388610477
ZWE,national,national,2000,1668.42629652647
ZWE,national,national,2001,1681.15753890747
ZWE,national,national,2002,1516.96797300533
ZWE,national,national,2003,1244.26624252479
ZWE,national,national,2004,1159.34533235308
ZWE,national,national,2005,1082.84189897767
ZWE,national,national,2006,1032.70126370387
ZWE,national,national,2007,981.948498265975
ZWE,national,national,2008,798.773288408642
ZWE,national,national,2009,882.279747653547
ZWE,national,national,2010,1054.39791499785
ZWE,national,national,2011,1187.31840676659
ZWE,national,national,2012,1352.13513611008
ZWE,national,national,2013,1375.85134222253
ZWE,national,national,2014,1377.25456014874
ZWE,national,national,2015,1386.42284717709
ZWE,national,national,2016,1379.62834257428
ZWE,national,national,2017,1415.35133209501
ZWE,national,national,2018,1464.31529361767
ZWE,national,national,2019,1350.30985088104
ZWE,national,national,2020,1224.27231433409
ZWE,national,national,2021,1305.22011277711
ZWE,national,national,2022,1361.91453034818
ZWE,national,national,2023,1410.7373112787
ZWE,national,national,2024,1407.06996250347
ZWE,national,national,2025,1463.65213202297
ZWE,national,national,2026,1502.37129279308
ZWE,national,national,2027,1527.53639805678
ZWE,national,national,2028,1547.65517057584
ZWE,national,national,2029,1569.01584069095
ZWE,national,national,2030,1590.37651334904